Film_title;Release_year;Director;Genres;Original_language;Average_rating;Runtime
The Fan;nan;Eckhart Schmidt;['Horror', 'Drama'];German;3.57;92
Mad Max: Fury Road;nan;George Miller;['Adventure', 'Science Fiction', 'Action'];English;4.18;121
Suspiria;nan;Dario Argento;['Horror'];English;3.93;99
Lost in Translation;nan;Sofia Coppola;['Drama', 'Comedy', 'Romance'];English;3.79;102
Akira;nan;Katsuhiro Otomo;['Animation', 'Action', 'Science Fiction'];Japanese;4.28;124
Things to Come;nan;Mia Hansen-Løve;['Drama'];French;3.77;102
Big Trouble in Little China;nan;John Carpenter;['Comedy', 'Adventure', 'Fantasy', 'Action'];English;3.72;100
Star Wars;nan;George Lucas;['Adventure', 'Action', 'Science Fiction'];English;4.17;121
The Third Man;nan;Carol Reed;['Mystery', 'Thriller'];English;4.25;105
The Big Sick;nan;Michael Showalter;['Drama', 'Comedy', 'Romance'];English;3.76;120
Jodorowsky's Dune;nan;Frank Pavich;['Documentary'];English;3.96;90
Get Out;nan;Jordan Peele;['Horror', 'Mystery', 'Thriller'];English;4.15;104
Lawrence of Arabia;nan;David Lean;['Adventure', 'War', 'History'];English;4.38;228
Free Fire;nan;Ben Wheatley;['Action', 'Crime', 'Mystery'];English;3.16;90
Sing Street;nan;John Carney;['Romance', 'Drama', 'Music', 'Comedy'];English;4.04;105
Up;nan;Pete Docter;['Animation', 'Adventure', 'Family', 'Comedy'];English;4.1;96
Blade Runner;nan;Ridley Scott;['Thriller', 'Drama', 'Science Fiction'];English;4.1;118
Annie Hall;nan;Woody Allen;['Drama', 'Romance', 'Comedy'];English;4.04;93
The Truman Show;nan;Peter Weir;['Comedy', 'Drama'];English;4.22;103
Wonder Woman;nan;Patty Jenkins;['Action', 'Fantasy', 'Adventure'];English;3.24;141
Plan 9 from Outer Space;nan;Edward D. Wood Jr.;['Science Fiction', 'Horror'];English;2.24;79
Whiplash;nan;Damien Chazelle;['Drama', 'Music'];English;4.42;107
Weird Science;nan;John Hughes;['Comedy', 'Science Fiction', 'Fantasy'];English;3.08;93
Raw;nan;Julia Ducournau;['Drama', 'Horror'];French;3.69;99
Army of Darkness;nan;Sam Raimi;['Comedy', 'Horror', 'Fantasy'];English;3.71;81
Obvious Child;nan;Gillian Robespierre;['Comedy', 'Romance'];English;3.52;85
Django Unchained;nan;Quentin Tarantino;['Drama', 'Western'];English;4.3;165
The Lost Boys;nan;Joel Schumacher;['Comedy', 'Thriller', 'Horror'];English;3.66;97
Star Trek II: The Wrath of Khan;nan;Nicholas Meyer;['Action', 'Thriller', 'Science Fiction', 'Adventure'];English;3.93;112
Stand by Me;nan;Rob Reiner;['Drama', 'Crime'];English;4.16;89
Drive;nan;Nicolas Winding Refn;['Thriller', 'Drama', 'Crime'];English;3.92;100
The Lion King;nan;Roger Allers, Rob Minkoff;['Animation', 'Family', 'Drama'];English;4.22;89
It Follows;nan;David Robert Mitchell;['Horror', 'Mystery'];English;3.45;101
The Goonies;nan;Richard Donner;['Adventure', 'Family', 'Comedy'];English;3.8;114
Ant-Man;nan;Peyton Reed;['Adventure', 'Science Fiction', 'Action'];English;3.22;117
Sicario;nan;Denis Villeneuve;['Action', 'Thriller', 'Crime'];English;3.98;122
Fantastic Planet;nan;René Laloux;['Animation', 'Science Fiction'];French;4.02;72
Ghostbusters;nan;Ivan Reitman;['Comedy', 'Fantasy'];English;3.75;107
Candy;nan;Christian Marquand;['Fantasy', 'Comedy', 'Adventure'];English;2.37;124
Scarface;nan;Howard Hawks;['Crime', 'Drama'];English;3.83;93
Donnie Darko;nan;Richard Kelly;['Fantasy', 'Mystery', 'Drama'];English;3.98;114
El Topo;nan;Alejandro Jodorowsky;['Western', 'Drama', 'Adventure'];Spanish;3.77;125
Okja;nan;Bong Joon Ho;['Drama', 'Science Fiction', 'Adventure'];English;3.71;122
My Neighbor Totoro;nan;Hayao Miyazaki;['Fantasy', 'Animation', 'Family'];Japanese;4.19;86
#Horror;nan;Tara Subkoff;['Thriller', 'Horror', 'Crime'];English;1.72;90
Breathless;nan;Jean-Luc Godard;['Crime', 'Drama'];French;3.92;90
Indiana Jones and the Temple of Doom;nan;Steven Spielberg;['Action', 'Adventure'];English;3.65;118
La Dolce Vita;nan;Federico Fellini;['Drama', 'Comedy'];Italian;4.27;176
Synecdoche, New York;nan;Charlie Kaufman;['Drama'];English;4.18;124
The King of Comedy;nan;Martin Scorsese;['Comedy', 'Drama'];English;4.24;109
A Ghost Story;nan;David Lowery;['Fantasy', 'Drama', 'Romance', 'Mystery'];English;3.77;93
Masters of the Universe;nan;Gary Goddard;['Thriller', 'Adventure', 'Fantasy', 'Action', 'Science Fiction'];English;2.51;106
The Iron Giant;nan;Brad Bird;['Science Fiction', 'Animation', 'Family', 'Adventure'];English;4.26;86
Moonlight;nan;Barry Jenkins;['Drama'];English;4.2;111
Pulp Fiction;nan;Quentin Tarantino;['Crime', 'Thriller'];English;4.25;154
The Fifth Element;nan;Luc Besson;['Action', 'Science Fiction', 'Adventure'];English;3.77;126
Top Gun;nan;Tony Scott;['Action', 'Drama'];English;3.43;110
Watchmen;nan;Zack Snyder;['Mystery', 'Science Fiction', 'Action'];English;3.66;163
Rushmore;nan;Wes Anderson;['Comedy', 'Drama'];English;3.9;93
Child's Play;nan;Tom Holland;['Horror'];English;3.33;87
The Lord of the Rings: The Fellowship of the Ring;nan;Peter Jackson;['Fantasy', 'Adventure', 'Action'];English;4.38;179
Heat;nan;Michael Mann;['Crime', 'Action', 'Drama'];English;4.28;170
Empire of the Sun;nan;Steven Spielberg;['History', 'War', 'Drama'];English;3.84;153
Boyz n the Hood;nan;John Singleton;['Drama', 'Crime'];English;4.05;112
Flash Gordon;nan;Mike Hodges;['Adventure', 'Science Fiction', 'Action'];English;3.24;111
Spring Breakers;nan;Harmony Korine;['Drama', 'Crime'];English;2.79;94
The Boxer's Omen;nan;Kuei Chih-Hung;['Fantasy', 'Action', 'Horror'];Cantonese;3.78;105
Her;nan;Spike Jonze;['Science Fiction', 'Drama', 'Romance'];English;3.99;126
Django;nan;Sergio Corbucci;['Action', 'Western'];Italian;3.8;93
Love;nan;Gaspar Noé;['Romance', 'Drama'];English;3.15;134
Possession;nan;Andrzej Żuławski;['Horror'];English;4.06;124
John Wick: Chapter 2;nan;Chad Stahelski;['Crime', 'Action', 'Thriller'];English;3.7;122
Pirates of the Caribbean: The Curse of the Black Pearl;nan;Gore Verbinski;['Fantasy', 'Adventure', 'Action'];English;3.95;143
The Raid;nan;Gareth Evans;['Crime', 'Action', 'Thriller'];Indonesian;4.02;101
The Beyond;nan;Lucio Fulci;['Horror'];Italian;3.52;88
Oldboy;nan;Park Chan-wook;['Thriller', 'Mystery', 'Drama', 'Action'];Korean;4.38;120
Kingsman: The Secret Service;nan;Matthew Vaughn;['Comedy', 'Crime', 'Adventure', 'Action'];English;3.74;129
Prometheus;nan;Ridley Scott;['Science Fiction', 'Horror', 'Adventure', 'Mystery'];English;3.29;124
Groundhog Day;nan;Harold Ramis;['Comedy', 'Drama', 'Fantasy', 'Romance'];English;3.82;101
Batman Returns;nan;Tim Burton;['Fantasy', 'Action'];English;3.58;126
Spirited Away;nan;Hayao Miyazaki;['Family', 'Fantasy', 'Animation'];Japanese;4.45;125
American Psycho;nan;Mary Harron;['Crime', 'Thriller', 'Horror', 'Drama'];English;3.82;102
Pinocchio;nan;Hamilton Luske, Ben Sharpsteen;['Animation', 'Fantasy', 'Family'];English;3.48;88
Avengers: Age of Ultron;nan;Joss Whedon;['Action', 'Adventure', 'Science Fiction'];English;3.15;141
Baby Driver;nan;Edgar Wright;['Crime', 'Action'];English;3.71;113
The Fly;nan;David Cronenberg;['Science Fiction', 'Horror'];English;3.99;96
Birdman or (The Unexpected Virtue of Ignorance);nan;Alejandro González Iñárritu;['Drama', 'Comedy'];English;4.0;120
Casino Royale;nan;Martin Campbell;['Thriller', 'Action', 'Adventure'];English;4.02;144
La La Land;nan;Damien Chazelle;['Drama', 'Comedy', 'Music', 'Romance'];English;4.12;129
Masterminds;nan;Jared Hess;['Action', 'Crime', 'Comedy'];English;2.62;95
Ferris Bueller's Day Off;nan;John Hughes;['Comedy'];English;3.94;103
The Edge of Seventeen;nan;Kelly Fremon Craig;['Drama', 'Comedy'];English;3.52;105
28 Days Later;nan;Danny Boyle;['Horror', 'Science Fiction', 'Thriller'];English;3.77;113
The Lobster;nan;Yorgos Lanthimos;['Drama', 'Comedy', 'Romance'];English;3.76;119
Suicide Squad;nan;David Ayer;['Adventure', 'Action', 'Fantasy'];English;2.15;122
Greed;nan;Erich von Stroheim;['Crime', 'Drama'];No spoken language;4.02;140
Videodrome;nan;David Cronenberg;['Mystery', 'Science Fiction', 'Horror'];English;3.88;88
The Bling Ring;nan;Sofia Coppola;['Drama', 'Crime'];English;2.94;90
Ex Machina;nan;Alex Garland;['Science Fiction', 'Drama'];English;3.98;108
The Empire Strikes Back;nan;Irvin Kershner;['Action', 'Science Fiction', 'Adventure'];English;4.4;124
Green Room;nan;Jeremy Saulnier;['Thriller', 'Horror', 'Crime'];English;3.65;95
Bram Stoker's Dracula;nan;Francis Ford Coppola;['Horror', 'Romance'];English;3.71;128
The Love Witch;nan;Anna Biller;['Romance', 'Horror', 'Comedy'];English;3.5;121
Mean Streets;nan;Martin Scorsese;['Drama', 'Crime'];English;3.72;111
Don't Breathe;nan;Fede Álvarez;['Thriller', 'Horror'];English;3.32;89
Clash of the Titans;nan;Desmond Davis;['Action', 'Fantasy', 'Adventure'];English;3.36;118
Ghost in the Shell;nan;Rupert Sanders;['Drama', 'Action', 'Science Fiction'];English;2.6;107
Halloween;nan;John Carpenter;['Horror', 'Thriller'];English;3.78;91
La Haine;nan;Mathieu Kassovitz;['Drama'];French;4.51;98
Peter Pan;nan;Clyde Geronimi, Wilfred Jackson;['Fantasy', 'Animation', 'Family', 'Adventure'];English;3.51;77
Rififi;nan;Jules Dassin;['Crime', 'Drama', 'Thriller'];French;4.26;118
Ingrid Goes West;nan;Matt Spicer;['Comedy', 'Drama'];English;3.33;97
The Dark Crystal;nan;Jim Henson, Frank Oz;['Fantasy', 'Adventure', 'Family'];English;3.69;93
Inherent Vice;nan;Paul Thomas Anderson;['Comedy', 'Drama', 'Mystery'];English;3.62;149
Solaris;nan;Andrei Tarkovsky;['Mystery', 'Science Fiction', 'Drama'];Russian;4.23;167
Come and See;nan;Elem Klimov;['War', 'Drama'];Russian;4.63;142
The Evil Dead;nan;Sam Raimi;['Horror'];English;3.66;85
Star Trek Beyond;nan;Justin Lin;['Action', 'Science Fiction', 'Adventure'];English;3.27;122
Lost River;nan;Ryan Gosling;['Thriller', 'Fantasy', 'Drama'];English;3.1;95
The Neon Demon;nan;Nicolas Winding Refn;['Thriller', 'Horror'];English;3.15;118
Kong: Skull Island;nan;Jordan Vogt-Roberts;['Action', 'Adventure', 'Fantasy'];English;3.09;118
Apocalypse Now;nan;Francis Ford Coppola;['Drama', 'War'];English;4.44;147
The Little Mermaid;nan;Ron Clements, John Musker;['Family', 'Animation', 'Fantasy'];English;3.69;83
Creed;nan;Ryan Coogler;['Action', 'Drama'];English;3.8;133
Point Blank;nan;John Boorman;['Crime', 'Drama', 'Thriller'];English;3.91;91
Boogie Nights;nan;Paul Thomas Anderson;['Drama'];English;4.21;156
Hard Target;nan;John Woo;['Crime', 'Thriller', 'Action', 'Adventure'];English;3.31;97
Wet Hot American Summer;nan;David Wain;['Comedy'];English;3.54;97
The Lego Movie;nan;Phil Lord, Christopher Miller;['Family', 'Animation', 'Adventure', 'Fantasy', 'Comedy'];English;3.81;100
Jaws;nan;Steven Spielberg;['Adventure', 'Thriller', 'Horror'];English;3.94;124
Attack the Block;nan;Joe Cornish;['Science Fiction', 'Action', 'Comedy'];English;3.58;88
Ghostbusters II;nan;Ivan Reitman;['Fantasy', 'Comedy'];English;3.17;108
Captain America: Civil War;nan;Joe Russo, Anthony Russo;['Action', 'Science Fiction', 'Adventure'];English;3.6;147
Terminator 2: Judgment Day;nan;James Cameron;['Thriller', 'Action', 'Science Fiction'];English;4.29;137
The Haunting;nan;Robert Wise;['Horror'];English;3.78;112
Escape from Tomorrow;nan;Randy Moore;['Fantasy', 'Horror'];English;2.32;90
The Dark Knight;nan;Christopher Nolan;['Action', 'Drama', 'Thriller', 'Crime'];English;4.48;152
House;nan;Nobuhiko Obayashi;['Comedy', 'Fantasy', 'Horror'];Japanese;4.0;88
Everything Is Illuminated;nan;Liev Schreiber;['Drama', 'Comedy'];English;3.67;106
Fear and Loathing in Las Vegas;nan;Terry Gilliam;['Drama', 'Comedy', 'Adventure'];English;3.78;118
Deliverance;nan;John Boorman;['Thriller', 'Drama', 'Adventure'];English;3.87;109
Kill Bill: Vol. 1;nan;Quentin Tarantino;['Crime', 'Action'];English;4.2;111
Rear Window;nan;Alfred Hitchcock;['Mystery', 'Thriller'];English;4.37;112
Shame;nan;Steve McQueen;['Drama'];English;3.79;102
Big;nan;Penny Marshall;['Drama', 'Comedy', 'Fantasy', 'Romance', 'Family'];English;3.6;104
Gone with the Wind;nan;Victor Fleming;['Romance', 'Drama', 'War'];English;3.85;233
Warm Bodies;nan;Jonathan Levine;['Horror', 'Romance', 'Comedy'];English;2.92;97
Peppermint Soda;nan;Diane Kurys;['Drama', 'Comedy'];French;3.86;101
The Hobbit: An Unexpected Journey;nan;Peter Jackson;['Fantasy', 'Action', 'Adventure'];English;3.52;169
Moana;nan;Ron Clements, John Musker;['Animation', 'Adventure', 'Family', 'Comedy'];English;3.72;107
Wayne's World;nan;Penelope Spheeris;['Music', 'Comedy'];English;3.55;95
Ghost in the Shell;nan;Mamoru Oshii;['Animation', 'Science Fiction', 'Action'];Japanese;4.09;83
Sleeping with Other People;nan;Leslye Headland;['Romance', 'Comedy'];English;3.35;100
Blade;nan;Stephen Norrington;['Action', 'Horror'];English;3.46;121
Clueless;nan;Amy Heckerling;['Comedy', 'Romance'];English;3.72;97
Robin Hood;nan;Wolfgang Reitherman;['Animation', 'Adventure', 'Family'];English;3.72;83
Memento;nan;Christopher Nolan;['Mystery', 'Thriller'];English;4.17;113
Death Note;nan;Adam Wingard;['Crime', 'Horror', 'Fantasy'];English;1.49;101
Enemy;nan;Denis Villeneuve;['Mystery', 'Thriller'];English;3.61;91
Evil Dead II;nan;Sam Raimi;['Horror', 'Comedy', 'Fantasy'];English;4.02;84
Die Hard;nan;John McTiernan;['Thriller', 'Action'];English;4.06;132
Beetlejuice;nan;Tim Burton;['Fantasy', 'Comedy'];English;3.74;92
X-Men: Days of Future Past;nan;Bryan Singer;['Adventure', 'Action', 'Science Fiction'];English;3.67;132
Dunkirk;nan;Christopher Nolan;['Action', 'Drama', 'War'];English;3.77;107
Back to the Future Part II;nan;Robert Zemeckis;['Comedy', 'Science Fiction', 'Adventure'];English;3.88;108
Hail, Caesar!;nan;Joel Coen, Ethan Coen;['Crime', 'Comedy', 'Drama', 'Mystery'];English;3.26;106
Let the Right One In;nan;Tomas Alfredson;['Horror', 'Drama'];Swedish;4.04;115
Almost Famous;nan;Cameron Crowe;['Drama', 'Music'];English;4.06;124
Hunt for the Wilderpeople;nan;Taika Waititi;['Comedy', 'Drama', 'Adventure'];English;4.07;101
Black Mirror: San Junipero;nan;Owen Harris;['Thriller', 'TV Movie', 'Science Fiction', 'Drama'];English;4.14;61
They Live;nan;John Carpenter;['Action', 'Science Fiction'];English;3.77;93
Airplane!;nan;Jerry Zucker, David Zucker;['Comedy'];English;3.84;88
Saving Private Ryan;nan;Steven Spielberg;['History', 'Drama', 'War'];English;4.24;169
Hercules;nan;Ron Clements, John Musker;['Animation', 'Adventure', 'Romance', 'Comedy', 'Fantasy', 'Family'];English;3.82;93
The Fog;nan;John Carpenter;['Horror'];English;3.46;90
Grave of the Fireflies;nan;Isao Takahata;['War', 'Drama', 'Animation'];Japanese;4.47;89
Valerian and the City of a Thousand Planets;nan;Luc Besson;['Action', 'Adventure', 'Science Fiction'];English;2.66;137
The Wicker Man;nan;Robin Hardy;['Horror'];English;3.97;93
Death Proof;nan;Quentin Tarantino;['Thriller', 'Action'];English;3.58;113
The Room;nan;Tommy Wiseau;['Romance', 'Drama'];English;2.61;99
Life of Brian;nan;Terry Jones;['Comedy'];English;3.99;94
Fences;nan;Denzel Washington;['Drama'];English;3.62;139
Predator;nan;John McTiernan;['Thriller', 'Science Fiction', 'Adventure', 'Action'];English;3.78;107
Breakfast at Tiffany's;nan;Blake Edwards;['Romance', 'Comedy', 'Drama'];English;3.78;115
Funny Games;nan;Michael Haneke;['Thriller', 'Horror', 'Drama'];German;3.93;109
Labyrinth;nan;Jim Henson;['Fantasy', 'Adventure', 'Family'];English;3.73;102
The Act of Killing;nan;Joshua Oppenheimer;['Documentary'];Indonesian;4.39;117
Crumb;nan;Terry Zwigoff;['Documentary'];English;4.17;120
The Naked Gun: From the Files of Police Squad!;nan;David Zucker;['Crime', 'Comedy'];English;3.77;86
A Nightmare on Elm Street;nan;Wes Craven;['Horror'];English;3.72;91
Pretty Woman;nan;Garry Marshall;['Romance', 'Comedy'];English;3.67;120
Escape from New York;nan;John Carpenter;['Action', 'Science Fiction'];English;3.64;99
Dirty Dancing;nan;Emile Ardolino;['Drama', 'Romance', 'Music'];English;3.69;100
Mad Max 2;nan;George Miller;['Action', 'Adventure', 'Science Fiction', 'Thriller'];English;3.89;96
American Beauty;nan;Sam Mendes;['Drama'];English;3.95;122
The Babadook;nan;Jennifer Kent;['Drama', 'Horror'];English;3.35;94
Black Mass;nan;Scott Cooper;['History', 'Drama', 'Crime'];English;3.11;123
A Trip to the Moon;nan;Georges Méliès;['Science Fiction', 'Adventure'];No spoken language;3.98;15
Atomic Blonde;nan;David Leitch;['Thriller', 'Adventure', 'Action'];English;3.28;115
Grease;nan;Randal Kleiser;['Comedy', 'Romance'];English;3.53;110
Magnolia;nan;Paul Thomas Anderson;['Drama'];English;4.22;189
The Great Gatsby;nan;Jack Clayton;['Romance', 'Drama'];English;3.19;144
Rogue One: A Star Wars Story;nan;Gareth Edwards;['Adventure', 'Science Fiction', 'Action'];English;3.75;133
Misery;nan;Rob Reiner;['Horror', 'Drama', 'Thriller'];English;3.98;107
Neon Genesis Evangelion: The End of Evangelion;nan;Hideaki Anno, Kazuya Tsurumaki;['Science Fiction', 'Drama', 'Action', 'Animation'];Japanese;4.47;87
Audition;nan;Takashi Miike;['Drama', 'Horror'];Japanese;3.81;115
The Hunt;nan;Thomas Vinterberg;['Drama'];Danish;4.28;116
The NeverEnding Story;nan;Wolfgang Petersen;['Fantasy', 'Drama', 'Family', 'Adventure'];English;3.59;102
The Seventh Seal;nan;Ingmar Bergman;['Fantasy', 'Drama'];Swedish;4.34;96
Life;nan;Daniel Espinosa;['Science Fiction', 'Thriller', 'Horror', 'Mystery'];English;3.04;104
Taxi Driver;nan;Martin Scorsese;['Drama', 'Crime'];English;4.14;114
Batman: Mask of the Phantasm;nan;Bruce Timm, Eric Radomski;['Drama', 'Action', 'Mystery', 'Animation', 'Crime'];English;4.03;76
Hush;nan;Mike Flanagan;['Thriller', 'Horror'];English;3.22;82
Metropolis;nan;Fritz Lang;['Drama', 'Science Fiction'];No spoken language;4.25;153
Ace Ventura: Pet Detective;nan;Tom Shadyac;['Crime', 'Comedy', 'Mystery', 'Adventure'];English;3.2;86
Gone Girl;nan;David Fincher;['Drama', 'Thriller', 'Mystery'];English;4.07;149
Paprika;nan;Satoshi Kon;['Animation', 'Thriller', 'Science Fiction'];Japanese;4.09;90
Alien: Covenant;nan;Ridley Scott;['Science Fiction', 'Thriller', 'Horror'];English;3.04;122
Blue Ruin;nan;Jeremy Saulnier;['Thriller', 'Crime'];English;3.73;91
Gravity;nan;Alfonso Cuarón;['Thriller', 'Drama', 'Science Fiction'];English;3.51;91
Office Space;nan;Mike Judge;['Comedy'];English;3.73;90
Coherence;nan;James Ward Byrkit;['Science Fiction', 'Thriller'];English;3.74;89
The Rocky Horror Picture Show;nan;Jim Sharman;['Science Fiction', 'Fantasy', 'Horror', 'Comedy'];English;4.03;100
Like Crazy;nan;Drake Doremus;['Romance', 'Drama'];English;3.3;90
The Young and the Damned;nan;Luis Buñuel;['Drama', 'Crime'];Spanish;4.2;82
The Dark Knight Rises;nan;Christopher Nolan;['Thriller', 'Drama', 'Crime', 'Action'];English;3.77;165
Raising Arizona;nan;Joel Coen;['Crime', 'Comedy'];English;3.87;94
Star Trek Into Darkness;nan;J.J. Abrams;['Science Fiction', 'Action', 'Adventure'];English;3.35;132
Primer;nan;Shane Carruth;['Science Fiction', 'Drama', 'Thriller'];English;3.6;77
Doctor Strange;nan;Scott Derrickson;['Action', 'Adventure', 'Fantasy'];English;3.46;115
South Park: Bigger, Longer & Uncut;nan;Trey Parker;['Animation', 'Comedy'];English;3.84;81
World War Z;nan;Marc Forster;['Horror', 'Action', 'Thriller', 'Science Fiction'];English;3.16;116
Shogun Assassin;nan;Robert Houston, Kenji Misumi;['Adventure', 'Action'];English;3.73;85
Source Code;nan;Duncan Jones;['Mystery', 'Science Fiction', 'Thriller'];English;3.47;93
Logan's Run;nan;Michael Anderson;['Action', 'Science Fiction'];English;3.3;119
Friday;nan;F. Gary Gray;['Comedy'];English;3.57;91
THX 1138;nan;George Lucas;['Drama', 'Science Fiction', 'Action'];English;3.4;86
The Gunfighter;nan;Henry King;['Western'];English;3.97;85
Logan;nan;James Mangold;['Drama', 'Science Fiction', 'Action'];English;4.12;137
Inside Out;nan;Pete Docter;['Comedy', 'Family', 'Animation', 'Adventure', 'Drama'];English;3.84;95
[REC];nan;Jaume Balagueró, Paco Plaza;['Horror', 'Mystery'];Spanish;3.68;78
Vertigo;nan;Alfred Hitchcock;['Romance', 'Thriller', 'Mystery'];English;4.23;128
Wizards;nan;Ralph Bakshi;['Fantasy', 'Animation', 'Science Fiction'];English;3.35;80
Interstellar;nan;Christopher Nolan;['Science Fiction', 'Drama', 'Adventure'];English;4.41;169
The Way Way Back;nan;Nat Faxon, Jim Rash;['Drama', 'Comedy'];English;3.66;103
Spider-Man: Homecoming;nan;Jon Watts;['Action', 'Drama', 'Adventure', 'Science Fiction'];English;3.47;133
Aliens;nan;James Cameron;['Science Fiction', 'Horror', 'Thriller', 'Action'];English;4.12;137
Titanic;nan;James Cameron;['Drama', 'Romance'];English;3.82;194
Night of the Living Dead;nan;George A. Romero;['Thriller', 'Horror'];English;3.96;96
Dope;nan;Rick Famuyiwa;['Drama', 'Crime', 'Comedy'];English;3.51;103
Raiders of the Lost Ark;nan;Steven Spielberg;['Adventure', 'Action'];English;4.16;115
Big Hero 6;nan;Don Hall, Chris Williams;['Animation', 'Comedy', 'Action', 'Family', 'Adventure'];English;3.81;102
No Country for Old Men;nan;Joel Coen, Ethan Coen;['Crime', 'Thriller', 'Drama'];English;4.32;122
The Perks of Being a Wallflower;nan;Stephen Chbosky;['Drama'];English;3.96;103
Pirates of the Caribbean: Dead Men Tell No Tales;nan;Espen Sandberg, Joachim Rønning;['Action', 'Fantasy', 'Adventure'];English;2.69;129
Paper Towns;nan;Jake Schreier;['Drama', 'Mystery', 'Romance'];English;2.43;109
12 Angry Men;nan;Sidney Lumet;['Drama'];English;4.63;97
Ghostbusters;nan;Paul Feig;['Fantasy', 'Action', 'Comedy'];English;2.32;117
The Shawshank Redemption;nan;Frank Darabont;['Crime', 'Drama'];English;4.57;142
The Lego Batman Movie;nan;Chris McKay;['Comedy', 'Animation', 'Family', 'Action'];English;3.88;104
Scary Movie;nan;Keenen Ivory Wayans;['Comedy'];English;3.14;88
Brother Bear;nan;Aaron Blaise, Robert Walker;['Animation', 'Family', 'Adventure'];English;3.73;85
Nocturnal Animals;nan;Tom Ford;['Drama', 'Thriller'];English;3.71;117
Air Force One;nan;Wolfgang Petersen;['Thriller', 'Action'];English;3.22;124
Superman;nan;Richard Donner;['Action', 'Adventure', 'Science Fiction'];English;3.7;143
Fight Club;nan;David Fincher;['Drama'];English;4.27;139
The Lord of the Rings;nan;Ralph Bakshi;['Fantasy', 'Adventure', 'Animation'];English;3.18;132
Requiem for a Dream;nan;Darren Aronofsky;['Drama', 'Crime'];English;4.1;102
Singin' in the Rain;nan;Stanley Donen, Gene Kelly;['Romance', 'Comedy'];English;4.34;103
Starship Troopers;nan;Paul Verhoeven;['Adventure', 'Thriller', 'Action', 'Science Fiction'];English;3.83;129
Scott Pilgrim vs. the World;nan;Edgar Wright;['Comedy', 'Romance', 'Action'];English;3.88;113
All Eyez on Me;nan;Benny Boom;['Drama', 'Music', 'History'];English;2.68;139
Boyhood;nan;Richard Linklater;['Drama'];English;3.83;166
Power Rangers;nan;Dean Israelite;['Adventure', 'Action', 'Science Fiction'];English;2.5;124
Me and Earl and the Dying Girl;nan;Alfonso Gomez-Rejon;['Comedy', 'Drama'];English;3.84;105
American Sniper;nan;Clint Eastwood;['Action', 'War'];English;3.36;133
The Great Gatsby;nan;Baz Luhrmann;['Romance', 'Drama'];English;3.42;143
Kill Bill: Vol. 2;nan;Quentin Tarantino;['Thriller', 'Action', 'Crime'];English;4.08;136
(500) Days of Summer;nan;Marc Webb;['Romance', 'Comedy', 'Drama'];English;3.67;95
The Texas Chain Saw Massacre;nan;Tobe Hooper;['Horror'];English;3.82;83
Howl's Moving Castle;nan;Hayao Miyazaki;['Fantasy', 'Adventure', 'Animation'];Japanese;4.34;119
Friday the 13th;nan;Sean S. Cunningham;['Horror'];English;3.0;95
Gold;nan;Stephen Gaghan;['Drama', 'Adventure', 'Thriller'];English;3.09;121
The Terminator;nan;James Cameron;['Thriller', 'Action', 'Science Fiction'];English;3.89;108
They Call Me Macho Woman;nan;Patrick G. Donahue;['Action', 'Thriller'];English;3.06;81
Dazed and Confused;nan;Richard Linklater;['Drama', 'Comedy'];English;3.93;102
Life of Pi;nan;Ang Lee;['Drama', 'Adventure'];English;3.73;127
An American Werewolf in London;nan;John Landis;['Comedy', 'Horror'];English;3.84;97
The Jungle Book;nan;Jon Favreau;['Family', 'Fantasy', 'Drama', 'Adventure'];English;3.19;106
The Accountant;nan;Gavin O'Connor;['Crime', 'Drama', 'Thriller'];English;3.29;128
Harry Potter and the Deathly Hallows: Part 2;nan;David Yates;['Fantasy', 'Adventure'];English;3.99;130
True Grit;nan;Ethan Coen, Joel Coen;['Drama', 'Western', 'Adventure'];English;3.82;110
Empire of Dreams: The Story of the Star Wars Trilogy;nan;Edith Becker, Kevin Burns;['Documentary'];English;3.98;151
Easy Rider;nan;Dennis Hopper;['Adventure', 'Drama'];English;3.76;95
Avatar;nan;James Cameron;['Fantasy', 'Science Fiction', 'Adventure', 'Action'];English;3.64;162
John Wick;nan;Chad Stahelski;['Action', 'Thriller'];English;3.82;101
The Wizard of Oz;nan;Victor Fleming;['Adventure', 'Family', 'Fantasy'];English;3.95;102
Pet Sematary;nan;Mary Lambert;['Fantasy', 'Horror', 'Drama', 'Thriller'];English;3.23;102
Brokeback Mountain;nan;Ang Lee;['Romance', 'Drama'];English;4.13;134
Naked Lunch;nan;David Cronenberg;['Crime', 'Drama'];English;3.74;115
Columbus;nan;Kogonada;['Drama'];English;3.97;104
Lara Croft: Tomb Raider;nan;Simon West;['Adventure', 'Action', 'Fantasy', 'Thriller'];English;2.66;100
Blue Is the Warmest Color;nan;Abdellatif Kechiche;['Drama', 'Romance'];French;3.24;180
Salem's Lot;nan;Tobe Hooper;['Mystery', 'Horror'];English;3.27;184
The Place Beyond the Pines;nan;Derek Cianfrance;['Drama', 'Crime'];English;3.79;140
Super Mario Bros.;nan;Annabel Jankel, Rocky Morton;['Family', 'Adventure', 'Comedy', 'Fantasy'];English;2.11;104
Eraserhead;nan;David Lynch;['Fantasy', 'Horror'];English;3.85;89
X-Men;nan;Bryan Singer;['Science Fiction', 'Action', 'Adventure'];English;3.33;104
Dracula;nan;Tod Browning;['Horror'];English;3.56;74
Toy Story 2;nan;John Lasseter;['Family', 'Animation', 'Comedy'];English;3.93;92
Being John Malkovich;nan;Spike Jonze;['Comedy', 'Fantasy', 'Drama'];English;4.07;113
Con Air;nan;Simon West;['Action', 'Thriller', 'Crime'];English;3.43;116
Muppets from Space;nan;Tim Hill;['Family', 'Comedy', 'Science Fiction', 'Fantasy'];English;3.35;88
True Lies;nan;James Cameron;['Thriller', 'Action'];English;3.59;140
Across the Universe;nan;Julie Taymor;['Romance', 'Fantasy', 'Drama'];English;3.48;133
Creepshow;nan;George A. Romero;['Comedy', 'Horror'];English;3.55;120
American Honey;nan;Andrea Arnold;['Drama'];English;3.77;163
It;nan;Tommy Lee Wallace;['Drama', 'Horror', 'Mystery'];English;3.21;192
Good Morning;nan;Yasujirō Ozu;['Family', 'Drama', 'Comedy'];Japanese;4.2;94
The Holy Mountain;nan;Alejandro Jodorowsky;['Drama'];Spanish;4.15;113
From Up on Poppy Hill;nan;Goro Miyazaki;['Animation', 'Drama'];Japanese;3.72;91
Mr. & Mrs. Smith;nan;Alfred Hitchcock;['Comedy', 'Romance'];English;3.11;95
Juice;nan;Ernest R. Dickerson;['Action', 'Drama', 'Crime', 'Thriller'];English;3.57;96
Tiger Girl;nan;Jakob Lass;['Action'];German;3.07;90
Patti Cake$;nan;Geremy Jasper;['Music', 'Drama'];English;3.47;108
Jurassic Park;nan;Steven Spielberg;['Science Fiction', 'Adventure'];English;4.11;127
Showgirls;nan;Paul Verhoeven;['Drama'];English;3.38;131
Harry Potter and the Goblet of Fire;nan;Mike Newell;['Adventure', 'Fantasy'];English;3.85;157
The Golden Compass;nan;Chris Weitz;['Fantasy', 'Adventure'];English;2.67;113
The Godfather Part II;nan;Francis Ford Coppola;['Crime', 'Drama'];English;4.59;202
Troll 2;nan;Claudio Fragasso;['Fantasy', 'Horror'];English;2.35;95
The 13th Warrior;nan;John McTiernan;['History', 'Action', 'Adventure'];English;3.11;102
Frankenstein;nan;James Whale;['Science Fiction', 'Horror', 'Drama'];English;3.81;70
12 Years a Slave;nan;Steve McQueen;['History', 'Drama'];English;4.15;134
Alice in Wonderland;nan;Clyde Geronimi, Wilfred Jackson;['Fantasy', 'Animation', 'Family', 'Adventure'];English;3.77;75
The Bourne Ultimatum;nan;Paul Greengrass;['Action', 'Mystery', 'Drama', 'Thriller'];English;3.72;115
The Boy in the Striped Pyjamas;nan;Mark Herman;['War', 'History', 'Drama'];English;3.65;94
Willy Wonka & the Chocolate Factory;nan;Mel Stuart;['Comedy', 'Family', 'Fantasy'];English;3.8;99
Catch Me If You Can;nan;Steven Spielberg;['Drama', 'Crime'];English;4.04;141
Class of Nuke 'Em High;nan;Lloyd Kaufman, Richard W. Haines;['Science Fiction', 'Horror', 'Thriller', 'Comedy'];English;3.03;85
Conan the Barbarian;nan;John Milius;['Fantasy', 'Action', 'Adventure'];English;3.47;129
Notorious;nan;George Tillman Jr.;['Drama', 'Music', 'History'];English;3.12;122
Willow;nan;Ron Howard;['Action', 'Fantasy', 'Adventure'];English;3.42;126
True Grit;nan;Henry Hathaway;['Western'];English;3.65;128
Flags of Our Fathers;nan;Clint Eastwood;['Drama', 'History', 'War'];English;3.43;135
The Notebook;nan;Nick Cassavetes;['Romance', 'Drama'];English;3.82;123
Justice League: Throne of Atlantis;nan;Ethan Spaulding;['Adventure', 'Science Fiction', 'Animation', 'Action'];English;2.91;72
Die Hard 2;nan;Renny Harlin;['Thriller', 'Action'];English;3.33;124
Election;nan;Alexander Payne;['Drama', 'Comedy', 'Mystery', 'Romance'];English;3.8;103
Kung Fury;nan;David Sandberg;['Science Fiction', 'Comedy', 'Fantasy', 'Action'];English;3.59;32
A Clockwork Orange;nan;Stanley Kubrick;['Science Fiction', 'Crime'];English;4.11;137
Finding Dory;nan;Andrew Stanton;['Adventure', 'Comedy', 'Animation', 'Family'];English;3.26;97
District 9;nan;Neill Blomkamp;['Science Fiction'];English;3.81;112
Do the Right Thing;nan;Spike Lee;['Drama'];English;4.4;120
Buffy the Vampire Slayer;nan;Fran Rubel Kuzui;['Action', 'Comedy', 'Horror'];English;2.8;86
Race for the Yankee Zephyr;nan;David Hemmings;['Action', 'Adventure'];English;3.13;108
The Hunger Games: Mockingjay – Part 2;nan;Francis Lawrence;['Adventure', 'Action', 'Science Fiction'];English;3.38;137
Day of the Dead;nan;George A. Romero;['Mystery', 'Horror', 'Drama'];English;3.77;101
Timeline;nan;Richard Donner;['Science Fiction', 'Adventure', 'Action'];English;2.62;116
Batman;nan;Leslie H. Martinson;['Comedy', 'Crime', 'Action'];English;3.32;105
The Italian Job;nan;Peter Collinson;['Comedy', 'Crime', 'Action', 'Thriller'];English;3.53;99
The Muppets Take Manhattan;nan;Frank Oz;['Family', 'Romance', 'Comedy'];English;3.56;94
Friday the 13th: The Final Chapter;nan;Joseph Zito;['Horror', 'Thriller'];English;3.11;91
Princess Mononoke;nan;Hayao Miyazaki;['Adventure', 'Fantasy', 'Animation'];Japanese;4.38;134
The Firm;nan;Nick Love;['Drama'];English;2.9;90
Little Shop of Horrors;nan;Frank Oz;['Horror', 'Comedy'];English;3.86;94
Cross of Iron;nan;Sam Peckinpah;['Action', 'History', 'War', 'Drama'];English;3.77;132
The Three Musketeers;nan;Paul W. S. Anderson;['Action', 'Adventure', 'Thriller'];English;2.47;110
Triple 9;nan;John Hillcoat;['Thriller', 'Crime', 'Action', 'Adventure'];English;2.84;115
O.J.: Made in America;nan;Ezra Edelman;['Documentary', 'Crime', 'History'];English;4.47;467
The Exorcist;nan;William Friedkin;['Horror'];English;3.97;122
Samurai Cop;nan;Amir Shervan;['Thriller', 'Crime', 'Comedy', 'Action'];English;2.53;96
Island of Terror;nan;Terence Fisher;['Horror', 'Science Fiction'];English;3.01;89
Pusher II;nan;Nicolas Winding Refn;['Drama', 'Action', 'Crime'];Danish;3.97;100
The Illusionist;nan;Neil Burger;['Thriller', 'Romance', 'Drama', 'Fantasy'];English;3.42;110
Face/Off;nan;John Woo;['Crime', 'Action', 'Science Fiction'];English;3.55;139
Ator, the Fighting Eagle;nan;Joe D'Amato;['Action', 'Adventure', 'Fantasy'];Italian;2.06;98
Psycho Beach Party;nan;Robert Lee King;['Horror', 'Comedy'];English;3.28;96
RoboCop;nan;Paul Verhoeven;['Action', 'Science Fiction', 'Thriller'];English;3.91;102
Mr. & Mrs. Smith;nan;Doug Liman;['Thriller', 'Drama', 'Action', 'Comedy'];English;3.26;119
From Dusk Till Dawn;nan;Robert Rodriguez;['Crime', 'Action', 'Thriller', 'Horror'];English;3.52;108
Lady and the Tramp;nan;Hamilton Luske, Wilfred Jackson;['Romance', 'Family', 'Animation'];English;3.56;76
Blastfighter;nan;Lamberto Bava;['Drama', 'Crime', 'Action'];English;3.05;87
Snowpiercer;nan;Bong Joon Ho;['Drama', 'Science Fiction', 'Action'];English;3.68;127
Turkish Delight;nan;Paul Verhoeven;['Drama', 'Romance'];Dutch;3.69;108
Star Wars: Episode I – The Phantom Menace;nan;George Lucas;['Action', 'Science Fiction', 'Adventure'];English;3.0;136
Pineapple Express;nan;David Gordon Green;['Comedy', 'Crime', 'Action'];English;3.32;111
Gremlins 2: The New Batch;nan;Joe Dante;['Comedy', 'Fantasy', 'Horror'];English;3.5;106
Captain America: The First Avenger;nan;Joe Johnston;['Science Fiction', 'Action', 'Adventure'];English;3.3;124
Noah;nan;Darren Aronofsky;['Drama', 'Adventure'];English;2.56;138
Speed;nan;Jan de Bont;['Thriller', 'Action'];English;3.68;116
The Inglorious Bastards;nan;Enzo G. Castellari;['War', 'Adventure', 'Action'];Italian;3.38;99
Aladdin;nan;John Musker, Ron Clements;['Adventure', 'Romance', 'Family', 'Fantasy', 'Animation'];English;3.89;95
Total Recall;nan;Paul Verhoeven;['Action', 'Science Fiction', 'Adventure'];English;3.82;113
Captain Phillips;nan;Paul Greengrass;['Action', 'Drama', 'Thriller'];English;3.76;134
Small Soldiers;nan;Joe Dante;['Fantasy', 'Science Fiction', 'Comedy', 'Adventure', 'Action'];English;3.26;110
Entourage;nan;Doug Ellin;['Comedy', 'Drama'];English;2.8;104
Children of Men;nan;Alfonso Cuarón;['Action', 'Drama', 'Science Fiction', 'Thriller'];English;4.3;109
How to Train Your Dragon;nan;Dean DeBlois, Chris Sanders;['Fantasy', 'Family', 'Adventure', 'Animation'];English;4.07;98
Krull;nan;Peter Yates;['Science Fiction', 'Action', 'Adventure', 'Fantasy'];English;2.99;121
My Own Private Idaho;nan;Gus Van Sant;['Drama'];English;3.86;104
The Lego Ninjago Movie;nan;Charlie Bean, Bob Logan;['Adventure', 'Action', 'Comedy', 'Animation', 'Family'];English;3.03;101
Trainspotting;nan;Danny Boyle;['Drama', 'Crime'];English;4.21;94
Batman: Return of the Caped Crusaders;nan;Rick Morales;['Action', 'Animation', 'Family', 'Adventure', 'Science Fiction', 'Crime'];English;3.26;78
Split;nan;M. Night Shyamalan;['Thriller', 'Horror'];English;3.49;117
Moonrise Kingdom;nan;Wes Anderson;['Romance', 'Drama', 'Comedy'];English;4.02;94
The Football Factory;nan;Nick Love;['Drama'];English;3.18;91
Flesh + Blood;nan;Paul Verhoeven;['Drama', 'Adventure'];English;3.46;126
Transformers;nan;Michael Bay;['Action', 'Science Fiction', 'Adventure'];English;3.22;144
Rocky Balboa;nan;Sylvester Stallone;['Drama'];English;3.48;102
Krampus;nan;Michael Dougherty;['Comedy', 'Horror', 'Fantasy'];English;2.87;98
Dune;nan;David Lynch;['Adventure', 'Science Fiction', 'Action'];English;2.81;137
Bad Moms;nan;Scott Moore, Jon Lucas;['Comedy'];English;2.83;100
Midnight Cowboy;nan;John Schlesinger;['Drama'];English;4.14;113
The Amazing Spider-Man;nan;Marc Webb;['Science Fiction', 'Adventure', 'Action'];English;3.4;136
Sleepy Hollow;nan;Tim Burton;['Drama', 'Fantasy', 'Horror', 'Mystery', 'Thriller'];English;3.52;105
Hawk the Slayer;nan;Terry Marcel;['Adventure', 'Fantasy'];English;2.72;93
The Imitation Game;nan;Morten Tyldum;['Drama', 'Thriller', 'War', 'History'];English;3.82;113
The Toxic Avenger Part II;nan;Michael Herz, Lloyd Kaufman;['Horror', 'Science Fiction', 'Action', 'Comedy'];English;2.77;95
Bonnie and Clyde;nan;Arthur Penn;['Crime', 'Drama'];English;3.9;111
Gods of Egypt;nan;Alex Proyas;['Adventure', 'Action', 'Fantasy'];English;1.95;127
Freaks;nan;Tod Browning;['Horror', 'Drama'];English;3.94;66
The Gift;nan;Joel Edgerton;['Mystery', 'Drama', 'Thriller'];English;3.33;108
Redneck Zombies;nan;Pericles Lewnes;['Horror', 'Comedy'];English;2.6;84
Bridge of Spies;nan;Steven Spielberg;['Drama', 'Thriller'];English;3.6;141
Space Jam;nan;Joe Pytka;['Family', 'Adventure', 'Fantasy', 'Comedy', 'Animation', 'Science Fiction'];English;3.28;87
San Andreas;nan;Brad Peyton;['Drama', 'Action', 'Thriller'];English;2.47;114
Anchorman 2: The Legend Continues;nan;Adam McKay;['Comedy'];English;2.96;119
Batman & Robin;nan;Joel Schumacher;['Adventure', 'Science Fiction', 'Action'];English;1.9;125
Daddy's Home;nan;Sean Anders;['Comedy'];English;2.73;96
Gone in Sixty Seconds;nan;Dominic Sena;['Thriller', 'Action', 'Crime'];English;3.0;118
There's Nothing Out There;nan;Rolfe Kanefsky;['Comedy', 'Science Fiction', 'Horror'];English;2.95;91
Shrek 2;nan;Conrad Vernon, Kelly Asbury;['Family', 'Adventure', 'Comedy', 'Animation', 'Fantasy'];English;4.1;92
Carol;nan;Todd Haynes;['Romance', 'Drama'];English;4.02;118
Grimsby;nan;Louis Leterrier;['Comedy', 'Action'];English;2.7;83
Port of Shadows;nan;Marcel Carné;['Drama', 'Romance', 'Crime'];French;3.93;93
Indiana Jones and the Last Crusade;nan;Steven Spielberg;['Adventure', 'Action'];English;4.1;127
Motel Hell;nan;Kevin Connor;['Horror', 'Comedy'];English;3.02;102
Brooklyn;nan;John Crowley;['Drama', 'History', 'Romance'];English;3.78;111
Bottle Rocket;nan;Wes Anderson;['Comedy', 'Crime', 'Drama'];English;3.54;91
Fire and Ice;nan;Ralph Bakshi;['Animation', 'Science Fiction', 'Fantasy'];English;3.12;81
Black Hawk Down;nan;Ridley Scott;['Action', 'History', 'War'];English;3.67;145
Hercules;nan;Luigi Cozzi;['Fantasy', 'Action', 'Adventure'];English;2.65;98
Begin Again;nan;John Carney;['Comedy', 'Drama', 'Music', 'Romance'];English;3.54;104
Doctor Zhivago;nan;David Lean;['War', 'Drama', 'Romance'];English;3.96;200
Falling Down;nan;Joel Schumacher;['Drama', 'Crime', 'Thriller'];English;3.69;113
Memories;nan;Katsuhiro Otomo, Koji Morimoto;['Animation', 'Fantasy', 'Science Fiction'];Japanese;3.97;113
Deep Red;nan;Dario Argento;['Horror', 'Mystery', 'Thriller'];Italian;3.92;127
A View to a Kill;nan;John Glen;['Action', 'Adventure', 'Thriller'];English;2.85;131
Scream 2;nan;Wes Craven;['Horror', 'Mystery'];English;3.26;120
The Food of the Gods;nan;Bert I. Gordon;['Science Fiction', 'Horror'];English;2.55;88
The Lords of Salem;nan;Rob Zombie;['Thriller', 'Horror'];English;2.87;101
The Emerald Forest;nan;John Boorman;['Action', 'Adventure', 'Drama'];English;3.39;114
Zardoz;nan;John Boorman;['Fantasy', 'Science Fiction', 'Action', 'Thriller'];English;3.23;105
Sin City: A Dame to Kill For;nan;Frank Miller, Robert Rodriguez;['Thriller', 'Action', 'Crime'];English;2.87;102
Fantastic Four: Rise of the Silver Surfer;nan;Tim Story;['Action', 'Science Fiction', 'Adventure'];English;2.34;92
American Pop;nan;Ralph Bakshi;['History', 'Drama', 'Animation', 'Music'];English;3.73;96
Bringing Up Baby;nan;Howard Hawks;['Romance', 'Comedy'];English;4.0;102
Locke;nan;Steven Knight;['Thriller', 'Drama'];English;3.61;85
Jezebel;nan;William Wyler;['Romance', 'Drama'];English;3.53;103
The Colony;nan;Jeff Renfroe;['Thriller', 'Action', 'Science Fiction'];English;2.45;95
The Other Guys;nan;Adam McKay;['Crime', 'Thriller', 'Action', 'Comedy'];English;3.25;116
The Adventures of Robin Hood;nan;Michael Curtiz, William Keighley;['Action', 'Adventure', 'Romance', 'History'];English;3.85;102
Adventureland;nan;Greg Mottola;['Romance', 'Comedy', 'Drama'];English;3.3;107
I Will Walk Like a Crazy Horse;nan;Fernando Arrabal;['Drama'];French;3.6;100
Blood Diamond;nan;Edward Zwick;['Action', 'Thriller', 'Drama'];English;3.71;143
The Lady Vanishes;nan;Alfred Hitchcock;['Comedy', 'Thriller', 'Mystery'];English;3.9;96
Phenomena;nan;Dario Argento;['Horror', 'Thriller'];English;3.62;110
You Can't Take It with You;nan;Frank Capra;['Romance', 'Comedy'];English;3.83;126
Junior;nan;Julia Ducournau;['Fantasy', 'Horror'];French;3.51;22
The Hourglass Sanatorium;nan;Wojciech Jerzy Has;['Fantasy'];Polish;3.99;124
Angels with Dirty Faces;nan;Michael Curtiz;['Drama', 'Crime'];English;3.92;97
The Danish Girl;nan;Tom Hooper;['Drama'];English;3.39;119
Alex of Venice;nan;Chris Messina;['Drama'];English;3.04;86
AVP: Alien vs. Predator;nan;Paul W. S. Anderson;['Action', 'Science Fiction', 'Adventure', 'Horror'];English;2.57;100
Killer Klowns from Outer Space;nan;Stephen Chiodo;['Science Fiction', 'Horror', 'Comedy'];English;3.34;86
Tangerine;nan;Sean Baker;['Drama', 'Comedy'];English;3.87;87
Zombie Flesh Eaters;nan;Lucio Fulci;['Horror'];Italian;3.58;91
Event Horizon;nan;Paul W. S. Anderson;['Science Fiction', 'Mystery', 'Horror'];English;3.33;95
Children of the Corn;nan;Fritz Kiersch;['Thriller', 'Horror'];English;2.7;92
The 400 Blows;nan;François Truffaut;['Drama'];French;4.31;99
Lifeforce;nan;Tobe Hooper;['Action', 'Mystery', 'Romance', 'Science Fiction', 'Horror', 'Thriller'];English;3.18;102
The Hunger;nan;Tony Scott;['Drama', 'Horror'];English;3.58;96
Sleepaway Camp;nan;Robert Hiltzik;['Horror'];English;3.21;84
Nightcrawler;nan;Dan Gilroy;['Drama', 'Crime', 'Thriller'];English;4.04;118
Society;nan;Brian Yuzna;['Comedy', 'Mystery', 'Horror'];English;3.46;100
Reservoir Dogs;nan;Quentin Tarantino;['Crime', 'Thriller'];English;4.15;99
The Burning;nan;Tony Maylam;['Horror'];English;3.13;91
Mirror;nan;Andrei Tarkovsky;['History', 'Drama'];Russian;4.33;106
Miami Connection;nan;Richard Park Wu-sang, Y.K. Kim;['Action', 'Music', 'Crime'];English;3.22;86
Christiane F.;nan;Uli Edel;['Drama'];German;3.87;131
The Slumber Party Massacre;nan;Amy Holden Jones;['Horror', 'Comedy'];English;3.0;77
Flubber;nan;Les Mayfield;['Family', 'Comedy', 'Science Fiction'];English;2.6;93
The Big Short;nan;Adam McKay;['Drama', 'Comedy'];English;3.83;131
I Spit on Your Grave;nan;Meir Zarchi;['Horror', 'Thriller'];English;2.81;101
In the Mood for Love;nan;Wong Kar-wai;['Drama', 'Romance'];Cantonese;4.39;99
UHF;nan;Jay Levey;['Comedy'];English;3.51;97
Punch-Drunk Love;nan;Paul Thomas Anderson;['Drama', 'Romance', 'Comedy'];English;3.98;96
Prom Night;nan;Paul Lynch;['Thriller', 'Horror', 'Mystery'];English;2.62;93
Master and Commander: The Far Side of the World;nan;Peter Weir;['Drama', 'Adventure', 'War'];English;3.96;138
The House by the Cemetery;nan;Lucio Fulci;['Horror', 'Mystery'];Italian;3.25;87
Rosemary's Baby;nan;Roman Polanski;['Horror', 'Drama', 'Thriller'];English;4.21;138
BMX Bandits;nan;Brian Trenchard-Smith;['Drama', 'Crime', 'Adventure'];English;2.92;92
Romancing the Stone;nan;Robert Zemeckis;['Comedy', 'Romance', 'Adventure', 'Action'];English;3.37;106
A Face in the Crowd;nan;Elia Kazan;['Drama'];English;4.19;125
Came a Hot Friday;nan;Ian Mune;['Drama', 'Comedy'];English;nan;101
Interview with the Vampire;nan;Neil Jordan;['Horror', 'Drama', 'Fantasy'];English;3.58;123
Goodbye Pork Pie;nan;Geoff Murphy;['Comedy', 'Adventure'];English;3.39;105
Room 237;nan;Rodney Ascher;['Documentary'];English;3.06;102
Kramer vs. Kramer;nan;Robert Benton;['Drama'];English;4.06;105
Slumdog Millionaire;nan;Danny Boyle;['Drama', 'Romance'];English;3.92;120
Shaker Run;nan;Bruce Morrison;['Action', 'Drama', 'Thriller'];English;nan;90
Swingers;nan;Doug Liman;['Drama', 'Comedy'];English;3.65;96
Sleeping Dogs;nan;Roger Donaldson;['Thriller', 'Action', 'Drama'];English;3.31;107
Stalker;nan;Andrei Tarkovsky;['Drama', 'Science Fiction'];Russian;4.41;162
The Castle;nan;Rob Sitch;['Comedy', 'Drama'];English;3.86;85
The Silent One;nan;Yvonne Mackay;['Drama', 'Fantasy', 'Family'];English;nan;92
The Princess Bride;nan;Rob Reiner;['Adventure', 'Romance', 'Fantasy', 'Family', 'Comedy'];English;4.07;99
The Graduate;nan;Mike Nichols;['Comedy', 'Drama', 'Romance'];English;4.11;106
The Hateful Eight;nan;Quentin Tarantino;['Mystery', 'Western', 'Drama'];English;3.98;188
The Cannonball Run;nan;Hal Needham;['Family', 'Comedy', 'Action'];English;3.02;95
Paper Moon;nan;Peter Bogdanovich;['Drama', 'Crime', 'Comedy'];English;4.36;102
Network;nan;Sidney Lumet;['Drama'];English;4.26;122
Napoleon Dynamite;nan;Jared Hess;['Comedy'];English;3.7;95
To Live and Die in L.A.;nan;William Friedkin;['Action', 'Thriller', 'Crime'];English;4.0;116
Thief;nan;Michael Mann;['Thriller', 'Crime', 'Drama'];English;4.08;123
Something Wild;nan;Jonathan Demme;['Crime', 'Comedy', 'Romance'];English;3.78;114
Return to Oz;nan;Walter Murch;['Adventure', 'Fantasy', 'Family'];English;3.41;109
Angel Heart;nan;Alan Parker;['Horror', 'Mystery'];English;3.65;113
Kingpin;nan;Bobby Farrelly, Peter Farrelly;['Comedy'];English;3.29;114
Dark City;nan;Alex Proyas;['Science Fiction', 'Mystery'];English;3.69;100
Kalifornia;nan;Dominic Sena;['Thriller', 'Crime'];English;3.24;118
The Long Kiss Goodnight;nan;Renny Harlin;['Action', 'Crime', 'Mystery', 'Thriller'];English;3.41;121
Moon;nan;Duncan Jones;['Science Fiction', 'Drama'];English;3.85;97
Brick;nan;Rian Johnson;['Mystery', 'Drama'];English;3.71;110
Take Shelter;nan;Jeff Nichols;['Drama', 'Thriller'];English;3.82;120
25th Hour;nan;Spike Lee;['Crime', 'Drama'];English;3.86;135
Killing Them Softly;nan;Andrew Dominik;['Thriller', 'Crime'];English;3.3;97
Robot & Frank;nan;Jake Schreier;['Crime', 'Science Fiction', 'Comedy', 'Drama'];English;3.5;85
Killer Joe;nan;William Friedkin;['Drama', 'Crime', 'Thriller'];English;3.52;102
Heavy Metal;nan;Gerald Potterton, John Bruno;['Science Fiction', 'Music', 'Fantasy', 'Animation', 'Adventure'];English;3.33;90
Sphere;nan;Barry Levinson;['Mystery', 'Science Fiction', 'Horror', 'Thriller'];English;2.83;134
Slaughterhouse-Five;nan;George Roy Hill;['Drama', 'Science Fiction', 'War'];English;3.47;100
A Boy and His Dog;nan;L.Q. Jones;['Science Fiction', 'Comedy', 'Drama'];English;3.22;90
Europa Report;nan;Sebastián Cordero;['Science Fiction', 'Thriller'];English;3.05;90
Westworld;nan;Michael Crichton;['Adventure', 'Western', 'Science Fiction'];English;3.47;89
Skyfall;nan;Sam Mendes;['Adventure', 'Thriller', 'Action'];English;3.92;143
Lethal Weapon;nan;Richard Donner;['Adventure', 'Crime', 'Action', 'Comedy', 'Thriller'];English;3.73;110
Resident Evil;nan;Paul W. S. Anderson;['Action', 'Science Fiction', 'Horror'];English;2.92;100
Outbreak;nan;Wolfgang Petersen;['Science Fiction', 'Action', 'Drama', 'Thriller'];English;3.16;127
The Sixth Sense;nan;M. Night Shyamalan;['Thriller', 'Mystery', 'Horror', 'Drama'];English;4.06;107
Devil;nan;John Erick Dowdle;['Horror', 'Thriller', 'Mystery'];English;2.66;80
Beaches;nan;Garry Marshall;['Drama', 'Comedy'];English;3.54;123
The Hobbit: The Desolation of Smaug;nan;Peter Jackson;['Fantasy', 'Action', 'Adventure'];English;3.43;161
The Conversation;nan;Francis Ford Coppola;['Drama', 'Crime', 'Mystery'];English;4.17;114
Muppet Treasure Island;nan;Brian Henson;['Comedy', 'Action', 'Adventure', 'Family', 'Music'];English;3.55;100
The Pink Panther Strikes Again;nan;Blake Edwards;['Comedy', 'Crime'];English;3.53;103
Harry Potter and the Order of the Phoenix;nan;David Yates;['Adventure', 'Fantasy'];English;3.68;138
Mission: Impossible – Rogue Nation;nan;Christopher McQuarrie;['Action', 'Adventure'];English;3.72;131
Ernest Scared Stupid;nan;John Cherry;['Family', 'Comedy', 'Horror'];English;2.9;91
Phantasm;nan;Don Coscarelli;['Science Fiction', 'Horror'];English;3.35;89
Persona;nan;Ingmar Bergman;['Drama'];Swedish;4.4;83
Flashdance;nan;Adrian Lyne;['Drama', 'Romance'];English;3.14;95
Zero Dark Thirty;nan;Kathryn Bigelow;['Drama', 'Thriller'];English;3.68;157
The Sting;nan;George Roy Hill;['Drama', 'Comedy', 'Crime'];English;4.19;129
Sherlock Holmes: A Game of Shadows;nan;Guy Ritchie;['Crime', 'Mystery', 'Action', 'Adventure'];English;3.32;129
Erin Brockovich;nan;Steven Soderbergh;['Drama'];English;3.86;131
The Contender;nan;Rod Lurie;['Drama', 'Thriller'];English;3.43;126
The Manchurian Candidate;nan;John Frankenheimer;['Thriller', 'Drama'];English;3.99;126
Bill & Ted's Bogus Journey;nan;Peter Hewitt;['Comedy', 'Science Fiction', 'Adventure'];English;3.31;93
Harold & Kumar Escape from Guantanamo Bay;nan;Hayden Schlossberg, Jon Hurwitz;['Adventure', 'Comedy'];English;2.95;101
Jackass Number Two;nan;Jeff Tremaine;['Comedy', 'Action', 'Documentary'];English;3.52;92
Jacob's Ladder;nan;Adrian Lyne;['Horror', 'Mystery', 'Drama'];English;3.84;113
Meet the Fockers;nan;Jay Roach;['Comedy', 'Romance'];English;2.95;115
A Shot in the Dark;nan;Blake Edwards;['Mystery', 'Comedy', 'Crime'];English;3.67;102
Spawn;nan;Mark A.Z. Dippé;['Adventure', 'Science Fiction', 'Action', 'Thriller', 'Fantasy', 'Horror'];English;2.21;96
The Toxic Avenger;nan;Lloyd Kaufman, Michael Herz;['Comedy', 'Action', 'Horror', 'Science Fiction'];English;3.35;82
Anaconda;nan;Luis Llosa;['Horror', 'Adventure', 'Thriller'];English;2.35;89
Mud;nan;Jeff Nichols;['Drama'];English;3.7;130
Snakes on a Plane;nan;David R. Ellis;['Action', 'Crime', 'Thriller', 'Adventure'];English;2.47;105
Six Days Seven Nights;nan;Ivan Reitman;['Adventure', 'Action', 'Romance', 'Comedy'];English;2.72;102
Divergent;nan;Neil Burger;['Adventure', 'Action', 'Science Fiction'];English;2.94;139
Thor;nan;Kenneth Branagh;['Fantasy', 'Action', 'Adventure'];English;2.81;115
The Lookout;nan;Scott Frank;['Drama', 'Thriller', 'Crime'];English;3.35;99
This Is 40;nan;Judd Apatow;['Comedy'];English;2.91;134
DragonHeart;nan;Rob Cohen;['Drama', 'Fantasy', 'Action', 'Adventure'];English;3.06;103
A Single Man;nan;Tom Ford;['Romance', 'Drama'];English;3.9;100
10 Things I Hate About You;nan;Gil Junger;['Comedy', 'Romance', 'Drama'];English;4.03;97
Butch Cassidy and the Sundance Kid;nan;George Roy Hill;['Drama', 'Western', 'Crime', 'Adventure', 'History'];English;4.15;111
Bring It On;nan;Peyton Reed;['Comedy'];English;3.36;98
The Return of the Living Dead;nan;Dan O'Bannon;['Comedy', 'Science Fiction', 'Horror'];English;3.8;91
Ichi the Killer;nan;Takashi Miike;['Horror', 'Crime', 'Action'];Japanese;3.62;129
Kick-Ass;nan;Matthew Vaughn;['Crime', 'Action'];English;3.51;117
One Missed Call;nan;Takashi Miike;['Horror', 'Fantasy', 'Mystery'];Japanese;3.2;112
The Phantom of the Opera;nan;Rupert Julian;['Drama', 'Horror', 'Music'];No spoken language;3.73;107
Carved: The Slit-Mouthed Woman;nan;Koji Shiraishi;['Horror'];Japanese;2.72;90
Bubba Ho-tep;nan;Don Coscarelli;['Comedy', 'Horror', 'Fantasy', 'Thriller', 'Mystery'];English;3.29;92
The Descent;nan;Neil Marshall;['Horror', 'Adventure'];English;3.59;99
Splice;nan;Vincenzo Natali;['Science Fiction', 'Horror'];English;2.5;104
Secret Window;nan;David Koepp;['Mystery', 'Thriller'];English;3.04;96
50/50;nan;Jonathan Levine;['Comedy', 'Drama'];English;3.6;100
The Blind Side;nan;John Lee Hancock;['Drama'];English;3.34;129
City Slickers;nan;Ron Underwood;['Western', 'Comedy'];English;3.35;114
Cape Fear;nan;Martin Scorsese;['Drama', 'Thriller', 'Crime'];English;3.72;128
Throne of Blood;nan;Akira Kurosawa;['History', 'Drama'];Japanese;4.27;108
Casino;nan;Martin Scorsese;['Crime', 'Drama'];English;4.2;179
Peter Pan;nan;P.J. Hogan;['Fantasy', 'Family', 'Adventure'];English;3.49;113
The Prestige;nan;Christopher Nolan;['Science Fiction', 'Drama', 'Mystery'];English;4.25;130
Teenage Mutant Ninja Turtles;nan;Steve Barron;['Comedy', 'Action', 'Family', 'Adventure', 'Science Fiction'];English;3.35;93
Alice in Wonderland;nan;Tim Burton;['Family', 'Fantasy', 'Adventure'];English;3.21;108
Harakiri;nan;Masaki Kobayashi;['History', 'Drama', 'Action'];Japanese;4.69;135
Chitty Chitty Bang Bang;nan;Ken Hughes;['Family', 'Adventure', 'Music', 'Fantasy', 'Comedy'];English;3.46;144
Moonraker;nan;Lewis Gilbert;['Thriller', 'Adventure', 'Science Fiction', 'Action'];English;2.85;126
Run Lola Run;nan;Tom Tykwer;['Action', 'Thriller', 'Drama'];German;3.85;81
What's Love Got to Do with It;nan;Brian Gibson;['History', 'Drama', 'Music'];English;3.7;118
Three Colours: Blue;nan;Krzysztof Kieślowski;['Drama'];French;4.16;98
The Hunger Games;nan;Gary Ross;['Fantasy', 'Science Fiction', 'Adventure'];English;3.73;142
Mulan;nan;Tony Bancroft, Barry Cook;['Family', 'Adventure', 'Animation'];English;4.12;88
Mission: Impossible III;nan;J.J. Abrams;['Thriller', 'Adventure', 'Action'];English;3.37;126
The Punisher;nan;Jonathan Hensleigh;['Drama', 'Crime', 'Action'];English;2.92;124
Chicken Run;nan;Peter Lord, Nick Park;['Animation', 'Family', 'Comedy'];English;3.61;84
Wedding Crashers;nan;David Dobkin;['Comedy', 'Romance'];English;3.16;119
House of Wax;nan;André de Toth;['Horror', 'Crime'];English;3.5;88
The Hangover;nan;Todd Phillips;['Comedy'];English;3.66;100
Insomnia;nan;Christopher Nolan;['Crime', 'Thriller', 'Mystery', 'Drama'];English;3.54;118
The Italian Job;nan;F. Gary Gray;['Crime', 'Action'];English;3.21;110
Cliffhanger;nan;Renny Harlin;['Thriller', 'Adventure', 'Action'];English;3.21;112
The Idiots;nan;Lars von Trier;['Drama', 'Comedy'];Danish;3.55;114
Anchorman: The Legend of Ron Burgundy;nan;Adam McKay;['Comedy'];English;3.49;95
Pan's Labyrinth;nan;Guillermo del Toro;['War', 'Fantasy', 'Drama'];Spanish;4.16;118
Blazing Saddles;nan;Mel Brooks;['Western', 'Comedy'];English;3.82;93
You Only Live Twice;nan;Lewis Gilbert;['Action', 'Thriller', 'Adventure'];English;3.2;117
The Ringer;nan;Barry W. Blaustein;['Comedy'];English;2.75;94
The Birth of a Nation;nan;D.W. Griffith;['Drama', 'History', 'War'];No spoken language;2.31;195
Forrest Gump;nan;Robert Zemeckis;['Drama', 'Comedy', 'Romance'];English;4.15;142
Mrs. Doubtfire;nan;Chris Columbus;['Comedy', 'Family', 'Drama'];English;3.66;125
Crazy, Stupid, Love.;nan;Glenn Ficarra, John Requa;['Comedy', 'Romance', 'Drama'];English;3.69;118
Moneyball;nan;Bennett Miller;['Drama'];English;3.91;134
There's Something About Mary;nan;Peter Farrelly, Bobby Farrelly;['Romance', 'Comedy'];English;3.24;120
Superbad;nan;Greg Mottola;['Comedy'];English;3.89;113
Love Actually;nan;Richard Curtis;['Drama', 'Romance', 'Comedy'];English;3.47;135
X2;nan;Bryan Singer;['Science Fiction', 'Action', 'Adventure'];English;3.43;133
The Break-Up;nan;Peyton Reed;['Comedy', 'Romance'];English;2.67;106
R.I.P.D.;nan;Robert Schwentke;['Comedy', 'Action', 'Fantasy'];English;2.17;96
Final Fantasy: The Spirits Within;nan;Hironobu Sakaguchi;['Thriller', 'Romance', 'Action', 'Fantasy', 'Science Fiction', 'Adventure', 'Animation'];English;2.66;106
47 Ronin;nan;Carl Rinsch;['Action', 'Fantasy', 'Drama'];English;2.54;119
Cowboys & Aliens;nan;Jon Favreau;['Action', 'Western', 'Science Fiction', 'Thriller'];English;2.33;119
Aloha;nan;Cameron Crowe;['Comedy', 'Romance', 'Drama'];English;2.19;105
Astro Boy;nan;David Bowers;['Science Fiction', 'Animation', 'Family', 'Action'];English;2.83;94
John Carter;nan;Andrew Stanton;['Science Fiction', 'Adventure', 'Action'];English;2.72;132
Green Lantern;nan;Martin Campbell;['Thriller', 'Action', 'Adventure', 'Science Fiction'];English;1.57;114
Ishtar;nan;Elaine May;['Adventure', 'Comedy'];English;3.21;107
Jupiter Ascending;nan;Lilly Wachowski, Lana Wachowski;['Science Fiction', 'Action', 'Fantasy'];English;2.04;127
Pan;nan;Joe Wright;['Fantasy', 'Adventure', 'Action', 'Family'];English;2.25;111
Platoon;nan;Oliver Stone;['War', 'Action', 'Drama'];English;3.97;120
The Jungle Book;nan;Wolfgang Reitherman;['Family', 'Animation', 'Adventure'];English;3.68;78
Ace Ventura: When Nature Calls;nan;Steve Oedekerk;['Comedy', 'Adventure', 'Crime'];English;3.03;90
The Phantom;nan;Simon Wincer;['Adventure', 'Action'];English;2.57;100
The Postman;nan;Michael Radford;['Comedy', 'Drama', 'Romance'];Italian;3.96;109
Tropic Thunder;nan;Ben Stiller;['War', 'Adventure', 'Comedy', 'Action'];English;3.61;107
Fitzcarraldo;nan;Werner Herzog;['Drama', 'Adventure'];German;4.14;157
Love Is All;nan;Joram Lürsen;['Romance', 'Comedy'];Dutch;3.29;110
Metropolis;nan;Rintaro;['Science Fiction', 'Animation'];Japanese;3.78;108
Like Father Like Son;nan;Rod Daniel;['Fantasy', 'Comedy'];English;2.54;96
The Change-Up;nan;David Dobkin;['Comedy'];English;2.56;112
Prelude to a Kiss;nan;Norman René;['Drama', 'Romance', 'Comedy'];English;2.83;105
13 Going on 30;nan;Gary Winick;['Comedy', 'Romance', 'Fantasy'];English;3.62;98
The Craft;nan;Andrew Fleming;['Horror', 'Fantasy', 'Drama'];English;3.56;101
Freaky Friday;nan;Mark Waters;['Comedy', 'Family', 'Fantasy'];English;3.47;97
Hot Tub Time Machine;nan;Steve Pink;['Comedy', 'Adventure', 'Science Fiction'];English;2.8;101
Tank Girl;nan;Rachel Talalay;['Comedy', 'Fantasy', 'Science Fiction', 'Action'];English;3.13;104
Enter the Dragon;nan;Robert Clouse;['Action'];English;3.82;102
American Pie;nan;Paul Weitz;['Romance', 'Comedy'];English;3.12;95
Harry Potter and the Philosopher's Stone;nan;Chris Columbus;['Adventure', 'Fantasy'];English;3.79;152
This Is the End;nan;Evan Goldberg, Seth Rogen;['Comedy', 'Action'];English;3.16;106
Fast Times at Ridgemont High;nan;Amy Heckerling;['Comedy'];English;3.49;90
Braindead;nan;Peter Jackson;['Comedy', 'Horror'];English;3.94;103
Planet Terror;nan;Robert Rodriguez;['Thriller', 'Action', 'Horror'];English;3.37;105
127 Hours;nan;Danny Boyle;['Adventure', 'Thriller', 'Drama'];English;3.48;94
Fargo;nan;Joel Coen;['Crime', 'Drama', 'Thriller', 'Comedy'];English;4.19;98
Ghost;nan;Jerry Zucker;['Mystery', 'Fantasy', 'Drama', 'Romance', 'Thriller'];English;3.54;126
Austin Powers: The Spy Who Shagged Me;nan;Jay Roach;['Comedy', 'Crime', 'Adventure', 'Science Fiction'];English;3.3;95
Toys;nan;Barry Levinson;['Fantasy', 'Family', 'Comedy', 'Science Fiction'];English;2.71;122
Night at the Museum;nan;Shawn Levy;['Fantasy', 'Family', 'Comedy', 'Adventure', 'Action'];English;3.32;108
Notting Hill;nan;Roger Michell;['Comedy', 'Romance'];English;3.66;124
Gangs of New York;nan;Martin Scorsese;['History', 'Drama', 'Crime'];English;3.71;168
Caligula;nan;Tinto Brass;['Drama', 'History'];Italian;2.81;156
Eyes Wide Shut;nan;Stanley Kubrick;['Thriller', 'Drama', 'Mystery'];English;4.0;159
Spider-Man;nan;Sam Raimi;['Science Fiction', 'Action'];English;3.82;121
The Waterboy;nan;Frank Coraci;['Comedy'];English;2.9;90
Snatch;nan;Guy Ritchie;['Comedy', 'Crime'];English;4.03;103
Scary Movie 2;nan;Keenen Ivory Wayans;['Comedy'];English;2.71;82
White Men Can't Jump;nan;Ron Shelton;['Comedy', 'Drama'];English;3.51;115
Ender's Game;nan;Gavin Hood;['Action', 'Adventure', 'Science Fiction'];English;2.79;114
X-Men: First Class;nan;Matthew Vaughn;['Adventure', 'Action', 'Science Fiction'];English;3.59;132
The Expendables;nan;Sylvester Stallone;['Adventure', 'Action', 'Thriller'];English;2.73;103
White Chicks;nan;Keenen Ivory Wayans;['Comedy', 'Crime'];English;3.53;109
Die Another Day;nan;Lee Tamahori;['Adventure', 'Action', 'Thriller'];English;2.52;133
Road to Perdition;nan;Sam Mendes;['Thriller', 'Drama', 'Crime'];English;3.8;117
The Producers;nan;Mel Brooks;['Comedy', 'Music'];English;3.79;88
White God;nan;Kornél Mundruczó;['Drama'];Hungarian;3.46;121
Wuthering Heights;nan;Andrea Arnold;['Romance', 'Drama'];English;3.27;124
The Ice Storm;nan;Ang Lee;['Drama'];English;3.77;112
The Shining;nan;Stanley Kubrick;['Horror', 'Thriller'];English;4.23;144
The Hours;nan;Stephen Daldry;['Drama'];English;3.85;114
The Virgin Suicides;nan;Sofia Coppola;['Drama'];English;3.84;97
Rebecca;nan;Alfred Hitchcock;['Mystery', 'Thriller', 'Romance'];English;4.12;130
The Girl with the Dragon Tattoo;nan;Niels Arden Oplev;['Thriller', 'Drama', 'Mystery', 'Crime'];Swedish;3.83;152
The Painted Veil;nan;John Curran;['Romance', 'Drama'];English;3.58;125
Battle Royale;nan;Kinji Fukasaku;['Action', 'Thriller', 'Drama'];Japanese;3.86;113
Secretary;nan;Steven Shainberg;['Comedy', 'Drama', 'Romance'];English;3.5;111
The Last of the Mohicans;nan;Michael Mann;['Action', 'Romance', 'War', 'History'];English;3.67;112
All Quiet on the Western Front;nan;Lewis Milestone;['Drama', 'War'];English;4.16;133
Anna Karenina;nan;Joe Wright;['Drama', 'Romance', 'History'];English;3.54;130
Jane Eyre;nan;Robert Stevenson;['Romance', 'Drama'];English;3.45;97
Barry Lyndon;nan;Stanley Kubrick;['Drama', 'History', 'War', 'Romance'];English;4.4;185
The Age of Innocence;nan;Martin Scorsese;['Romance', 'Drama'];English;3.81;139
War and Peace;nan;Tom Harper;['Drama'];English;3.97;379
Les Misérables;nan;Tom Hooper;['Drama', 'History'];English;3.61;158
Anatomy of a Murder;nan;Otto Preminger;['Crime', 'Drama', 'Mystery'];English;4.24;161
Carlito's Way;nan;Brian De Palma;['Thriller', 'Drama', 'Crime'];English;4.07;144
Double Indemnity;nan;Billy Wilder;['Crime', 'Thriller'];English;4.26;107
In a Lonely Place;nan;Nicholas Ray;['Romance', 'Mystery', 'Drama', 'Crime'];English;4.2;94
Kiss Me Deadly;nan;Robert Aldrich;['Mystery', 'Crime', 'Thriller'];English;3.98;106
Ghost World;nan;Terry Zwigoff;['Comedy', 'Drama'];English;3.6;111
Don't Look Now;nan;Nicolas Roeg;['Drama', 'Thriller', 'Horror'];English;3.79;110
The Last Picture Show;nan;Peter Bogdanovich;['Drama', 'Romance'];English;4.21;119
The Player;nan;Robert Altman;['Mystery', 'Crime', 'Comedy', 'Drama', 'Thriller'];English;4.02;124
Out of Sight;nan;Steven Soderbergh;['Crime', 'Romance', 'Comedy'];English;3.69;123
The Silence of the Lambs;nan;Jonathan Demme;['Horror', 'Crime', 'Thriller', 'Drama'];English;4.34;119
Sansho the Bailiff;nan;Kenji Mizoguchi;['Drama'];Japanese;4.41;124
The Red Shoes;nan;Michael Powell, Emeric Pressburger;['Drama', 'Romance'];English;4.4;133
There Will Be Blood;nan;Paul Thomas Anderson;['Drama'];English;4.46;158
One Flew Over the Cuckoo's Nest;nan;Miloš Forman;['Drama'];English;4.36;133
Mean Girls;nan;Mark Waters;['Comedy', 'Drama'];English;3.83;97
The Girl with the Dragon Tattoo;nan;David Fincher;['Crime', 'Mystery', 'Thriller'];English;3.89;158
The Martian;nan;Ridley Scott;['Drama', 'Science Fiction', 'Adventure'];English;3.77;141
Adaptation.;nan;Spike Jonze;['Drama', 'Comedy', 'Crime'];English;4.11;115
A Monster Calls;nan;J.A. Bayona;['Fantasy', 'Adventure', 'Family'];English;3.7;108
The Hunger Games: Catching Fire;nan;Francis Lawrence;['Science Fiction', 'Adventure', 'Action'];English;3.87;146
Room;nan;Lenny Abrahamson;['Drama', 'Thriller'];English;3.97;118
Pride & Prejudice;nan;Joe Wright;['Drama', 'Romance'];English;4.12;129
Harry Potter and the Prisoner of Azkaban;nan;Alfonso Cuarón;['Fantasy', 'Adventure'];English;4.12;141
How the Grinch Stole Christmas;nan;Ron Howard;['Family', 'Comedy', 'Fantasy'];English;3.53;104
Arrival;nan;Denis Villeneuve;['Science Fiction', 'Mystery', 'Drama'];English;4.13;116
L.A. Takedown;nan;Michael Mann;['Action', 'Thriller', 'Drama', 'Crime'];English;2.91;97
American Strays;nan;Michael Covert;['Comedy', 'Action'];English;nan;97
Lucy;nan;Luc Besson;['Action', 'Science Fiction'];English;2.79;89
The Book of Eli;nan;Allen Hughes, Albert Hughes;['Science Fiction', 'Action', 'Thriller'];English;3.25;118
Garden State;nan;Zach Braff;['Drama', 'Comedy', 'Romance'];English;3.44;102
Red Heat;nan;Walter Hill;['Crime', 'Action'];English;2.96;104
48 Hrs.;nan;Walter Hill;['Action', 'Thriller', 'Crime', 'Drama', 'Comedy'];English;3.42;96
Tango & Cash;nan;Andrei Konchalovsky;['Thriller', 'Crime', 'Comedy', 'Action', 'Drama'];English;3.17;104
Southern Comfort;nan;Walter Hill;['Action', 'Thriller'];English;3.71;105
Zoolander;nan;Ben Stiller;['Comedy'];English;3.37;89
Resident Evil: The Final Chapter;nan;Paul W. S. Anderson;['Action', 'Science Fiction', 'Horror'];English;2.25;107
Jackie Brown;nan;Quentin Tarantino;['Crime', 'Thriller', 'Drama'];English;3.88;154
Rush Hour;nan;Brett Ratner;['Crime', 'Action', 'Comedy'];English;3.59;97
Zootopia;nan;Byron Howard, Rich Moore;['Animation', 'Comedy', 'Family', 'Adventure'];English;3.72;109
Austin Powers in Goldmember;nan;Jay Roach;['Comedy', 'Crime', 'Science Fiction'];English;3.03;94
Beverly Hills Cop II;nan;Tony Scott;['Action', 'Comedy', 'Crime'];English;3.24;103
Barb Wire;nan;David Hogan;['Science Fiction', 'Action', 'Adventure'];English;2.27;98
Universal Soldier;nan;Roland Emmerich;['Thriller', 'Science Fiction', 'Crime', 'Action'];English;3.0;103
Extreme Prejudice;nan;Walter Hill;['Drama', 'Western', 'Action', 'Crime', 'Thriller'];English;3.61;101
The Medallion;nan;Gordon Chan;['Fantasy', 'Action', 'Thriller', 'Comedy'];English;2.39;88
King Arthur;nan;Antoine Fuqua;['War', 'Action', 'Drama', 'History', 'Adventure'];English;2.82;126
The Adventures of Baron Munchausen;nan;Terry Gilliam;['Fantasy', 'Comedy', 'Adventure'];English;3.7;126
Casino Royale;nan;Val Guest, Ken Hughes;['Action', 'Adventure', 'Comedy'];English;2.42;131
The Knack... and How to Get It;nan;Richard Lester;['Comedy', 'Romance'];English;3.22;85
Carry On Spying;nan;Gerald Thomas;['Comedy'];English;3.1;87
The Return of the Pink Panther;nan;Blake Edwards;['Comedy', 'Crime', 'Mystery'];English;3.45;113
Haywire;nan;Steven Soderbergh;['Thriller', 'Action', 'Drama'];English;3.02;93
Batman;nan;Tim Burton;['Fantasy', 'Action', 'Crime'];English;3.62;126
Alien³;nan;David Fincher;['Horror', 'Science Fiction', 'Action'];English;2.82;114
Wallace & Gromit: The Curse of the Were-Rabbit;nan;Steve Box, Nick Park;['Adventure', 'Family', 'Comedy', 'Animation'];English;3.85;85
Hercules;nan;Brett Ratner;['Action', 'Adventure'];English;2.28;98
Hamlet;nan;Franco Zeffirelli;['Drama', 'History'];English;3.15;130
Little Deaths;nan;Sean Hogan, Andrew Parkinson;['Romance', 'Horror', 'Thriller'];English;2.57;90
Jack the Giant Slayer;nan;Bryan Singer;['Fantasy', 'Drama', 'Adventure', 'Action'];English;2.47;114
Lady Macbeth;nan;William Oldroyd;['Drama'];English;3.45;86
The Awakening;nan;Mike Newell;['Horror'];English;2.49;105
Pirates of the Caribbean: On Stranger Tides;nan;Rob Marshall;['Adventure', 'Fantasy', 'Action'];English;2.86;136
Lethal Weapon 4;nan;Richard Donner;['Thriller', 'Action', 'Comedy', 'Adventure', 'Crime'];English;3.11;127
The Devil's Advocate;nan;Taylor Hackford;['Horror', 'Drama', 'Mystery', 'Thriller'];English;3.57;144
Shanghai Knights;nan;David Dobkin;['Adventure', 'Action', 'Western', 'Comedy'];English;2.88;115
The Living Daylights;nan;John Glen;['Action', 'Thriller', 'Adventure'];English;3.32;130
B. Monkey;nan;Michael Radford;['Drama', 'Romance', 'Crime'];English;3.04;94
Hawks;nan;Robert Ellis Miller;['Drama', 'Comedy'];English;3.34;110
The Sender;nan;Roger Christian;['Science Fiction', 'Thriller', 'Horror'];English;3.11;91
Stormy Monday;nan;Mike Figgis;['Thriller'];English;3.17;93
Tomorrow Never Dies;nan;Roger Spottiswoode;['Action', 'Thriller', 'Adventure'];English;3.04;119
Rough Cut;nan;Don Siegel, Peter R. Hunt;['Adventure', 'Mystery', 'Comedy', 'Romance', 'Crime'];English;3.03;112
The Making of 'Superman III';nan;Iain Johnstone;['Documentary'];English;3.07;48
High Tension;nan;Alexandre Aja;['Mystery', 'Horror', 'Thriller'];French;3.24;91
Superman IV: The Quest for Peace;nan;Sidney J. Furie;['Adventure', 'Action', 'Science Fiction'];English;1.71;90
Flyboys;nan;Tony Bill;['Drama', 'History', 'Romance', 'Adventure', 'War', 'Action'];English;2.93;138
Haunted Honeymoon;nan;Gene Wilder;['Comedy', 'Horror', 'Mystery'];English;2.91;82
The 51st State;nan;Ronny Yu;['Thriller', 'Comedy', 'Action', 'Crime'];English;2.9;93
Hardware;nan;Richard Stanley;['Science Fiction', 'Thriller', 'Horror'];English;3.25;93
Resident Evil: Retribution;nan;Paul W. S. Anderson;['Horror', 'Science Fiction', 'Action'];English;2.46;95
Blow;nan;Ted Demme;['Crime', 'Drama'];English;3.51;124
About a Boy;nan;Chris Weitz, Paul Weitz;['Romance', 'Drama', 'Comedy'];English;3.53;101
The Russia House;nan;Fred Schepisi;['Thriller', 'Romance', 'Drama'];English;3.13;118
Mr. Holmes;nan;Bill Condon;['Crime', 'Mystery', 'Drama', 'Family'];English;3.32;104
Mortdecai;nan;David Koepp;['Comedy', 'Adventure'];English;2.14;107
Candyman;nan;Bernard Rose;['Thriller', 'Horror', 'Drama'];English;3.65;100
The Fifth Estate;nan;Bill Condon;['Thriller', 'Drama'];English;2.77;128
Dorian Gray;nan;Oliver Parker;['Thriller', 'Fantasy', 'Drama'];English;2.66;112
The Iron Lady;nan;Phyllida Lloyd;['History', 'Drama'];English;2.9;105
Bridget Jones: The Edge of Reason;nan;Beeban Kidron;['Comedy', 'Romance'];English;2.98;108
The Adventurer: The Curse of the Midas Box;nan;Jonathan Newman;['Adventure', 'Family', 'Fantasy'];English;2.49;99
Braveheart;nan;Mel Gibson;['History', 'Action', 'Drama', 'War'];English;3.89;177
Cutthroat Island;nan;Renny Harlin;['Adventure', 'Action'];English;2.79;124
Hannibal Rising;nan;Peter Webber;['Crime', 'Thriller', 'Horror'];English;2.54;121
Star Trek;nan;J.J. Abrams;['Science Fiction', 'Action', 'Adventure'];English;3.63;127
Joy;nan;David O. Russell;['Drama', 'Comedy'];English;3.13;124
Sideways;nan;Alexander Payne;['Comedy', 'Romance', 'Drama'];English;3.81;127
Transformers: Revenge of the Fallen;nan;Michael Bay;['Action', 'Adventure', 'Science Fiction'];English;2.53;150
The Rock;nan;Michael Bay;['Thriller', 'Adventure', 'Action'];English;3.57;137
The Crow;nan;Alex Proyas;['Action', 'Thriller', 'Fantasy'];English;3.78;102
Final Destination;nan;James Wong;['Horror'];English;3.17;98
Apollo 13;nan;Ron Howard;['History', 'Drama'];English;3.8;140
A Few Good Men;nan;Rob Reiner;['Drama'];English;4.01;138
Shanghai Noon;nan;Tom Dey;['Western', 'Comedy', 'Adventure', 'Action'];English;3.07;110
Allegiant;nan;Robert Schwentke;['Adventure', 'Science Fiction', 'Action', 'Mystery'];English;2.08;120
Son of Batman;nan;Ethan Spaulding;['Adventure', 'Animation', 'Action'];English;3.12;74
The Grifters;nan;Stephen Frears;['Drama', 'Crime'];English;3.42;110
Timecode;nan;Mike Figgis;['Drama', 'Romance'];English;3.15;97
The Rookie;nan;Clint Eastwood;['Crime', 'Drama', 'Thriller', 'Action'];English;2.85;121
Volunteers;nan;Nicholas Meyer;['Comedy'];English;2.67;107
The Lawless Land;nan;Jon Hess;['Action', 'Science Fiction', 'Adventure'];English;nan;81
Omega Syndrome;nan;Joseph Manduke;['Action'];English;2.86;90
Transcendence;nan;Wally Pfister;['Thriller', 'Drama', 'Mystery', 'Science Fiction'];English;2.42;119
Safe;nan;Todd Haynes;['Drama'];English;3.96;119
Sid and Nancy;nan;Alex Cox;['Drama', 'Romance'];English;3.49;114
Disconnect;nan;Henry Alex Rubin;['Drama', 'Thriller'];English;3.49;116
Vampire's Kiss;nan;Robert Bierman;['Comedy', 'Crime', 'Fantasy', 'Horror'];English;3.42;103
School Daze;nan;Spike Lee;['Drama', 'Comedy', 'Music'];English;3.31;121
New Jack City;nan;Mario Van Peebles;['Crime', 'Thriller', 'Drama'];English;3.39;97
Drag Me to Hell;nan;Sam Raimi;['Thriller', 'Horror'];English;3.19;99
Oz the Great and Powerful;nan;Sam Raimi;['Fantasy', 'Family', 'Adventure'];English;2.58;130
Patriot Games;nan;Phillip Noyce;['Action', 'Crime', 'Drama', 'Thriller'];English;3.27;117
Darkman;nan;Sam Raimi;['Action', 'Thriller', 'Science Fiction'];English;3.36;95
The Grudge;nan;Takashi Shimizu;['Horror', 'Mystery', 'Thriller'];English;2.82;92
Shocker;nan;Wes Craven;['Thriller', 'Horror', 'Comedy'];English;2.84;111
Reign Over Me;nan;Mike Binder;['Drama'];English;3.48;124
Clear and Present Danger;nan;Phillip Noyce;['Action', 'Drama', 'Thriller'];English;3.33;141
Intruder;nan;Scott Spiegel;['Mystery', 'Horror'];English;3.22;88
Blood Rage;nan;John Grissmer;['Thriller', 'Horror'];English;3.18;82
Hercules and Xena - The Animated Movie: The Battle for Mount Olympus;nan;Lynne Naylor;['Fantasy', 'Adventure', 'Animation'];English;3.11;80
Immortal Beloved;nan;Bernard Rose;['Music', 'Romance', 'Drama'];English;3.51;121
Jason Goes to Hell: The Final Friday;nan;Adam Marcus;['Horror', 'Thriller'];English;1.7;88
Highlander II: The Quickening;nan;Russell Mulcahy;['Action', 'Fantasy', 'Science Fiction', 'Adventure'];English;2.12;100
The Babysitter;nan;McG;['Horror', 'Comedy'];English;2.74;85
High-Rise;nan;Ben Wheatley;['Drama'];English;2.91;119
Call Me by Your Name;nan;Luca Guadagnino;['Romance', 'Drama'];English;3.86;132
The Lone Ranger;nan;Gore Verbinski;['Western', 'Action', 'Adventure'];English;2.65;149
Macbeth;nan;Justin Kurzel;['War', 'Drama'];English;3.48;113
Transformers: Age of Extinction;nan;Michael Bay;['Science Fiction', 'Adventure', 'Action'];English;2.11;165
Kill List;nan;Ben Wheatley;['Crime', 'Horror', 'Thriller'];English;3.45;95
21 Jump Street;nan;Phil Lord, Christopher Miller;['Crime', 'Comedy', 'Action'];English;3.6;109
Don Jon;nan;Joseph Gordon-Levitt;['Comedy', 'Drama', 'Romance'];English;2.86;90
Inception;nan;Christopher Nolan;['Action', 'Adventure', 'Science Fiction'];English;4.21;148
The Theory of Everything;nan;James Marsh;['Romance', 'Drama'];English;3.62;123
Guardians of the Galaxy;nan;James Gunn;['Adventure', 'Action', 'Science Fiction'];English;3.8;121
Pride and Prejudice and Zombies;nan;Burr Steers;['Thriller', 'Comedy', 'Romance', 'Horror'];English;2.7;108
Maleficent;nan;Robert Stromberg;['Fantasy', 'Action', 'Adventure', 'Romance', 'Family'];English;3.26;97
The Dark Valley;nan;Andreas Prochaska;['Drama', 'Thriller'];German;3.54;115
The World's End;nan;Edgar Wright;['Action', 'Science Fiction', 'Comedy'];English;3.62;109
A Field in England;nan;Ben Wheatley;['Thriller', 'Horror', 'Fantasy'];English;3.44;90
Black Sea;nan;Kevin Macdonald;['Drama', 'Thriller', 'Adventure'];English;3.17;115
Down Terrace;nan;Ben Wheatley;['Drama', 'Crime'];English;3.4;93
The Other Boleyn Girl;nan;Justin Chadwick;['Drama', 'History', 'Romance'];English;3.08;115
The Life Aquatic with Steve Zissou;nan;Wes Anderson;['Comedy', 'Adventure', 'Drama'];English;3.81;119
Charlie and the Chocolate Factory;nan;Tim Burton;['Fantasy', 'Comedy', 'Adventure', 'Family'];English;3.29;115
Edge of Tomorrow;nan;Doug Liman;['Science Fiction', 'Action'];English;3.76;114
Submarine;nan;Richard Ayoade;['Romance', 'Drama', 'Comedy'];English;3.85;97
The New World;nan;Terrence Malick;['Romance', 'History', 'Drama'];English;3.8;151
Vanilla Sky;nan;Cameron Crowe;['Fantasy', 'Thriller', 'Drama', 'Romance', 'Science Fiction', 'Mystery'];English;3.45;136
Lara Croft: Tomb Raider – The Cradle of Life;nan;Jan de Bont;['Adventure', 'Thriller', 'Action', 'Fantasy'];English;2.42;117
Flirting;nan;John Duigan;['Drama', 'Romance'];English;3.58;99
The Proposition;nan;John Hillcoat;['Adventure', 'Drama', 'Action', 'Crime', 'Thriller', 'Western'];English;3.77;104
Inferno;nan;Dario Argento;['Horror', 'Thriller'];Italian;3.46;107
Minority Report;nan;Steven Spielberg;['Thriller', 'Science Fiction', 'Action'];English;3.76;145
Phantom of the Paradise;nan;Brian De Palma;['Drama', 'Comedy', 'Horror', 'Fantasy', 'Thriller', 'Music', 'Romance'];English;4.1;92
The Evictors;nan;Charles B. Pierce;['Horror', 'Crime', 'Thriller'];English;2.87;92
My Favorite Year;nan;Richard Benjamin;['Comedy', 'Drama'];English;3.52;92
Emergency Squad;nan;Stelvio Massi;['Action', 'Thriller'];Italian;3.32;95
Bad;nan;Jed Johnson;['Crime', 'Horror', 'Comedy'];English;3.23;105
1900;nan;Bernardo Bertolucci;['History', 'Drama'];Italian;3.84;316
Late Night Trains;nan;Aldo Lado;['Thriller', 'Horror'];Italian;3.12;94
Tex and the Lord of the Deep;nan;Duccio Tessari;['Adventure', 'Western', 'Fantasy'];Italian;nan;104
Chavela;nan;Catherine Gund, Daresha Kyi;['Documentary'];Spanish;3.89;93
Star Knight;nan;Fernando Colomo;['Fantasy', 'Science Fiction'];Spanish;2.74;90
La Orca;nan;Eriprando Visconti;['Drama', 'Crime', 'Thriller'];Italian;3.26;90
Cut and Run;nan;Ruggero Deodato;['Horror', 'Adventure'];Italian;2.95;90
Under the Bridges;nan;Helmut Käutner;['Romance', 'Drama', 'Comedy'];German;3.83;99
Kubo and the Two Strings;nan;Travis Knight;['Adventure', 'Animation', 'Family'];English;3.93;102
Hancock;nan;Peter Berg;['Action', 'Fantasy'];English;2.77;92
The Road;nan;John Hillcoat;['Drama', 'Adventure'];English;3.65;111
The Fate of the Furious;nan;F. Gary Gray;['Crime', 'Action', 'Thriller'];English;2.72;136
A Million Ways to Die in the West;nan;Seth MacFarlane;['Western', 'Comedy'];English;2.43;116
That Thing You Do!;nan;Tom Hanks;['Romance', 'Music', 'Drama', 'Comedy'];English;3.6;108
Æon Flux;nan;Karyn Kusama;['Thriller', 'Action', 'Science Fiction'];English;2.32;93
Snow White and the Huntsman;nan;Rupert Sanders;['Fantasy', 'Drama', 'Adventure'];English;2.56;127
X-Men: Apocalypse;nan;Bryan Singer;['Science Fiction', 'Adventure', 'Action', 'Fantasy'];English;2.62;144
Clash of the Titans;nan;Louis Leterrier;['Action', 'Adventure', 'Fantasy'];English;2.46;106
The Man from Hong Kong;nan;Brian Trenchard-Smith;['Crime', 'Action', 'Drama', 'Adventure'];English;3.49;106
Mad Max;nan;George Miller;['Action', 'Adventure', 'Science Fiction', 'Thriller'];English;3.29;91
Stone;nan;Sandy Harbutt;['Action', 'Thriller', 'Crime'];English;3.29;103
Mad Dog Morgan;nan;Philippe Mora;['Western', 'Drama', 'Action', 'Crime'];English;3.25;102
The Chain Reaction;nan;Ian Barry;['Science Fiction', 'Thriller', 'Action'];English;3.05;92
The Blood of Heroes;nan;David Webb Peoples;['Action', 'Science Fiction', 'Adventure'];English;3.15;100
Super;nan;James Gunn;['Comedy', 'Action', 'Drama'];English;3.29;96
It;nan;Andy Muschietti;['Thriller', 'Horror'];English;3.43;135
The Meyerowitz Stories (New and Selected);nan;Noah Baumbach;['Drama', 'Comedy'];English;3.74;112
Trick 'r Treat;nan;Michael Dougherty;['Comedy', 'Horror'];English;3.43;82
Zodiac;nan;David Fincher;['Drama', 'Crime', 'Thriller', 'Mystery'];English;4.02;157
Coraline;nan;Henry Selick;['Animation', 'Horror', 'Fantasy', 'Family'];English;4.18;100
Holes;nan;Andrew Davis;['Comedy', 'Adventure', 'Family', 'Drama'];English;3.54;117
Black Mirror: White Christmas;nan;Carl Tibbetts;['Thriller', 'Drama', 'Science Fiction', 'TV Movie'];English;4.2;74
The Hound of the Baskervilles;nan;Terence Fisher;['Thriller', 'Mystery', 'Horror'];English;3.45;87
The Big Lebowski;nan;Joel Coen;['Crime', 'Comedy'];English;4.12;117
Cult of Chucky;nan;Don Mancini;['Thriller', 'Horror'];English;2.62;91
Superman Returns;nan;Bryan Singer;['Adventure', 'Action', 'Science Fiction'];English;2.64;154
The Spy Who Loved Me;nan;Lewis Gilbert;['Action', 'Adventure', 'Thriller'];English;3.47;125
Spotlight;nan;Tom McCarthy;['History', 'Drama'];English;4.1;129
Courage Under Fire;nan;Edward Zwick;['Thriller', 'War', 'Drama', 'Mystery'];English;3.23;116
Logan Lucky;nan;Steven Soderbergh;['Action', 'Crime', 'Drama', 'Comedy'];English;3.55;118
Spectre;nan;Sam Mendes;['Adventure', 'Action', 'Thriller'];English;3.19;148
Star Trek: First Contact;nan;Jonathan Frakes;['Science Fiction', 'Action', 'Thriller', 'Adventure'];English;3.67;111
King and Country;nan;Joseph Losey;['Drama', 'History', 'War'];English;3.85;85
The Mummy;nan;Stephen Sommers;['Fantasy', 'Action', 'Adventure'];English;3.56;124
The Maltese Falcon;nan;John Huston;['Mystery', 'Thriller', 'Crime'];English;3.92;100
The Caine Mutiny;nan;Edward Dmytryk;['War', 'Drama'];English;3.73;124
War for the Planet of the Apes;nan;Matt Reeves;['War', 'Drama', 'Science Fiction'];English;3.8;140
Hell or High Water;nan;David Mackenzie;['Crime', 'Western', 'Drama'];English;3.93;102
The Bank Job;nan;Roger Donaldson;['Drama', 'Crime', 'Thriller'];English;3.2;112
Beauty and the Beast;nan;Gary Trousdale, Kirk Wise;['Romance', 'Fantasy', 'Family', 'Animation'];English;3.9;84
Monty Python and the Holy Grail;nan;Terry Jones, Terry Gilliam;['Fantasy', 'Comedy', 'Adventure'];English;4.14;91
Run Silent, Run Deep;nan;Robert Wise;['War', 'Drama'];English;3.6;93
Coriolanus;nan;Ralph Fiennes;['Drama', 'Thriller'];English;3.28;123
Sky Captain and the World of Tomorrow;nan;Kerry Conran;['Thriller', 'Adventure', 'Action', 'Science Fiction', 'Mystery'];English;2.8;107
Juggernaut;nan;Richard Lester;['Action', 'Thriller'];English;3.41;109
Strangers on a Train;nan;Alfred Hitchcock;['Crime', 'Thriller'];English;4.06;101
Daybreakers;nan;Michael Spierig, Peter Spierig;['Fantasy', 'Action', 'Science Fiction'];English;2.97;98
Poltergeist;nan;Tobe Hooper;['Horror'];English;3.51;114
The Gorgon;nan;Terence Fisher;['Fantasy', 'Horror'];English;3.21;83
McCabe & Mrs. Miller;nan;Robert Altman;['Drama', 'Western'];English;4.13;120
The Treasure of the Sierra Madre;nan;John Huston;['Drama', 'Western', 'Adventure'];English;4.29;126
Good Night, and Good Luck.;nan;George Clooney;['History', 'Drama'];English;3.69;92
The Boxtrolls;nan;Graham Annable, Anthony Stacchi;['Animation', 'Comedy', 'Fantasy', 'Family'];English;3.27;97
For the Love of Spock;nan;Adam Nimoy;['Documentary'];English;3.65;105
Shane;nan;George Stevens;['Drama', 'Western'];English;3.73;118
Alien Resurrection;nan;Jean-Pierre Jeunet;['Science Fiction', 'Action', 'Horror'];English;2.59;109
The King's Speech;nan;Tom Hooper;['History', 'Drama'];English;3.79;118
Amadeus;nan;Miloš Forman;['History', 'Drama', 'Music'];English;4.33;160
Alien;nan;Ridley Scott;['Horror', 'Science Fiction'];English;4.26;117
Escape from the Planet of the Apes;nan;Don Taylor;['Science Fiction', 'Action'];English;3.23;98
Point Break;nan;Kathryn Bigelow;['Thriller', 'Crime', 'Action'];English;3.75;122
10 Cloverfield Lane;nan;Dan Trachtenberg;['Drama', 'Science Fiction', 'Thriller', 'Horror'];English;3.56;104
Rise of the Planet of the Apes;nan;Rupert Wyatt;['Thriller', 'Science Fiction', 'Action', 'Drama'];English;3.65;105
Monsters;nan;Gareth Edwards;['Drama', 'Science Fiction', 'Thriller'];English;3.19;94
The Town;nan;Ben Affleck;['Thriller', 'Drama', 'Crime'];English;3.66;125
The Bishop's Wife;nan;Henry Koster;['Drama', 'Fantasy', 'Comedy'];English;3.52;109
Fantastic Beasts and Where to Find Them;nan;David Yates;['Adventure', 'Fantasy'];English;3.15;132
Talladega Nights: The Ballad of Ricky Bobby;nan;Adam McKay;['Comedy'];English;3.32;108
The Scarlet Claw;nan;Roy William Neill;['Mystery', 'Thriller', 'Crime'];English;3.45;74
The Witch;nan;Robert Eggers;['Drama', 'Fantasy', 'Horror'];English;3.83;92
The Great Mouse Detective;nan;Ron Clements, John Musker;['Animation', 'Adventure', 'Mystery', 'Family'];English;3.6;74
The Adventures of Ichabod and Mr. Toad;nan;James Algar, Clyde Geronimi;['Animation', 'Family', 'Horror', 'Fantasy'];English;3.27;68
Captain Blood;nan;Michael Curtiz;['Action', 'Adventure', 'Romance', 'History'];English;3.72;119
Frankenstein Meets the Wolf Man;nan;Roy William Neill;['Horror', 'Science Fiction'];English;3.14;74
High Noon;nan;Fred Zinnemann;['Western', 'Drama'];English;3.98;85
Jennifer's Body;nan;Karyn Kusama;['Horror', 'Comedy'];English;3.44;107
XX;nan;St. Vincent, Roxanne Benjamin;['Horror'];English;2.45;80
Young Adult;nan;Jason Reitman;['Comedy', 'Drama'];English;3.22;94
Abraham Lincoln: Vampire Hunter;nan;Timur Bekmambetov;['Horror', 'Action', 'Fantasy'];English;2.5;105
Kingdom of Heaven;nan;Ridley Scott;['History', 'Adventure', 'War', 'Drama', 'Action'];English;3.62;144
The Equalizer;nan;Antoine Fuqua;['Crime', 'Action', 'Thriller'];English;3.4;132
The Bourne Supremacy;nan;Paul Greengrass;['Drama', 'Action', 'Thriller'];English;3.61;108
Carrie;nan;Brian De Palma;['Horror', 'Thriller'];English;3.85;98
Gattaca;nan;Andrew Niccol;['Thriller', 'Romance', 'Mystery', 'Science Fiction'];English;3.79;106
My Super Ex-Girlfriend;nan;Ivan Reitman;['Romance', 'Science Fiction', 'Comedy'];English;2.11;95
Death Becomes Her;nan;Robert Zemeckis;['Comedy', 'Fantasy', 'Horror'];English;3.71;104
Manhattan;nan;Woody Allen;['Comedy', 'Drama', 'Romance'];English;3.9;96
Private Benjamin;nan;Howard Zieff;['Comedy'];English;3.15;110
Clue;nan;Jonathan Lynn;['Mystery', 'Crime', 'Thriller', 'Comedy'];English;3.88;94
Jeepers Creepers;nan;Victor Salva;['Thriller', 'Horror', 'Mystery', 'Drama'];English;3.07;90
Hustle;nan;Robert Aldrich;['Crime', 'Thriller'];English;3.22;120
The Longest Yard;nan;Peter Segal;['Crime', 'Drama', 'Comedy'];English;3.06;113
Smokey and the Bandit;nan;Hal Needham;['Adventure', 'Action', 'Comedy'];English;3.61;96
All Dogs Go to Heaven;nan;Don Bluth;['Family', 'Fantasy', 'Drama', 'Animation', 'Comedy'];English;3.5;84
Persepolis;nan;Vincent Paronnaud, Marjane Satrapi;['Animation', 'Drama'];French;4.19;95
Repulsion;nan;Roman Polanski;['Horror', 'Drama', 'Thriller'];English;3.92;105
Belle de Jour;nan;Luis Buñuel;['Drama', 'Romance'];French;3.98;101
Contempt;nan;Jean-Luc Godard;['Drama', 'Romance'];French;3.85;103
Holy Motors;nan;Leos Carax;['Fantasy', 'Drama'];French;3.91;115
Danger: Diabolik;nan;Mario Bava;['Crime', 'Thriller', 'Action'];Italian;3.61;100
Atlantic City;nan;Louis Malle;['Drama', 'Romance', 'Crime'];English;3.7;104
Knocked Up;nan;Judd Apatow;['Drama', 'Romance', 'Comedy'];English;3.06;129
Once Upon a Time in Mexico;nan;Robert Rodriguez;['Action', 'Drama', 'Mystery', 'Thriller', 'Crime'];English;3.03;102
Ghost Rider;nan;Mark Steven Johnson;['Fantasy', 'Thriller', 'Action'];English;2.42;114
Hitch;nan;Andy Tennant;['Romance', 'Comedy', 'Drama'];English;3.06;118
Training Day;nan;Antoine Fuqua;['Action', 'Drama', 'Crime'];English;4.0;122
2 Fast 2 Furious;nan;John Singleton;['Action', 'Crime', 'Thriller'];English;3.06;107
A Night at the Roxbury;nan;John Fortenberry;['Comedy', 'Romance'];English;2.94;81
Brotherhood of the Wolf;nan;Christophe Gans;['Adventure', 'Action', 'Horror', 'History'];French;3.34;143
Eyes Without a Face;nan;Georges Franju;['Drama', 'Thriller', 'Horror'];French;3.93;84
Tokyo!;nan;Bong Joon Ho, Leos Carax;['Drama', 'Romance', 'Fantasy', 'Comedy'];Japanese;3.6;112
The Secret Life of Walter Mitty;nan;Ben Stiller;['Comedy', 'Adventure', 'Fantasy', 'Drama'];English;3.8;114
The Cable Guy;nan;Ben Stiller;['Comedy', 'Thriller', 'Drama'];English;3.07;96
The Royal Tenenbaums;nan;Wes Anderson;['Drama', 'Comedy'];English;4.11;110
Midnight in Paris;nan;Woody Allen;['Comedy', 'Fantasy', 'Romance'];English;3.71;94
Cars;nan;John Lasseter;['Adventure', 'Family', 'Comedy', 'Animation'];English;3.79;117
Yogi Bear;nan;Eric Brevig;['Family', 'Adventure', 'Comedy', 'Animation'];English;2.14;80
The Wedding Singer;nan;Frank Coraci;['Romance', 'Comedy'];English;3.4;97
Stranger Than Fiction;nan;Marc Forster;['Drama', 'Fantasy', 'Romance', 'Comedy'];English;3.63;113
Austin Powers: International Man of Mystery;nan;Jay Roach;['Comedy', 'Science Fiction', 'Crime'];English;3.42;94
Megamind;nan;Tom McGrath;['Science Fiction', 'Action', 'Family', 'Animation', 'Comedy'];English;3.72;96
Hairspray;nan;Adam Shankman;['Comedy', 'Romance', 'Drama'];English;3.52;117
The Taking of Pelham One Two Three;nan;Joseph Sargent;['Action', 'Thriller', 'Crime'];English;4.06;104
Airport 1975;nan;Jack Smight;['Drama', 'Action', 'Thriller'];English;2.89;107
Hot Pursuit;nan;Steven Lisberger;['Comedy'];English;2.81;93
Planes: Fire & Rescue;nan;Bobs Gannaway;['Animation', 'Adventure', 'Family', 'Comedy'];English;2.21;83
Touch of Evil;nan;Orson Welles;['Thriller', 'Crime'];English;4.17;111
Ben-Hur;nan;William Wyler;['Drama', 'History', 'Adventure', 'Action'];English;4.05;222
Soylent Green;nan;Richard Fleischer;['Crime', 'Mystery', 'Science Fiction', 'Thriller'];English;3.49;97
Planet of the Apes;nan;Tim Burton;['Science Fiction', 'Thriller', 'Adventure', 'Action'];English;2.31;120
The Ten Commandments;nan;Cecil B. DeMille;['History', 'Drama'];English;3.82;220
The Omega Man;nan;Boris Sagal;['Thriller', 'Drama', 'Science Fiction', 'Action'];English;3.19;98
Nashville;nan;Robert Altman;['Music', 'Comedy', 'Drama'];English;4.15;160
Family Plot;nan;Alfred Hitchcock;['Thriller', 'Comedy', 'Crime', 'Mystery'];English;3.36;120
Capricorn One;nan;Peter Hyams;['Action', 'Science Fiction', 'Thriller', 'Drama'];English;3.4;123
Charade;nan;Stanley Donen;['Romance', 'Mystery', 'Comedy'];English;4.02;113
The Dirty Dozen;nan;Robert Aldrich;['Adventure', 'Action', 'War'];English;3.83;149
Spartacus;nan;Stanley Kubrick;['Drama', 'Adventure', 'History', 'War'];English;3.85;197
The Gambler;nan;Rupert Wyatt;['Thriller', 'Crime', 'Drama'];English;2.82;111
Thunderbolt and Lightfoot;nan;Michael Cimino;['Drama', 'Action', 'Crime', 'Comedy'];English;3.65;115
The Naked Gun 2½: The Smell of Fear;nan;David Zucker;['Comedy', 'Crime'];English;3.42;85
Scream;nan;Wes Craven;['Mystery', 'Crime', 'Horror'];English;4.02;112
Savage Streets;nan;Danny Steinmann;['Drama', 'Action', 'Crime'];English;3.16;93
Sorceress;nan;Jim Wynorski;['Horror', 'Fantasy', 'Thriller'];English;2.69;93
Chained Heat;nan;Paul Nicholas;['Drama', 'Action', 'Thriller', 'Crime'];English;2.89;99
Grease 2;nan;Patricia Birch;['Romance', 'Music', 'Comedy'];English;2.39;115
It's a Mad, Mad, Mad, Mad World;nan;Stanley Kramer;['Action', 'Comedy', 'Adventure', 'Crime'];English;3.7;197
Valhalla Rising;nan;Nicolas Winding Refn;['Adventure', 'Drama', 'Action', 'Fantasy'];English;3.31;93
Demolition;nan;Jean-Marc Vallée;['Comedy', 'Drama'];English;3.58;101
Blended;nan;Frank Coraci;['Comedy', 'Romance'];English;3.06;117
Ratchet & Clank;nan;Jericca Cleland, Kevin Munroe;['Animation', 'Adventure', 'Action', 'Family'];English;2.35;94
Fifty Shades of Black;nan;Michael Tiddes;['Comedy', 'Romance'];English;1.66;92
We Are Your Friends;nan;Max Joseph;['Comedy', 'Romance', 'Music', 'Drama'];English;2.74;96
Enter the Void;nan;Gaspar Noé;['Drama', 'Fantasy'];English;3.77;161
Lights Out;nan;David F. Sandberg;['Horror'];English;2.73;81
J. Edgar;nan;Clint Eastwood;['Crime', 'History', 'Drama'];English;2.9;137
Pitch Perfect;nan;Jason Moore;['Music', 'Comedy', 'Romance'];English;3.55;112
Jem and the Holograms;nan;Jon M. Chu;['Family', 'Music', 'Drama'];English;2.11;119
Iron Man 2;nan;Jon Favreau;['Adventure', 'Science Fiction', 'Action'];English;2.92;124
Confessions of a Shopaholic;nan;P.J. Hogan;['Romance', 'Comedy'];English;3.17;104
Goosebumps;nan;Rob Letterman;['Horror', 'Comedy', 'Adventure'];English;2.81;103
In a World...;nan;Lake Bell;['Comedy'];English;3.3;93
We're the Millers;nan;Rawson Marshall Thurber;['Comedy', 'Crime'];English;3.28;110
Role Models;nan;David Wain;['Comedy'];English;3.16;99
The Spectacular Now;nan;James Ponsoldt;['Drama', 'Romance', 'Comedy'];English;3.2;95
War Dogs;nan;Todd Phillips;['Comedy', 'Drama', 'Crime'];English;3.43;114
Tomorrowland;nan;Brad Bird;['Science Fiction', 'Adventure', 'Mystery', 'Family'];English;2.67;130
Horrible Bosses;nan;Seth Gordon;['Crime', 'Comedy'];English;3.09;98
Guardians of the Galaxy Vol. 2;nan;James Gunn;['Action', 'Science Fiction', 'Adventure'];English;3.53;137
The Last Witch Hunter;nan;Breck Eisner;['Adventure', 'Fantasy', 'Horror', 'Action'];English;2.33;106
The Chronicles of Riddick;nan;David Twohy;['Action', 'Science Fiction'];English;2.89;119
Happy Gilmore;nan;Dennis Dugan;['Comedy'];English;3.41;92
Thelma & Louise;nan;Ridley Scott;['Drama', 'Thriller', 'Adventure', 'Crime'];English;4.17;130
Fanboys;nan;Kyle Newman;['Adventure', 'Crime', 'Comedy', 'Drama'];English;3.0;90
The House Bunny;nan;Fred Wolf;['Romance', 'Comedy'];English;2.91;97
Independence Day;nan;Roland Emmerich;['Adventure', 'Action', 'Science Fiction'];English;3.34;145
Young Frankenstein;nan;Mel Brooks;['Comedy'];English;4.02;106
Ponyo;nan;Hayao Miyazaki;['Family', 'Fantasy', 'Animation'];Japanese;4.09;100
Scouts Guide to the Zombie Apocalypse;nan;Christopher Landon;['Horror', 'Comedy'];English;2.92;93
The Muppet Movie;nan;James Frawley;['Family', 'Music', 'Adventure', 'Comedy'];English;4.02;97
The Croods;nan;Kirk DeMicco, Chris Sanders;['Adventure', 'Fantasy', 'Family', 'Comedy', 'Animation', 'Action'];English;3.08;98
Beavis and Butt-Head Do America;nan;Mike Judge;['Animation', 'Crime', 'Adventure', 'Comedy', 'Music'];English;3.52;81
The Wedding Ringer;nan;Jeremy Garelick;['Comedy'];English;2.72;101
Major League;nan;David S. Ward;['Comedy'];English;3.53;107
Silver Bullet;nan;Daniel Attias;['Horror'];English;3.18;95
Blood Simple;nan;Joel Coen;['Crime', 'Drama', 'Thriller'];English;3.9;97
Wild Wild West;nan;Barry Sonnenfeld;['Adventure', 'Western', 'Science Fiction', 'Action', 'Comedy'];English;2.23;106
The Jerk;nan;Carl Reiner;['Comedy'];English;3.56;94
Serpico;nan;Sidney Lumet;['Drama', 'Crime'];English;3.92;130
A Time to Kill;nan;Joel Schumacher;['Crime', 'Thriller', 'Drama'];English;3.73;149
Toy Story 3;nan;Lee Unkrich;['Comedy', 'Animation', 'Family'];English;4.0;103
Chef;nan;Jon Favreau;['Comedy'];English;3.69;114
G.I. Joe: The Movie;nan;Don Jurwich;['Family', 'Science Fiction', 'Animation', 'Action'];English;3.23;93
Despicable Me 2;nan;Chris Renaud, Pierre Coffin;['Animation', 'Comedy', 'Family'];English;3.2;98
Balto;nan;Simon Wells;['Adventure', 'Family', 'Animation'];English;3.51;78
Marie Antoinette;nan;Sofia Coppola;['History', 'Drama'];English;3.73;123
Horton Hears a Who!;nan;Steve Martino, Jimmy Hayward;['Animation', 'Comedy', 'Family', 'Adventure', 'Fantasy'];English;3.07;86
Under the Skin;nan;Jonathan Glazer;['Science Fiction', 'Thriller', 'Horror', 'Drama'];English;3.61;108
Home Alone 3;nan;Raja Gosnell;['Comedy', 'Family'];English;2.12;102
Monsters, Inc.;nan;Pete Docter;['Comedy', 'Animation', 'Family'];English;4.08;92
Somewhere;nan;Sofia Coppola;['Drama', 'Romance', 'Comedy'];English;3.39;98
Movie 43;nan;Steven Brill, Elizabeth Banks;['Comedy'];English;1.65;94
Keanu;nan;Peter Atencio;['Comedy', 'Crime', 'Action'];English;3.0;100
The Transformers: The Movie;nan;Nelson Shin;['Adventure', 'Science Fiction', 'Action', 'Animation', 'Family'];English;3.6;84
The Island;nan;Michael Bay;['Science Fiction', 'Thriller', 'Adventure', 'Action'];English;2.93;136
A Very Murray Christmas;nan;Sofia Coppola;['Comedy', 'TV Movie', 'Music'];English;2.67;56
Waiting...;nan;Rob McKittrick;['Romance', 'Comedy'];English;2.78;94
The Hunchback of Notre Dame;nan;Kirk Wise, Gary Trousdale;['Family', 'Drama', 'Animation'];English;3.7;91
Ed Wood;nan;Tim Burton;['Comedy', 'Drama', 'History'];English;4.05;127
22 Jump Street;nan;Phil Lord, Christopher Miller;['Crime', 'Action', 'Comedy'];English;3.34;112
The Bad Batch;nan;Ana Lily Amirpour;['Drama', 'Action', 'Romance', 'Mystery', 'Science Fiction', 'Horror', 'Thriller'];English;2.59;119
The Dictator;nan;Larry Charles;['Comedy'];English;2.91;83
Lost Highway;nan;David Lynch;['Thriller', 'Mystery', 'Drama'];English;4.09;134
Just Friends;nan;Roger Kumble;['Romance', 'Comedy'];English;2.59;94
Public Enemies;nan;Michael Mann;['History', 'Crime', 'Drama'];English;3.21;140
Ted;nan;Seth MacFarlane;['Fantasy', 'Comedy'];English;3.02;107
Selma;nan;Ava DuVernay;['History', 'Drama'];English;3.79;127
Superman II;nan;Richard Lester;['Action', 'Adventure', 'Science Fiction'];English;3.34;127
Sisters;nan;Brian De Palma;['Horror', 'Thriller', 'Mystery'];English;3.59;93
Unforgiven;nan;Clint Eastwood;['Western'];English;4.2;130
Antz;nan;Eric Darnell, Tim Johnson;['Comedy', 'Animation', 'Family', 'Adventure'];English;2.82;83
Mississippi Burning;nan;Alan Parker;['Mystery', 'Drama', 'Crime', 'Thriller'];English;3.9;128
Enemy of the State;nan;Tony Scott;['Drama', 'Action', 'Thriller'];English;3.47;132
The Firm;nan;Sydney Pollack;['Drama', 'Mystery', 'Thriller'];English;3.43;154
The Quick and the Dead;nan;Sam Raimi;['Western', 'Thriller', 'Action', 'Romance', 'Drama'];English;3.44;107
Back to the Future Part III;nan;Robert Zemeckis;['Science Fiction', 'Comedy', 'Adventure'];English;3.55;119
Amazon Women on the Moon;nan;Peter Horton, Carl Gottlieb;['Comedy', 'Science Fiction'];English;3.19;84
Supergirl;nan;Jeannot Szwarc;['Action', 'Fantasy', 'Adventure', 'Science Fiction'];English;2.03;124
The Spy Who Came In from the Cold;nan;Martin Ritt;['Thriller', 'Drama'];English;3.9;112
Taras Bulba;nan;J. Lee Thompson;['History', 'Adventure', 'War', 'Romance', 'Drama'];English;3.19;119
The Aviator;nan;George T. Miller;['Adventure', 'Drama', 'Romance'];English;3.13;96
Naked Gun 33⅓: The Final Insult;nan;Peter Segal;['Comedy', 'Crime'];English;3.18;83
Deconstructing Harry;nan;Woody Allen;['Comedy', 'Drama'];English;3.72;96
Hot Fuzz;nan;Edgar Wright;['Action', 'Crime', 'Comedy'];English;4.08;121
Harry Potter and the Half-Blood Prince;nan;David Yates;['Adventure', 'Fantasy'];English;3.7;153
The Chronicles of Narnia: The Lion, the Witch and the Wardrobe;nan;Andrew Adamson;['Adventure', 'Fantasy', 'Family'];English;3.57;143
Indiana Jones and the Kingdom of the Crystal Skull;nan;Steven Spielberg;['Action', 'Adventure'];English;2.73;122
Filth;nan;Jon S. Baird;['Comedy', 'Drama', 'Crime'];English;3.46;97
Moulin Rouge!;nan;Baz Luhrmann;['Romance', 'Music', 'Drama'];English;3.77;128
Cloud Atlas;nan;Lilly Wachowski, Lana Wachowski;['Drama', 'Science Fiction'];English;3.48;172
Brazil;nan;Terry Gilliam;['Science Fiction', 'Comedy'];English;4.1;143
Paddington;nan;Paul King;['Family', 'Adventure', 'Comedy'];English;3.8;95
Bridget Jones's Diary;nan;Sharon Maguire;['Comedy', 'Romance', 'Drama'];English;3.46;97
Eddie the Eagle;nan;Dexter Fletcher;['Comedy', 'Adventure', 'Drama', 'History'];English;3.49;106
Time Bandits;nan;Terry Gilliam;['Family', 'Science Fiction', 'Fantasy', 'Comedy', 'Adventure'];English;3.54;116
Robots;nan;Chris Wedge;['Science Fiction', 'Animation', 'Comedy', 'Family'];English;3.3;90
The Lady in the Van;nan;Nicholas Hytner;['Comedy', 'Drama'];English;3.28;104
Inkheart;nan;Iain Softley;['Fantasy', 'Family', 'Adventure'];English;2.84;106
The Avengers;nan;Jeremiah S. Chechik;['Thriller', 'Action', 'Science Fiction', 'Adventure', 'Comedy'];English;1.97;89
Valiant;nan;Gary Chapman;['Comedy', 'War', 'Family', 'Animation', 'Adventure'];English;2.46;76
Richard III;nan;Richard Loncraine;['Drama', 'War'];English;3.67;104
Erik the Viking;nan;Terry Jones;['Fantasy', 'Comedy', 'Adventure'];English;3.02;107
Bad Taste;nan;Peter Jackson;['Action', 'Comedy', 'Horror', 'Science Fiction'];English;3.27;92
King Kong;nan;Peter Jackson;['Drama', 'Action', 'Adventure'];English;3.38;187
Captain Fantastic;nan;Matt Ross;['Drama', 'Adventure'];English;3.93;118
Eastern Promises;nan;David Cronenberg;['Mystery', 'Crime', 'Thriller'];English;3.87;101
Witness;nan;Peter Weir;['Drama', 'Crime', 'Romance', 'Thriller'];English;3.68;112
A Dangerous Method;nan;David Cronenberg;['Drama', 'Thriller'];English;3.15;99
A History of Violence;nan;David Cronenberg;['Thriller', 'Crime', 'Drama'];English;3.74;96
G.I. Jane;nan;Ridley Scott;['Action', 'Drama'];English;2.95;125
Hidalgo;nan;Joe Johnston;['Western', 'Adventure'];English;3.27;136
Beauty and the Beast;nan;Bill Condon;['Romance', 'Fantasy', 'Family'];English;3.14;129
Last Action Hero;nan;John McTiernan;['Adventure', 'Fantasy', 'Family', 'Comedy', 'Action'];English;3.4;131
Stardust;nan;Matthew Vaughn;['Romance', 'Family', 'Adventure', 'Fantasy'];English;3.63;127
The Da Vinci Code;nan;Ron Howard;['Mystery', 'Thriller'];English;3.15;149
The Keep;nan;Michael Mann;['Fantasy', 'Horror'];English;2.93;96
Justice League: War;nan;Jay Oliva;['Action', 'Animation'];English;3.25;79
The Do-Over;nan;Steven Brill;['Adventure', 'Action', 'Comedy'];English;2.22;108
50 First Dates;nan;Peter Segal;['Comedy', 'Romance'];English;3.31;99
Troy;nan;Wolfgang Petersen;['History', 'War', 'Adventure'];English;3.39;163
Tour de Pharmacy;nan;Jake Szymanski;['TV Movie', 'Comedy'];English;3.54;40
The Good Doctor;nan;Lance Daly;['Mystery', 'Drama', 'Thriller'];English;2.72;93
King Solomon's Mines;nan;J. Lee Thompson;['Comedy', 'Adventure', 'Action'];English;2.54;100
In the Name of the King: A Dungeon Siege Tale;nan;Uwe Boll;['Action', 'Drama', 'Adventure', 'Fantasy'];English;1.68;127
The Jungle Book 2;nan;Steve Trenbirth;['Family', 'Animation', 'Adventure'];English;2.5;72
Firewalker;nan;J. Lee Thompson;['Comedy', 'Adventure', 'Action'];English;2.52;104
Aladdin and the King of Thieves;nan;Tad Stones;['Adventure', 'Animation', 'Family'];English;2.84;81
Waxwork;nan;Anthony Hickox;['Horror', 'Comedy'];English;3.06;97
National Treasure;nan;Jon Turteltaub;['Thriller', 'Mystery', 'Adventure', 'Action'];English;3.3;131
Silent Hill;nan;Christophe Gans;['Mystery', 'Horror'];English;3.09;125
Pixels;nan;Chris Columbus;['Action', 'Science Fiction', 'Fantasy', 'Comedy'];English;2.27;106
Equilibrium;nan;Kurt Wimmer;['Action', 'Thriller', 'Science Fiction'];English;3.3;107
GoldenEye;nan;Martin Campbell;['Action', 'Adventure', 'Thriller'];English;3.56;130
Percy Jackson & the Olympians: The Lightning Thief;nan;Chris Columbus;['Adventure', 'Fantasy', 'Family'];English;2.64;118
Silent Hill: Revelation 3D;nan;M.J. Bassett;['Mystery', 'Thriller', 'Horror'];English;1.9;94
How to Train Your Dragon 2;nan;Dean DeBlois;['Comedy', 'Animation', 'Adventure', 'Action', 'Fantasy', 'Family'];English;3.79;102
Blue Jasmine;nan;Woody Allen;['Drama'];English;3.67;99
Cinderella;nan;Kenneth Branagh;['Romance', 'Family', 'Fantasy', 'Drama'];English;3.24;105
The Aviator;nan;Martin Scorsese;['Drama'];English;3.75;170
Babel;nan;Alejandro González Iñárritu;['Drama'];English;3.68;143
Hanna;nan;Joe Wright;['Thriller', 'Action', 'Adventure'];English;3.37;111
Knight of Cups;nan;Terrence Malick;['Drama', 'Romance'];English;3.29;118
Robin Hood;nan;Ridley Scott;['Action', 'History', 'Adventure'];English;2.78;140
Song to Song;nan;Terrence Malick;['Drama', 'Romance', 'Music'];English;3.05;129
The Monuments Men;nan;George Clooney;['History', 'Action', 'War', 'Drama'];English;2.82;118
Elizabeth;nan;Shekhar Kapur;['History', 'Drama'];English;3.59;124
The Curious Case of Benjamin Button;nan;David Fincher;['Romance', 'Drama', 'Fantasy'];English;3.65;166
The Matrix;nan;Lana Wachowski, Lilly Wachowski;['Science Fiction', 'Action'];English;4.17;136
V for Vendetta;nan;James McTeigue;['Thriller', 'Science Fiction', 'Action'];English;3.86;132
Transformers: Dark of the Moon;nan;Michael Bay;['Action', 'Science Fiction', 'Adventure'];English;2.67;154
The Wolfman;nan;Joe Johnston;['Thriller', 'Horror'];English;2.71;103
Legend of the Guardians: The Owls of Ga'Hoole;nan;Zack Snyder;['Animation', 'Adventure', 'Fantasy', 'Family'];English;3.11;97
The Incredible Hulk;nan;Louis Leterrier;['Science Fiction', 'Action', 'Adventure'];English;2.49;114
Empire Records;nan;Allan Moyle;['Music', 'Comedy', 'Drama'];English;3.55;90
Armageddon;nan;Michael Bay;['Thriller', 'Science Fiction', 'Action', 'Adventure'];English;3.12;151
Stealing Beauty;nan;Bernardo Bertolucci;['Drama', 'Romance'];English;3.32;116
Star Wars: Episode III – Revenge of the Sith;nan;George Lucas;['Science Fiction', 'Adventure', 'Action'];English;3.91;140
Hugo;nan;Martin Scorsese;['Adventure', 'Family', 'Drama'];English;3.5;126
Corpse Bride;nan;Mike Johnson, Tim Burton;['Animation', 'Fantasy', 'Romance'];English;3.87;77
Dark Shadows;nan;Tim Burton;['Comedy', 'Fantasy'];English;2.76;113
Season of the Witch;nan;Dominic Sena;['Fantasy', 'Adventure', 'Action'];English;2.2;95
The Last Unicorn;nan;Arthur Rankin, Jr., Jules Bass;['Family', 'Adventure', 'Fantasy', 'Animation'];English;3.77;92
The Man with the Golden Gun;nan;Guy Hamilton;['Action', 'Adventure', 'Thriller'];English;3.1;125
The Curse of Frankenstein;nan;Terence Fisher;['Science Fiction', 'Horror'];English;3.52;83
Hamlet;nan;Laurence Olivier;['Drama'];English;3.72;153
1941;nan;Steven Spielberg;['Comedy', 'War', 'Action'];English;2.62;118
Star Wars: The Clone Wars;nan;Dave Filoni;['Action', 'Adventure', 'Science Fiction', 'Animation'];English;2.89;98
Dracula;nan;Terence Fisher;['Horror'];English;3.59;82
Horror Express;nan;Eugenio Martín;['Horror'];English;3.33;87
Dracula: Prince of Darkness;nan;Terence Fisher;['Horror'];English;3.31;86
The Mummy;nan;Terence Fisher;['Horror'];English;3.25;88
The Whip and the Body;nan;Mario Bava;['Drama', 'Horror'];Italian;3.52;87
Death Line;nan;Gary Sherman;['Horror'];English;3.08;87
The Private Life of Sherlock Holmes;nan;Billy Wilder;['Comedy', 'Crime', 'History', 'Adventure', 'Mystery'];English;3.47;125
Dracula Has Risen from the Grave;nan;Freddie Francis;['Horror'];English;3.2;92
Dr. Terror's House of Horrors;nan;Freddie Francis;['Horror'];English;3.26;98
The Three Musketeers;nan;Richard Lester;['Romance', 'Family', 'Adventure', 'Action'];English;3.43;106
The House That Dripped Blood;nan;Peter Duffell;['Mystery', 'Horror'];English;3.22;102
Dracula A.D. 1972;nan;Alan Gibson;['Horror'];English;3.06;96
Seed of Chucky;nan;Don Mancini;['Horror', 'Comedy'];English;2.62;88
The Flying Scotsman;nan;Douglas Mackinnon;['Drama'];English;3.31;96
X-Men Origins: Wolverine;nan;Gavin Hood;['Science Fiction', 'Adventure', 'Action'];English;2.46;107
The Adventures of Tintin;nan;Steven Spielberg;['Adventure', 'Animation', 'Mystery'];English;3.62;107
Ratatouille;nan;Brad Bird;['Animation', 'Family', 'Comedy', 'Fantasy'];English;4.22;111
From Hell;nan;Albert Hughes, Allen Hughes;['Horror', 'Thriller', 'Mystery'];English;3.05;122
Lord of War;nan;Andrew Niccol;['Drama', 'Thriller', 'Crime'];English;3.59;122
eXistenZ;nan;David Cronenberg;['Science Fiction', 'Thriller', 'Action'];English;3.6;97
The Day After Tomorrow;nan;Roland Emmerich;['Action', 'Thriller', 'Science Fiction', 'Adventure'];English;2.97;123
Underworld: Rise of the Lycans;nan;Patrick Tatopoulos;['Thriller', 'Action', 'Fantasy'];English;2.81;92
Iron Man 3;nan;Shane Black;['Action', 'Adventure', 'Science Fiction'];English;3.04;130
Fish Tank;nan;Andrea Arnold;['Drama'];English;3.84;123
Fury;nan;David Ayer;['War', 'Drama', 'Action'];English;3.76;135
Nymphomaniac: Vol. I;nan;Lars von Trier;['Drama'];English;3.49;118
Disturbia;nan;D.J. Caruso;['Drama', 'Mystery', 'Thriller'];English;3.12;105
Constantine;nan;Francis Lawrence;['Fantasy', 'Action', 'Horror'];English;3.39;121
Lawless;nan;John Hillcoat;['Western', 'Drama', 'Crime'];English;3.38;115
Charlie's Angels: Full Throttle;nan;McG;['Comedy', 'Adventure', 'Action'];English;2.89;106
Wall Street: Money Never Sleeps;nan;Oliver Stone;['Drama', 'Crime'];English;2.81;133
It Comes at Night;nan;Trey Edward Shults;['Drama', 'Mystery', 'Horror'];English;3.16;91
Magic Mike;nan;Steven Soderbergh;['Comedy', 'Drama'];English;2.98;110
The Discovery;nan;Charlie McDowell;['Thriller', 'Romance', 'Drama', 'Science Fiction', 'Mystery'];English;3.05;102
Yellow;nan;Nick Cassavetes;['Drama'];English;nan;109
Heaven Knows What;nan;Benny Safdie, Josh Safdie;['Drama', 'Crime'];English;3.68;97
28 Weeks Later;nan;Juan Carlos Fresnadillo;['Horror', 'Science Fiction', 'Thriller'];English;3.1;100
Spy Game;nan;Tony Scott;['Thriller', 'Crime', 'Action'];English;3.33;126
The World Is Not Enough;nan;Michael Apted;['Adventure', 'Thriller', 'Action'];English;2.89;128
Beyond the Clouds;nan;Michelangelo Antonioni;['Romance', 'Drama'];French;3.23;110
The Party;nan;Claude Pinoteau;['Drama', 'Comedy', 'Romance'];French;3.54;110
LOL (Laughing Out Loud);nan;Lisa Azuelos;['Comedy'];French;3.5;103
Scanners;nan;David Cronenberg;['Horror', 'Science Fiction'];English;3.47;103
Escape from Alcatraz;nan;Don Siegel;['Thriller', 'Drama'];English;3.77;113
The Lost City of Z;nan;James Gray;['History', 'Adventure', 'Drama'];English;3.41;141
Saw III;nan;Darren Lynn Bousman;['Thriller', 'Horror', 'Crime'];English;2.97;108
Jason and the Argonauts;nan;Nick Willing;['Family'];English;2.91;240
Titus;nan;Julie Taymor;['History', 'Drama'];English;3.63;162
In Bruges;nan;Martin McDonagh;['Drama', 'Comedy', 'Crime'];English;4.12;108
Assassin's Creed;nan;Justin Kurzel;['Science Fiction', 'Adventure', 'Action'];English;1.99;116
The Village;nan;M. Night Shyamalan;['Mystery', 'Drama', 'Thriller'];English;3.34;108
Mission: Impossible II;nan;John Woo;['Action', 'Thriller', 'Adventure'];English;2.66;123
Song of the Sea;nan;Tomm Moore;['Fantasy', 'Animation', 'Family'];English;4.23;94
In the Heart of the Sea;nan;Ron Howard;['Drama', 'Adventure', 'History', 'Thriller', 'Action'];English;3.05;122
The Pirates! In an Adventure with Scientists!;nan;Peter Lord;['Animation', 'Family', 'Comedy', 'Adventure'];English;3.38;88
The Secret of Kells;nan;Nora Twomey, Tomm Moore;['Animation', 'Family', 'Fantasy'];English;3.85;78
Beowulf;nan;Robert Zemeckis;['Action', 'Adventure', 'Animation'];English;2.69;115
Live by Night;nan;Ben Affleck;['Crime', 'Thriller', 'Drama'];English;2.79;129
The Smurfs 2;nan;Raja Gosnell;['Comedy', 'Fantasy', 'Family', 'Animation'];English;2.08;104
Harry Potter and the Deathly Hallows: Part 1;nan;David Yates;['Fantasy', 'Adventure'];English;3.72;146
T2 Trainspotting;nan;Danny Boyle;['Drama', 'Crime', 'Comedy'];English;3.56;117
Highlander;nan;Russell Mulcahy;['Action', 'Adventure', 'Fantasy'];English;3.33;116
Emma;nan;Douglas McGrath;['Romance', 'Comedy', 'Drama'];English;3.26;121
The Last Legion;nan;Doug Lefler;['Action', 'Adventure', 'War', 'Fantasy'];English;2.44;102
Citadel;nan;Ciarán Foy;['Thriller', 'Drama', 'Horror'];English;2.92;85
The Wind That Shakes the Barley;nan;Ken Loach;['War', 'Drama'];English;3.96;127
Apocalypto;nan;Mel Gibson;['Drama', 'Action', 'History'];Mayan;3.82;139
Kick-Ass 2;nan;Jeff Wadlow;['Action', 'Crime', 'Adventure'];English;2.76;103
The Cabin in the Woods;nan;Drew Goddard;['Horror', 'Mystery'];English;3.39;95
Bicentennial Man;nan;Chris Columbus;['Science Fiction', 'Drama'];English;3.23;131
Adventures in Babysitting;nan;Chris Columbus;['Comedy'];English;3.44;102
Into the Wild;nan;Sean Penn;['Drama', 'Adventure'];English;3.81;148
The 40 Year Old Virgin;nan;Judd Apatow;['Romance', 'Comedy'];English;3.32;116
Where the Wild Things Are;nan;Spike Jonze;['Fantasy', 'Drama', 'Family', 'Adventure'];English;3.51;101
Jackass Presents: Bad Grandpa;nan;Jeff Tremaine;['Comedy'];English;2.81;92
The Social Network;nan;David Fincher;['Drama'];English;3.94;121
American Made;nan;Doug Liman;['Comedy', 'Crime', 'Drama'];English;3.41;115
Finding Nemo;nan;Andrew Stanton;['Animation', 'Family'];English;4.04;100
Rango;nan;Gore Verbinski;['Western', 'Family', 'Animation', 'Comedy', 'Adventure'];English;3.7;112
Trumbo;nan;Jay Roach;['Drama'];English;3.43;124
The Men Who Stare at Goats;nan;Grant Heslov;['Comedy', 'War'];English;3.04;94
Mike and Dave Need Wedding Dates;nan;Jake Szymanski;['Comedy'];English;2.52;98
Ice Age: The Meltdown;nan;Carlos Saldanha;['Adventure', 'Comedy', 'Family', 'Animation'];English;3.12;91
Black Rain;nan;Ridley Scott;['Thriller', 'Action', 'Drama'];English;3.25;125
Crocodile Dundee II;nan;John Cornell;['Comedy', 'Adventure'];English;2.65;110
Monkey Shines;nan;George A. Romero;['Science Fiction', 'Drama', 'Horror', 'Thriller'];English;3.16;113
The Outsiders;nan;Francis Ford Coppola;['Drama', 'Crime'];English;3.63;91
Rumble Fish;nan;Francis Ford Coppola;['Romance', 'Crime', 'Drama'];English;3.8;94
Badlands;nan;Terrence Malick;['Crime', 'Romance', 'Drama'];English;4.02;94
Wall Street;nan;Oliver Stone;['Crime', 'Drama'];English;3.6;126
The Dead Zone;nan;David Cronenberg;['Science Fiction', 'Thriller', 'Horror'];English;3.54;103
Ask Me Anything;nan;Allison Burnett;['Drama'];English;2.68;100
To Kill a Mockingbird;nan;Robert Mulligan;['Drama'];English;4.09;129
Jack Reacher;nan;Christopher McQuarrie;['Drama', 'Crime', 'Thriller', 'Action'];English;3.19;130
M*A*S*H;nan;Robert Altman;['War', 'Comedy', 'Drama'];English;3.52;116
The Judge;nan;David Dobkin;['Drama'];English;3.37;141
Deep Impact;nan;Mimi Leder;['Action', 'Science Fiction', 'Drama'];English;2.93;121
Hearts of Darkness: A Filmmaker's Apocalypse;nan;Fax Bahr, George Hickenlooper;['Documentary'];English;4.2;96
Bullitt;nan;Peter Yates;['Romance', 'Thriller', 'Drama', 'Crime', 'Action'];English;3.72;113
The 6th Day;nan;Roger Spottiswoode;['Science Fiction', 'Mystery', 'Action', 'Drama', 'Thriller'];English;2.75;123
The Chase;nan;Arthur Penn;['Drama', 'Crime'];English;3.62;135
The Two Jakes;nan;Jack Nicholson;['Drama', 'Crime', 'Romance', 'Mystery'];English;2.98;137
National Treasure: Book of Secrets;nan;Jon Turteltaub;['Action', 'Thriller', 'Adventure', 'Mystery'];English;2.96;124
Malcolm X;nan;Spike Lee;['History', 'Drama'];English;4.25;202
Ali;nan;Michael Mann;['Drama'];English;3.48;157
American Graffiti;nan;George Lucas;['Drama', 'Comedy'];English;3.73;110
The Fugitive;nan;Andrew Davis;['Drama', 'Action', 'Thriller'];English;3.91;131
Working Girl;nan;Mike Nichols;['Drama', 'Romance', 'Comedy'];English;3.44;114
Frantic;nan;Roman Polanski;['Drama', 'Crime', 'Thriller', 'Mystery'];English;3.49;120
Zabriskie Point;nan;Michelangelo Antonioni;['Drama'];English;3.64;113
Hell's Angels '69;nan;Lee Madden;['Adventure', 'Crime', 'Action', 'Thriller'];English;3.17;97
Will Penny;nan;Tom Gries;['Romance', 'Western'];English;3.45;110
The Black Power Mixtape 1967-1975;nan;Göran Olsson;['History', 'Documentary'];English;4.02;100
The Birds;nan;Alfred Hitchcock;['Horror', 'Thriller'];English;3.75;120
One Hundred and One Dalmatians;nan;Hamilton Luske, Clyde Geronimi;['Animation', 'Comedy', 'Family', 'Adventure'];English;3.67;79
The Time Machine;nan;George Pal;['Adventure', 'Science Fiction', 'Fantasy', 'Romance', 'Thriller'];English;3.62;103
Dark of the Sun;nan;Jack Cardiff;['Adventure', 'War', 'Drama'];English;3.65;101
World Without End;nan;Edward Bernds;['Science Fiction', 'Romance', 'Adventure'];English;2.78;80
Darker Than Amber;nan;Robert Clouse;['Mystery', 'Drama', 'Action', 'Adventure'];English;3.37;96
Giant;nan;George Stevens;['Drama', 'Western'];English;3.88;201
Inglourious Basterds;nan;Quentin Tarantino;['Drama', 'Thriller', 'War'];English;4.35;153
North by Northwest;nan;Alfred Hitchcock;['Mystery', 'Adventure', 'Thriller'];English;4.19;136
The Killing;nan;Stanley Kubrick;['Thriller', 'Crime'];English;4.0;85
Marnie;nan;Alfred Hitchcock;['Crime', 'Romance', 'Mystery', 'Thriller'];English;3.56;130
The Thin Man;nan;W.S. Van Dyke;['Mystery', 'Comedy', 'Crime'];English;3.96;91
The Killers;nan;Robert Siodmak;['Crime', 'Mystery', 'Thriller'];English;3.84;103
Cape Fear;nan;J. Lee Thompson;['Thriller', 'Drama'];English;3.92;105
Yes Man;nan;Peyton Reed;['Comedy', 'Romance'];English;3.12;104
The Others;nan;Alejandro Amenábar;['Mystery', 'Thriller', 'Horror'];English;3.77;104
Calvary;nan;John Michael McDonagh;['Drama'];English;3.89;102
Les Misérables;nan;Bille August;['History', 'Romance', 'Crime', 'Drama'];English;3.42;134
Argo;nan;Ben Affleck;['Thriller', 'Drama'];English;3.72;120
Godzilla;nan;Gareth Edwards;['Science Fiction', 'Drama', 'Action'];English;3.08;123
Little Miss Sunshine;nan;Valerie Faris, Jonathan Dayton;['Drama', 'Comedy'];English;4.19;102
Kung Fu Panda 3;nan;Jennifer Yuh Nelson, Alessandro Carloni;['Adventure', 'Comedy', 'Action', 'Animation', 'Family'];English;3.27;95
Total Recall;nan;Len Wiseman;['Science Fiction', 'Thriller', 'Action'];English;2.51;118
Contagion;nan;Steven Soderbergh;['Drama', 'Science Fiction', 'Thriller'];English;3.38;106
The Simpsons Movie;nan;David Silverman;['Family', 'Comedy', 'Animation'];English;3.48;87
A Most Violent Year;nan;J.C. Chandor;['Drama', 'Thriller', 'Crime'];English;3.56;124
The Secret Life of Pets;nan;Chris Renaud;['Family', 'Adventure', 'Comedy', 'Animation'];English;2.81;86
Concussion;nan;Peter Landesman;['Drama'];English;3.23;123
The Little Prince;nan;Mark Osborne;['Family', 'Fantasy', 'Animation', 'Adventure'];English;3.86;108
Inside Llewyn Davis;nan;Joel Coen, Ethan Coen;['Drama', 'Music'];English;4.03;104
Sucker Punch;nan;Zack Snyder;['Action', 'Fantasy', 'Thriller'];English;2.8;110
The Bourne Legacy;nan;Tony Gilroy;['Thriller', 'Action'];English;2.81;135
Body of Lies;nan;Ridley Scott;['Thriller', 'Drama', 'Action'];English;3.1;128
The Promise;nan;Terry George;['History', 'Drama', 'Romance'];English;3.18;133
Zoolander 2;nan;Ben Stiller;['Action', 'Adventure', 'Comedy'];English;2.19;100
Detachment;nan;Tony Kaye;['Drama'];English;3.87;98
Fist Fight;nan;Richie Keen;['Comedy'];English;2.44;91
Pacific Rim;nan;Guillermo del Toro;['Science Fiction', 'Adventure', 'Action'];English;3.42;131
Tangled;nan;Byron Howard, Nathan Greno;['Family', 'Adventure', 'Animation'];English;3.99;100
Hellboy;nan;Guillermo del Toro;['Action', 'Fantasy'];English;3.42;122
Blade II;nan;Guillermo del Toro;['Horror', 'Action', 'Fantasy', 'Thriller'];English;3.28;117
The City of Lost Children;nan;Marc Caro, Jean-Pierre Jeunet;['Fantasy', 'Adventure', 'Science Fiction'];French;3.76;113
Percy Jackson: Sea of Monsters;nan;Thor Freudenthal;['Fantasy', 'Adventure', 'Family'];English;2.14;106
The Book of Life;nan;Jorge R. Gutierrez;['Comedy', 'Animation', 'Fantasy', 'Adventure', 'Family'];English;3.66;95
Enemy at the Gates;nan;Jean-Jacques Annaud;['Romance', 'War', 'Drama', 'History'];English;3.52;131
The Name of the Rose;nan;Jean-Jacques Annaud;['Drama', 'Mystery', 'Thriller'];English;3.68;130
Star Trek: Nemesis;nan;Stuart Baird;['Action', 'Adventure', 'Thriller', 'Science Fiction'];English;2.67;116
Justice League: The Flashpoint Paradox;nan;Jay Oliva;['Fantasy', 'Action', 'Adventure', 'Science Fiction', 'Animation'];English;3.79;75
Looney Tunes: Back in Action;nan;Joe Dante;['Comedy', 'Animation', 'Family'];English;3.11;91
Conan the Barbarian;nan;Marcus Nispel;['Fantasy', 'Adventure', 'Action'];English;2.2;113
Titan A.E.;nan;Don Bluth, Gary Goldman;['Family', 'Action', 'Animation', 'Science Fiction', 'Adventure'];English;3.18;94
Sleepwalkers;nan;Mick Garris;['Fantasy', 'Thriller', 'Horror'];English;2.77;89
Outlander;nan;Howard McCain;['Action', 'Science Fiction'];English;2.87;115
Moonwalkers;nan;Antoine Bardou-Jacquet;['Comedy'];English;3.0;107
The Punisher: Dirty Laundry;nan;Phil Joanou;['Thriller', 'Action', 'Drama'];English;3.5;11
The Ice Pirates;nan;Stewart Raffill;['Comedy', 'Action', 'Adventure', 'Science Fiction'];English;2.74;91
Afro Samurai;nan;Yasuhiro Geshi, Fuminori Kizaki;['Drama', 'Animation'];English;3.77;127
An American Tail: The Treasure of Manhattan Island;nan;Larry Latham;['Animation', 'Adventure', 'Family'];English;2.93;78
The Scorpion King 3: Battle for Redemption;nan;Roel Reiné;['Action', 'Adventure', 'Fantasy', 'Drama'];English;1.83;106
Hellboy II: The Golden Army;nan;Guillermo del Toro;['Horror', 'Fantasy', 'Action', 'Science Fiction', 'Adventure'];English;3.42;120
Zathura: A Space Adventure;nan;Jon Favreau;['Family', 'Science Fiction', 'Adventure'];English;3.18;101
Gangster Squad;nan;Ruben Fleischer;['Crime', 'Action', 'Drama', 'Thriller'];English;2.79;113
The Avengers;nan;Joss Whedon;['Science Fiction', 'Adventure', 'Action'];English;3.67;143
West Side Story;nan;Robert Wise, Jerome Robbins;['Romance', 'Crime', 'Drama'];English;3.84;153
Gun Crazy;nan;Joseph H. Lewis;['Crime', 'Thriller', 'Romance'];English;3.92;87
Reign of Terror;nan;Anthony Mann;['History', 'Drama', 'Thriller'];English;3.65;87
Twin Peaks: The Missing Pieces;nan;David Lynch;['Mystery', 'Drama', 'Thriller'];English;3.95;90
xXx;nan;Rob Cohen;['Action', 'Crime', 'Adventure', 'Thriller'];English;2.51;124
Drive Angry;nan;Patrick Lussier;['Crime', 'Thriller', 'Action', 'Fantasy'];English;2.49;104
Pearl Harbor;nan;Michael Bay;['Romance', 'War', 'History', 'Action', 'Drama'];English;2.85;183
Drive;nan;Steve Wang;['Adventure', 'Science Fiction', 'Comedy', 'Action'];English;3.55;100
Ski School;nan;Damian Lee;['Comedy'];English;2.39;95
Superman III;nan;Richard Lester;['Comedy', 'Adventure', 'Action', 'Science Fiction'];English;2.29;125
See No Evil, Hear No Evil;nan;Arthur Hiller;['Comedy', 'Crime'];English;3.33;103
Cat People;nan;Paul Schrader;['Horror', 'Thriller'];English;3.18;118
Smile;nan;Michael Ritchie;['Comedy'];English;3.67;113
11.22.63;nan;Kevin Macdonald, Fred Toye;['Drama'];English;3.9;436
Bridge to Terabithia;nan;Eric Till;['Family', 'Drama', 'Fantasy'];English;3.23;60
Basket Case 2;nan;Frank Henenlotter;['Comedy', 'Horror'];English;3.02;90
Pump Up the Volume;nan;Allan Moyle;['Drama', 'Music'];English;3.71;105
The Comeback;nan;Pete Walker;['Horror', 'Mystery'];English;3.08;100
History of the World: Part I;nan;Mel Brooks;['Comedy'];English;3.36;92
Finders Keepers;nan;Richard Lester;['Comedy'];English;3.05;96
The Magnificent Seven;nan;John Sturges;['Action', 'Western', 'Adventure'];English;3.82;127
Pootie Tang;nan;Louis C.K.;['Comedy', 'Action'];English;3.02;81
Battle Beyond the Stars;nan;Jimmy T. Murakami;['Science Fiction', 'Adventure', 'Action'];English;2.83;104
The Young Philadelphians;nan;Vincent Sherman;['Drama'];English;3.42;136
Good Luck, Miss Wyckoff;nan;Marvin J. Chomsky;['Drama'];English;3.39;106
The Dion Brothers;nan;Jack Starrett;['Crime', 'Comedy', 'Action', 'Drama'];English;3.57;94
Never Say Never Again;nan;Irvin Kershner;['Action', 'Adventure', 'Thriller'];English;2.72;134
Lonesome Dove;nan;Simon Wincer;['Drama', 'Western'];English;4.15;384
Death Wish 3;nan;Michael Winner;['Drama', 'Thriller', 'Action', 'Crime'];English;3.16;90
Prince Valiant;nan;Anthony Hickox;['Fantasy', 'Adventure'];English;2.87;91
Priest;nan;Scott Stewart;['Horror', 'Action', 'Fantasy', 'Thriller'];English;2.37;87
Ultraviolet;nan;Joe Ahearne;['Drama'];English;3.51;300
Ghost Rider: Spirit of Vengeance;nan;Mark Neveldine, Brian Taylor;['Action', 'Thriller', 'Fantasy'];English;1.87;96
Beasts of No Nation;nan;Cary Joji Fukunaga;['War', 'Drama'];English;3.94;137
The Dark Tower;nan;Nikolaj Arcel;['Fantasy', 'Science Fiction', 'Action'];English;2.12;95
Bastille Day;nan;James Watkins;['Action'];English;2.73;92
The Losers;nan;Sylvain White;['Mystery', 'Action', 'Crime', 'Thriller', 'Adventure'];English;2.79;97
Molly's Game;nan;Aaron Sorkin;['Drama', 'Crime'];English;3.57;140
The Unborn;nan;David S. Goyer;['Mystery', 'Horror', 'Thriller'];English;2.0;87
Mandela: Long Walk to Freedom;nan;Justin Chadwick;['Drama', 'History'];English;3.27;141
The Gunman;nan;Pierre Morel;['Drama', 'Action', 'Crime'];English;2.55;115
Prom Night;nan;Nelson McCormick;['Horror', 'Drama', 'Mystery'];English;1.89;88
Takers;nan;John Luessenhop;['Action', 'Drama', 'Crime', 'Thriller'];English;2.7;107
No Good Deed;nan;Sam Miller;['Thriller', 'Crime'];English;2.55;84
Obsessed;nan;Steve Shill;['Drama', 'Thriller'];English;2.53;108
The Reaping;nan;Stephen Hopkins;['Horror'];English;2.43;99
Hacksaw Ridge;nan;Mel Gibson;['War', 'Drama', 'History'];English;3.95;139
Excalibur;nan;John Boorman;['Fantasy', 'Adventure'];English;3.71;141
A Man for All Seasons;nan;Fred Zinnemann;['History', 'Drama'];English;3.82;120
In the Name of the Father;nan;Jim Sheridan;['Drama'];English;4.16;133
Lincoln;nan;Steven Spielberg;['Drama', 'History'];English;3.57;149
My Beautiful Laundrette;nan;Stephen Frears;['Romance', 'Comedy', 'Drama'];English;3.54;98
Chi-Raq;nan;Spike Lee;['Drama', 'Comedy', 'Crime'];English;3.28;127
He Got Game;nan;Spike Lee;['Drama'];English;3.63;136
Oldboy;nan;Spike Lee;['Mystery', 'Action', 'Drama', 'Thriller'];English;2.14;104
She's Gotta Have It;nan;Spike Lee;['Comedy', 'Romance'];English;3.62;84
Crooklyn;nan;Spike Lee;['Drama', 'Comedy'];English;3.88;114
Once Upon a Time in America;nan;Sergio Leone;['Crime', 'Drama'];English;4.22;229
Léon: The Professional;nan;Luc Besson;['Crime', 'Action', 'Drama'];French;4.02;111
The Stuff;nan;Larry Cohen;['Science Fiction', 'Horror', 'Comedy'];English;3.04;87
Lucky Number Slevin;nan;Paul McGuigan;['Crime', 'Thriller', 'Drama', 'Mystery'];English;3.57;110
Moonstruck;nan;Norman Jewison;['Drama', 'Romance', 'Comedy'];English;3.79;102
Deathmask;nan;Richard Friedman;['Mystery', 'Drama'];English;nan;103
Radio Days;nan;Woody Allen;['Comedy', 'Drama'];English;3.77;90
Dinosaur;nan;Eric Leighton, Ralph Zondag;['Adventure', 'Animation', 'Family'];English;2.93;82
Doctor Dolittle;nan;Betty Thomas;['Family', 'Fantasy', 'Comedy'];English;2.63;85
The Hill;nan;Sidney Lumet;['Drama', 'War'];English;4.05;123
12 Angry Men;nan;William Friedkin;['Drama', 'TV Movie'];English;3.86;117
No Way Out;nan;Joseph L. Mankiewicz;['Crime', 'Thriller', 'Drama'];English;3.73;106
The Stand;nan;Mick Garris;['Drama', 'Horror'];English;3.23;361
The Tall Target;nan;Anthony Mann;['History', 'Mystery', 'Thriller'];English;3.57;78
The Long Goodbye;nan;Robert Altman;['Crime', 'Thriller', 'Mystery', 'Drama', 'Comedy'];English;4.18;112
California Split;nan;Robert Altman;['Comedy', 'Drama'];English;3.91;108
Short Cuts;nan;Robert Altman;['Comedy', 'Drama'];English;4.11;188
Dick Tracy;nan;Warren Beatty;['Comedy', 'Adventure', 'Crime'];English;3.18;105
Splendor in the Grass;nan;Elia Kazan;['Romance', 'Drama'];English;3.88;124
Bulworth;nan;Warren Beatty;['Romance', 'Crime', 'Thriller', 'Comedy', 'Drama'];English;3.37;108
Red Riding Hood;nan;Catherine Hardwicke;['Drama', 'Mystery', 'Fantasy', 'Thriller', 'Horror'];English;2.35;100
Petulia;nan;Richard Lester;['Drama', 'Romance'];English;3.69;105
Batman Forever;nan;Joel Schumacher;['Fantasy', 'Crime', 'Action'];English;2.51;121
The Patriot;nan;Roland Emmerich;['Action', 'Drama', 'War', 'History'];English;3.36;165
Inspector Gadget;nan;David Kellogg;['Action', 'Adventure', 'Comedy', 'Family'];English;2.07;78
The Little Mermaid II: Return to the Sea;nan;Jim Kammerud;['Animation', 'Comedy', 'Adventure', 'Family'];English;2.61;75
King Kong;nan;John Guillermin;['Fantasy', 'Adventure'];English;2.95;134
Images;nan;Robert Altman;['Horror', 'Thriller', 'Mystery'];English;3.74;101
Little Nemo: Adventures in Slumberland;nan;Masami Hata, William T. Hurtz;['Animation', 'Fantasy', 'Family', 'Adventure'];Japanese;3.48;95
Joseph: King of Dreams;nan;Rob LaDuca, Robert C. Ramirez;['Animation', 'Family'];English;3.07;74
Payback;nan;Brian Helgeland;['Drama', 'Crime', 'Action', 'Thriller'];English;3.33;100
Rolling Thunder;nan;John Flynn;['Drama', 'Action', 'Crime', 'Thriller'];English;3.69;100
Marathon Man;nan;John Schlesinger;['Thriller', 'Crime', 'Drama', 'Action'];English;3.77;125
Space Cowboys;nan;Clint Eastwood;['Thriller', 'Action', 'Adventure'];English;3.07;130
Star Trek IV: The Voyage Home;nan;Leonard Nimoy;['Science Fiction', 'Adventure'];English;3.72;118
Brewster McCloud;nan;Robert Altman;['Fantasy', 'Comedy'];English;3.71;105
Tales from the Crypt: Demon Knight;nan;Ernest R. Dickerson;['Horror', 'Comedy', 'Thriller'];English;3.41;92
Star Trek VI: The Undiscovered Country;nan;Nicholas Meyer;['Thriller', 'Adventure', 'Science Fiction', 'Action'];English;3.62;110
Inside Moves;nan;Richard Donner;['Drama'];English;3.43;113
Thieves Like Us;nan;Robert Altman;['Crime', 'Drama', 'Romance'];English;3.58;123
TerrorVision;nan;Ted Nicolaou;['Comedy', 'Horror', 'Science Fiction'];English;3.09;85
Popeye;nan;Robert Altman;['Comedy', 'Action', 'Adventure', 'Family'];English;2.89;114
The Underneath;nan;Steven Soderbergh;['Drama', 'Thriller', 'Crime'];English;3.15;99
3 Women;nan;Robert Altman;['Drama'];English;4.15;124
The Duellists;nan;Ridley Scott;['War', 'Drama'];English;3.83;100
Choose Me;nan;Alan Rudolph;['Comedy', 'Romance', 'Drama'];English;3.68;106
X-Men: The Last Stand;nan;Brett Ratner;['Thriller', 'Science Fiction', 'Action', 'Adventure'];English;2.65;104
Phase IV;nan;Saul Bass;['Science Fiction', 'Horror'];English;3.5;86
Cloak & Dagger;nan;Richard Franklin;['Action', 'Adventure', 'Family'];English;3.31;102
What's Up, Doc?;nan;Peter Bogdanovich;['Romance', 'Comedy'];English;4.09;94
An Unmarried Woman;nan;Paul Mazursky;['Comedy', 'Drama', 'Romance'];English;3.9;124
What We Do in the Shadows;nan;Taika Waititi, Jemaine Clement;['Horror', 'Comedy'];English;4.12;86
Boy;nan;Taika Waititi;['Drama', 'Comedy'];English;4.05;87
Eagle vs Shark;nan;Taika Waititi;['Comedy', 'Romance'];English;3.4;87
Two Cars, One Night;nan;Taika Waititi;['Comedy', 'Drama'];English;3.76;12
In the Mouth of Madness;nan;John Carpenter;['Mystery', 'Horror'];English;3.79;95
Jurassic Park III;nan;Joe Johnston;['Action', 'Thriller', 'Adventure', 'Science Fiction'];English;2.82;92
The Hunt for Red October;nan;John McTiernan;['Adventure', 'Action', 'Thriller'];English;3.76;135
The Hunter;nan;Daniel Nettheim;['Adventure', 'Drama', 'Thriller'];English;3.34;102
Wimbledon;nan;Richard Loncraine;['Comedy', 'Romance'];English;3.02;98
Until the End of the World;nan;Wim Wenders;['Drama', 'Science Fiction', 'Adventure'];English;3.91;158
Paper Planes;nan;Robert Connolly;['Family', 'Drama', 'Comedy'];English;2.75;96
Shopping;nan;Louis Sutherland, Mark Albiston;['Drama'];English;nan;98
Housebound;nan;Gerard Johnstone;['Comedy', 'Horror', 'Thriller'];English;3.39;111
The Dark Horse;nan;James Napier Robertson;['Drama', 'History'];English;3.79;124
Whale Rider;nan;Niki Caro;['Drama', 'Family'];English;3.7;101
Perfect Creature;nan;Glenn Standring;['Fantasy', 'Drama', 'Action', 'Horror', 'Science Fiction'];English;2.81;90
Trolls;nan;Mike Mitchell;['Fantasy', 'Animation', 'Comedy', 'Family', 'Adventure', 'Music'];English;2.75;92
Invasion of the Body Snatchers;nan;Philip Kaufman;['Horror', 'Science Fiction'];English;3.94;116
The Right Stuff;nan;Philip Kaufman;['Drama', 'History', 'Adventure'];English;4.01;193
The Prince of Egypt;nan;Steve Hickner, Brenda Chapman;['Adventure', 'Animation', 'Family', 'Drama'];English;4.04;99
Independence Day: Resurgence;nan;Roland Emmerich;['Action', 'Science Fiction', 'Adventure'];English;2.06;120
The Adventures of Buckaroo Banzai Across the 8th Dimension;nan;W.D. Richter;['Comedy', 'Romance', 'Science Fiction', 'Adventure'];English;3.19;103
Death Wish;nan;Michael Winner;['Crime', 'Drama', 'Action'];English;3.33;93
Remember My Name;nan;Alan Rudolph;['Drama', 'Thriller'];English;3.66;95
Deep Cover;nan;Bill Duke;['Action', 'Thriller', 'Crime'];English;3.91;108
Rush;nan;Ron Howard;['Drama', 'Action'];English;3.82;123
Marvel Studios: Assembling a Universe;nan;nan;['Fantasy', 'Documentary', 'TV Movie'];English;3.26;43
A Perfect Getaway;nan;David Twohy;['Mystery', 'Thriller', 'Adventure'];English;3.06;98
Blackhat;nan;Michael Mann;['Thriller', 'Crime', 'Action'];English;2.99;133
Vacation;nan;John Francis Daley, Jonathan Goldstein;['Comedy'];English;2.68;99
The Huntsman: Winter's War;nan;Cedric Nicolas-Troyan;['Drama', 'Action', 'Adventure'];English;2.51;114
Eternal Sunshine of the Spotless Mind;nan;Michel Gondry;['Science Fiction', 'Romance', 'Drama'];English;4.24;108
Now You See Me;nan;Louis Leterrier;['Thriller', 'Crime'];English;3.38;116
Foxcatcher;nan;Bennett Miller;['Drama', 'Thriller'];English;3.57;134
The Kids Are All Right;nan;Lisa Cholodenko;['Comedy', 'Drama'];English;3.33;106
Now You See Me 2;nan;Jon M. Chu;['Thriller', 'Mystery', 'Action', 'Crime'];English;3.0;129
Date Night;nan;Shawn Levy;['Adventure', 'Action', 'Comedy'];English;2.85;88
You Can Count on Me;nan;Kenneth Lonergan;['Comedy', 'Drama'];English;3.91;111
Margaret;nan;Kenneth Lonergan;['Drama'];English;3.91;150
The Elephant Man;nan;David Lynch;['History', 'Drama'];English;4.27;124
The Mask of Zorro;nan;Martin Campbell;['Action', 'Adventure'];English;3.39;136
Transformers: The Last Knight;nan;Michael Bay;['Science Fiction', 'Action', 'Adventure'];English;1.92;154
RED 2;nan;Dean Parisot;['Action', 'Crime', 'Thriller', 'Comedy'];English;2.8;116
Hannibal;nan;Ridley Scott;['Thriller', 'Crime', 'Drama', 'Horror'];English;3.25;131
Meet Joe Black;nan;Martin Brest;['Fantasy', 'Drama', 'Romance'];English;3.43;178
Alexander;nan;Oliver Stone;['Drama', 'Action', 'History', 'Romance', 'Adventure', 'War'];English;2.73;175
Legends of the Fall;nan;Edward Zwick;['Romance', 'Western', 'Drama', 'War', 'Action'];English;3.51;133
The Rite;nan;Mikael Håfström;['Drama', 'Thriller', 'Horror'];English;2.65;114
The Lion in Winter;nan;Anthony Harvey;['Drama', 'History'];English;4.02;134
A Bridge Too Far;nan;Richard Attenborough;['Drama', 'History', 'War'];English;3.7;175
Dear White People;nan;Justin Simien;['Romance', 'Drama'];English;3.46;108
When a Stranger Calls;nan;Simon West;['Mystery', 'Horror'];English;2.47;87
Dredd;nan;Pete Travis;['Science Fiction', 'Action'];English;3.61;95
Riddick;nan;David Twohy;['Thriller', 'Action', 'Science Fiction'];English;2.82;119
Pete's Dragon;nan;David Lowery;['Family', 'Fantasy', 'Adventure'];English;3.08;103
Ghost Ship;nan;Steve Beck;['Horror', 'Mystery', 'Thriller'];English;2.43;91
Doom;nan;Andrzej Bartkowiak;['Science Fiction', 'Horror', 'Action'];English;2.06;105
Pathfinder;nan;Marcus Nispel;['Adventure', 'Action'];English;2.42;99
RED;nan;Robert Schwentke;['Action', 'Adventure', 'Comedy', 'Crime', 'Thriller'];English;3.08;111
The Hobbit: The Battle of the Five Armies;nan;Peter Jackson;['Fantasy', 'Action', 'Adventure'];English;3.24;144
Tinker Tailor Soldier Spy;nan;Tomas Alfredson;['Mystery', 'Drama', 'Thriller'];English;3.67;127
War Horse;nan;Steven Spielberg;['War', 'Adventure', 'History'];English;3.35;146
Warcraft;nan;Duncan Jones;['Fantasy', 'Action', 'Adventure'];English;2.5;123
The SpongeBob Movie: Sponge Out of Water;nan;Paul Tibbitt, Mike Mitchell;['Family', 'Adventure', 'Fantasy', 'Comedy', 'Animation'];English;2.67;93
99 Homes;nan;Ramin Bahrani;['Drama'];English;3.51;112
A Nightmare on Elm Street;nan;Samuel Bayer;['Mystery', 'Thriller', 'Horror'];English;2.12;95
The Informant!;nan;Steven Soderbergh;['Drama', 'Crime', 'Comedy'];English;3.27;108
John Dies at the End;nan;Don Coscarelli;['Comedy', 'Horror'];English;3.15;99
Atlantis: Milo's Return;nan;Victor Cook, Tad Stones;['Animation', 'Family', 'Fantasy', 'Science Fiction', 'Action'];English;2.44;70
The SpongeBob SquarePants Movie;nan;Stephen Hillenburg;['Adventure', 'Comedy', 'Fantasy', 'Family', 'Animation'];English;3.9;87
Silence;nan;Martin Scorsese;['History', 'Drama'];English;3.98;161
Battleship;nan;Peter Berg;['Adventure', 'Action', 'Science Fiction', 'Thriller'];English;2.17;131
Maborosi;nan;Hirokazu Kore-eda;['Drama'];Japanese;4.1;110
Last Life in the Universe;nan;Pen-Ek Ratanaruang;['Drama', 'Thriller', 'Action'];Thai;3.92;112
Survive Style 5+;nan;Gen Sekiguchi;['Comedy', 'Mystery', 'Thriller'];Japanese;3.93;120
Redline;nan;Takeshi Koike;['Action', 'Science Fiction', 'Animation'];Japanese;4.09;102
Zatoichi;nan;Takeshi Kitano;['Action', 'Adventure', 'Drama'];Japanese;3.66;111
Punisher: War Zone;nan;Lexi Alexander;['Action', 'Crime'];English;2.73;102
G.I. Joe: Retaliation;nan;Jon M. Chu;['Science Fiction', 'Adventure', 'Action', 'Thriller'];English;2.21;110
Insurgent;nan;Robert Schwentke;['Action', 'Science Fiction', 'Thriller'];English;2.49;119
Blood Punch;nan;Madellaine Paxson;['Horror', 'Thriller'];English;3.04;104
I Don't Feel at Home in This World Anymore;nan;Macon Blair;['Thriller', 'Comedy', 'Crime', 'Drama'];English;3.43;96
Monster Trucks;nan;Chris Wedge;['Science Fiction', 'Action', 'Comedy'];English;2.24;104
Evil Dead;nan;Fede Álvarez;['Horror'];English;3.39;91
Prisoners;nan;Denis Villeneuve;['Thriller', 'Crime', 'Drama'];English;4.31;153
Let Me In;nan;Matt Reeves;['Drama', 'Mystery', 'Horror'];English;3.33;116
Manhunter;nan;Michael Mann;['Horror', 'Thriller', 'Crime'];English;3.86;120
Tombstone;nan;George P. Cosmatos;['Action', 'Western'];English;3.87;130
Gettysburg;nan;Ronald F. Maxwell;['Drama', 'War', 'History'];English;3.63;254
Maigret;nan;Ashley Pearce, Jon East;['Mystery', 'Crime', 'Drama'];English;3.33;176
Spy;nan;Paul Feig;['Action', 'Crime', 'Comedy'];English;3.19;120
10;nan;Blake Edwards;['Romance', 'Comedy'];English;3.17;122
Bedazzled;nan;Stanley Donen;['Romance', 'Comedy', 'Fantasy'];English;3.48;103
The Sound of Music;nan;Robert Wise;['Drama', 'Romance', 'Family', 'Music'];English;4.17;174
Despicable Me;nan;Pierre Coffin, Chris Renaud;['Comedy', 'Animation', 'Family'];English;3.59;95
Mary Poppins;nan;Robert Stevenson;['Family', 'Comedy', 'Fantasy'];English;3.91;139
Enchanted;nan;Kevin Lima;['Family', 'Romance', 'Fantasy', 'Comedy'];English;3.53;107
Shrek the Third;nan;Chris Miller;['Adventure', 'Comedy', 'Fantasy', 'Family', 'Animation'];English;2.89;93
The Americanization of Emily;nan;Arthur Hiller;['Drama', 'Comedy', 'War', 'Romance'];English;3.6;115
Tommy Boy;nan;Peter Segal;['Comedy'];English;3.4;98
Bring Me the Head of Alfredo Garcia;nan;Sam Peckinpah;['Crime', 'Drama', 'Action'];English;3.94;113
Revenge of the Pink Panther;nan;Blake Edwards;['Comedy', 'Crime', 'Mystery'];English;3.2;99
Harper;nan;Jack Smight;['Mystery', 'Thriller', 'Crime'];English;3.46;121
The Highwayman;nan;Douglas Heyes;['TV Movie', 'Adventure', 'Action'];English;nan;91
Under the Gun;nan;James Sbardellati;['Action', 'Comedy'];English;nan;86
One Man Force;nan;Dale Trevillion;['Action', 'Drama', 'Crime'];English;3.17;92
Romeo + Juliet;nan;Baz Luhrmann;['Romance', 'Drama'];English;3.43;120
First Blood;nan;Ted Kotcheff;['War', 'Action', 'Adventure', 'Thriller'];English;3.83;93
The Big Year;nan;David Frankel;['Comedy'];English;3.03;102
Sixteen Candles;nan;John Hughes;['Romance', 'Comedy'];English;3.01;93
Lord Love a Duck;nan;George Axelrod;['Comedy', 'Drama'];English;3.38;105
Bonnie's Kids;nan;Arthur Marks;['Action', 'Drama', 'Crime'];English;3.32;105
Bus Stop;nan;Joshua Logan;['Comedy', 'Romance', 'Drama'];English;2.8;96
The A-Team;nan;Joe Carnahan;['Comedy', 'Action', 'Crime'];English;2.82;117
Who?;nan;Jack Gold;['Drama', 'Mystery', 'Science Fiction', 'Thriller'];English;3.08;93
Space Raiders;nan;Howard R. Cohen;['Adventure', 'Action', 'Science Fiction'];English;2.62;84
Drop Dead Fred;nan;Ate de Jong;['Comedy', 'Fantasy', 'Family'];English;3.05;103
Gremlins;nan;Joe Dante;['Fantasy', 'Horror', 'Comedy'];English;3.64;106
The Hot Spot;nan;Dennis Hopper;['Romance', 'Thriller', 'Crime'];English;3.31;130
American Wedding;nan;Jesse Dylan;['Comedy', 'Romance'];English;2.74;103
The Good Girl;nan;Miguel Arteta;['Comedy', 'Romance', 'Drama'];English;3.04;93
Heat;nan;Dick Richards;['Thriller', 'Action'];English;3.02;101
1990: The Bronx Warriors;nan;Enzo G. Castellari;['Action', 'Science Fiction', 'Thriller'];Italian;2.85;89
Manhattan Baby;nan;Lucio Fulci;['Horror'];Italian;2.71;89
The Norseman;nan;Charles B. Pierce;['Drama', 'War', 'Adventure', 'Action'];English;2.56;90
Strike Commando;nan;Bruno Mattei;['Action', 'War'];English;2.88;104
Cobra Mission;nan;Fabrizio De Angelis;['Adventure', 'Action'];English;3.13;90
The Messenger;nan;Fred Williamson;['Drama', 'Action'];English;3.01;95
Starsky & Hutch;nan;Todd Phillips;['Crime', 'Comedy'];English;2.89;101
Black Caesar;nan;Larry Cohen;['Action', 'Drama', 'Crime', 'Thriller'];English;3.47;94
American Grindhouse;nan;Elijah Drenner;['Documentary'];English;3.43;82
The New Barbarians;nan;Enzo G. Castellari;['Science Fiction', 'Action', 'Thriller'];Italian;2.73;91
Vigilante;nan;William Lustig;['Action', 'Crime', 'Thriller'];English;3.41;90
Boss Nigger;nan;Jack Arnold;['Comedy', 'Western', 'Action'];English;3.36;93
Hell Up In Harlem;nan;Larry Cohen;['Thriller', 'Drama', 'Crime', 'Action'];English;3.08;94
BaadAsssss Cinema;nan;Isaac Julien;['Action', 'Documentary'];English;3.42;58
Three the Hard Way;nan;Gordon Parks Jr.;['Action', 'Thriller'];English;3.31;89
Warrior of the Lost World;nan;David Worth;['Science Fiction', 'Action'];English;2.19;92
Eurocrime! The Italian Cop and Gangster Films That Ruled the '70s;nan;Mike Malloy;['Documentary'];English;3.56;127
Warriors of the Year 2072;nan;Lucio Fulci;['Action', 'Thriller', 'Science Fiction'];Italian;2.73;94
Take a Hard Ride;nan;Antonio Margheriti;['Western', 'Action'];English;3.18;103
White Fire;nan;Jean-Marie Pallardy;['Action', 'Thriller', 'Drama'];English;2.71;98
The Black Cobra;nan;Stelvio Massi;['Action', 'Drama', 'Crime'];English;2.86;85
Tell Me That You Love Me, Junie Moon;nan;Otto Preminger;['Romance', 'Drama', 'Comedy'];English;3.21;113
Three Tough Guys;nan;Duccio Tessari;['Crime', 'Action'];English;3.17;92
Joshua;nan;Larry G. Spangler;['Drama', 'Thriller', 'Western'];English;2.93;83
Dirty Mary Crazy Larry;nan;John Hough;['Crime', 'Action', 'Comedy', 'Adventure'];English;3.36;93
Twilight Zone: The Movie;nan;John Landis, Joe Dante;['Science Fiction', 'Horror', 'Fantasy'];English;3.18;102
The Bad News Bears;nan;Michael Ritchie;['Family', 'Comedy'];English;3.65;102
Humanoids from the Deep;nan;Barbara Peeters, Jimmy T. Murakami;['Horror', 'Science Fiction'];English;2.96;80
The Last Shark;nan;Enzo G. Castellari;['Horror'];Italian;2.41;88
Message from Space;nan;Kinji Fukasaku;['Action', 'Science Fiction', 'Adventure'];Japanese;2.96;105
Men in War;nan;Anthony Mann;['War', 'Drama'];English;3.73;102
God's Little Acre;nan;Anthony Mann;['Comedy', 'Drama'];English;3.32;118
Escape from the Bronx;nan;Enzo G. Castellari;['Thriller', 'Science Fiction', 'Action'];Italian;2.84;89
Adam and Eve;nan;Enzo Doria, Luigi Russo;['Romance', 'Adventure'];Italian;3.0;91
Ten Zan - Ultimate Mission;nan;Ferdinando Baldi;['Drama', 'Action', 'Thriller'];English;nan;84
Thunder III;nan;Fabrizio De Angelis;['Drama', 'Action'];Italian;nan;90
The Heroin Busters;nan;Enzo G. Castellari;['Action', 'Thriller', 'Crime'];Italian;3.3;92
Sinbad of the Seven Seas;nan;Enzo G. Castellari, Luigi Cozzi;['Adventure', 'Fantasy'];English;2.69;93
High Crime;nan;Enzo G. Castellari;['Crime', 'Thriller'];English;3.47;103
Anthropophagous;nan;Joe D'Amato;['Horror'];Italian;2.76;92
Django, Prepare a Coffin;nan;Ferdinando Baldi;['Drama', 'Western', 'Action'];Italian;3.23;92
Baba Yaga;nan;Corrado Farina;['Mystery', 'Horror', 'Thriller'];Italian;3.06;89
Endgame;nan;Joe D'Amato;['Science Fiction', 'Action', 'Thriller'];Italian;2.88;98
Metamorphosis;nan;George Eastman;['Horror', 'Science Fiction'];English;2.43;96
The Barbarians;nan;Ruggero Deodato;['Action', 'Fantasy', 'Adventure'];English;2.71;87
Ironmaster;nan;Umberto Lenzi;['Adventure', 'Action'];Italian;2.84;98
Zombie Flesh Eaters 2;nan;Lucio Fulci;['Horror', 'Science Fiction', 'Action'];Italian;2.82;95
Rats: Night of Terror;nan;Bruno Mattei, Claudio Fragasso;['Science Fiction', 'Horror'];Italian;2.71;97
Lady Frankenstein;nan;Mel Welles, Aureliano Luppi;['Horror', 'Science Fiction'];Italian;2.86;99
52 Tuesdays;nan;Sophie Hyde;['Drama'];English;3.23;114
9;nan;Shane Acker;['Action', 'Adventure', 'Animation', 'Thriller', 'Science Fiction'];English;3.45;79
A Beautiful Mind;nan;Ron Howard;['Drama', 'Romance'];English;3.85;135
Twelve Monkeys;nan;Terry Gilliam;['Thriller', 'Mystery', 'Science Fiction'];English;3.87;129
An American Tail;nan;Don Bluth;['Animation', 'Adventure', 'Drama', 'Comedy', 'Family'];English;3.51;80
Syriana;nan;Stephen Gaghan;['Drama', 'Thriller'];English;3.35;128
Starcrash;nan;Luigi Cozzi;['Fantasy', 'Science Fiction'];Italian;2.49;94
Maniac;nan;William Lustig;['Horror'];English;3.36;88
The Abominable Dr. Phibes;nan;Robert Fuest;['Horror', 'Comedy'];English;3.65;94
Dr. Phibes Rises Again;nan;Robert Fuest;['Horror', 'Comedy'];English;3.16;89
The Golden Voyage of Sinbad;nan;Gordon Hessler;['Adventure', 'Family', 'Drama', 'Fantasy', 'Action'];English;3.41;105
Captain Kronos: Vampire Hunter;nan;Brian Clemens;['Adventure', 'Horror'];English;3.24;91
The Last Horror Film;nan;David Winters;['Comedy', 'Horror'];English;3.2;87
Faceless;nan;Jesús Franco;['Horror'];English;3.19;98
At the Earth's Core;nan;Kevin Connor;['Fantasy', 'Adventure', 'Science Fiction'];English;2.61;90
Click;nan;Frank Coraci;['Drama', 'Comedy', 'Fantasy'];English;2.89;107
DodgeBall: A True Underdog Story;nan;Rawson Marshall Thurber;['Comedy'];English;3.22;92
Piranha 3DD;nan;John Gulager;['Comedy', 'Thriller', 'Horror'];English;1.69;83
Baywatch;nan;Seth Gordon;['Action', 'Crime', 'Comedy'];English;2.26;116
Sharknado 4: The 4th Awakens;nan;Anthony C. Ferrante;['Comedy', 'Science Fiction'];English;1.93;85
Nick Fury: Agent of S.H.I.E.L.D.;nan;Rod Hardy;['TV Movie', 'Science Fiction', 'Action'];English;2.01;91
Revenge of the Cheerleaders;nan;Richard Lerner;['Comedy'];English;2.9;86
The Sword and the Sorcerer;nan;Albert Pyun;['Fantasy', 'Action', 'Adventure', 'Horror'];English;2.83;100
The Lost Empire;nan;Jim Wynorski;['Adventure', 'Action', 'Fantasy'];English;2.82;83
The Villain;nan;Hal Needham;['Comedy', 'Western'];English;2.58;89
The Babysitter;nan;Don Henderson;['Thriller', 'Drama'];English;3.15;75
Hard Times;nan;Walter Hill;['Crime', 'Action', 'Drama'];English;3.64;93
Outlaw Riders;nan;Tony Huston;['Action'];English;nan;86
The Snake God;nan;Piero Vivarelli;['Horror', 'Adventure', 'Drama'];Italian;nan;94
The Adventures of Hercules;nan;Luigi Cozzi;['Adventure', 'Fantasy', 'Action'];English;2.59;88
Absurd;nan;Joe D'Amato;['Horror'];Italian;2.85;94
Dreamscape;nan;Joseph Ruben;['Drama', 'Science Fiction', 'Thriller'];English;3.06;99
Cruel Intentions;nan;Roger Kumble;['Drama', 'Romance'];English;3.26;98
American Reunion;nan;Jon Hurwitz, Hayden Schlossberg;['Comedy'];English;2.78;113
Alone in the Dark;nan;Uwe Boll;['Horror', 'Fantasy', 'Action'];English;1.35;98
National Lampoon's Van Wilder;nan;Walt Becker;['Comedy', 'Romance'];English;2.74;92
My Boss's Daughter;nan;David Zucker;['Comedy', 'Romance'];English;2.1;83
A Return to Salem's Lot;nan;Larry Cohen;['Horror', 'Comedy'];English;2.57;101
Domino;nan;Tony Scott;['Thriller', 'Crime', 'Drama', 'Action'];English;2.85;127
Monster House;nan;Gil Kenan;['Animation', 'Comedy', 'Fantasy', 'Family'];English;3.4;91
Predator 2;nan;Stephen Hopkins;['Thriller', 'Action', 'Science Fiction'];English;2.87;108
Under Siege;nan;Andrew Davis;['Action', 'Thriller'];English;3.04;102
Bounty Killer;nan;Henry Saine;['Science Fiction', 'Action'];English;2.85;93
Angels Hard as They Come;nan;Joe Viola;['Action', 'Thriller', 'Drama'];English;3.03;85
Black Dynamite;nan;Scott Sanders;['Action', 'Comedy'];English;4.02;85
Booty Call;nan;Jeff Pollack;['Comedy'];English;2.7;79
Strictly Business;nan;Kevin Hooks;['Romance', 'Comedy'];English;2.93;84
Mutiny on the Bounty;nan;Lewis Milestone;['History', 'Drama', 'Adventure'];English;3.52;185
Of Mice and Men;nan;Lewis Milestone;['Drama'];English;3.75;106
Battle for the Planet of the Apes;nan;J. Lee Thompson;['Action', 'Science Fiction'];English;2.58;93
Altered States;nan;Ken Russell;['Horror', 'Science Fiction', 'Thriller'];English;3.67;102
The Devils;nan;Ken Russell;['Drama', 'History'];English;4.21;114
Lost in Space;nan;Stephen Hopkins;['Adventure', 'Science Fiction'];English;2.36;130
Kiss of the Spider Woman;nan;Héctor Babenco;['Drama'];English;3.72;120
Body Heat;nan;Lawrence Kasdan;['Romance', 'Crime'];English;3.77;113
Dogville;nan;Lars von Trier;['Crime', 'Thriller', 'Drama'];English;4.17;178
Home on the Range;nan;Will Finn, John Sanford;['Family', 'Animation'];English;2.7;76
Millennium Actress;nan;Satoshi Kon;['Romance', 'Animation', 'Drama', 'Fantasy'];Japanese;4.23;87
Identity;nan;James Mangold;['Mystery', 'Thriller'];English;3.42;90
Primal Fear;nan;Gregory Hoblit;['Drama', 'Crime', 'Thriller', 'Mystery'];English;3.92;129
Dogtooth;nan;Yorgos Lanthimos;['Drama'];Greek (modern);3.73;98
The Double;nan;Richard Ayoade;['Thriller', 'Drama'];English;3.58;93
Antibirth;nan;Danny Perez;['Horror'];English;2.7;94
Cube;nan;Vincenzo Natali;['Thriller', 'Science Fiction', 'Mystery'];English;3.26;90
Rubber;nan;Quentin Dupieux;['Comedy', 'Horror', 'Drama', 'Fantasy', 'Mystery'];English;2.86;82
Colossal;nan;Nacho Vigalondo;['Drama', 'Fantasy', 'Science Fiction'];English;3.16;109
Antichrist;nan;Lars von Trier;['Thriller', 'Horror', 'Drama'];English;3.4;104
The Lazarus Effect;nan;David Gelb;['Horror', 'Science Fiction', 'Thriller'];English;2.16;83
A Girl Walks Home Alone at Night;nan;Ana Lily Amirpour;['Horror', 'Romance'];Persian (Farsi);3.78;101
The Vampire Lovers;nan;Roy Ward Baker;['Horror'];English;3.28;91
The Ring;nan;Gore Verbinski;['Mystery', 'Horror'];English;3.33;115
Blood from the Mummy's Tomb;nan;Seth Holt, Michael Carreras;['Horror'];English;2.9;94
Queen of the Damned;nan;Michael Rymer;['Horror', 'Romance', 'Fantasy'];English;2.77;101
Black Sunday;nan;Mario Bava;['Horror'];Italian;3.66;86
Black Swan;nan;Darren Aronofsky;['Drama', 'Thriller', 'Horror'];English;4.16;109
All Cheerleaders Die;nan;Chris Sivertson, Lucky McKee;['Comedy', 'Thriller', 'Horror'];English;2.82;89
Dr. Jekyll & Sister Hyde;nan;Roy Ward Baker;['Horror'];English;3.44;97
Miami Vice;nan;Michael Mann;['Action', 'Crime', 'Thriller'];English;3.43;132
Epic;nan;Chris Wedge;['Animation', 'Adventure', 'Family', 'Fantasy'];English;2.91;102
The Fountain;nan;Darren Aronofsky;['Romance', 'Adventure', 'Drama', 'Science Fiction'];English;3.54;96
The Mummy Returns;nan;Stephen Sommers;['Fantasy', 'Action', 'Adventure'];English;3.02;130
Youth;nan;Paolo Sorrentino;['Romance', 'Drama', 'Comedy'];English;3.73;125
The Lovely Bones;nan;Peter Jackson;['Fantasy', 'Drama'];English;3.36;136
The Light Between Oceans;nan;Derek Cianfrance;['Romance', 'Drama'];English;3.4;133
Eragon;nan;Stefen Fangmeier;['Family', 'Adventure', 'Fantasy', 'Action'];English;1.81;104
Definitely, Maybe;nan;Adam Brooks;['Comedy', 'Romance'];English;3.3;112
Mission: Impossible – Ghost Protocol;nan;Brad Bird;['Thriller', 'Adventure', 'Action'];English;3.73;133
Saint Laurent;nan;Bertrand Bonello;['Drama'];French;3.32;150
Wreck-It Ralph;nan;Rich Moore;['Adventure', 'Comedy', 'Family', 'Animation'];English;3.6;101
Chicago;nan;Rob Marshall;['Comedy', 'Crime', 'Drama'];English;3.96;113
The Thin Red Line;nan;Terrence Malick;['War', 'Drama', 'History'];English;4.08;171
Step Brothers;nan;Adam McKay;['Comedy'];English;3.47;98
Carnage;nan;Roman Polanski;['Drama', 'Comedy'];English;3.6;79
Sing;nan;Garth Jennings;['Music', 'Comedy', 'Animation', 'Family'];English;3.1;107
Anger Management;nan;Peter Segal;['Comedy'];English;2.83;106
The Zero Theorem;nan;Terry Gilliam;['Fantasy', 'Science Fiction', 'Drama'];English;3.06;107
The Secret World of Arrietty;nan;Hiromasa Yonebayashi;['Animation', 'Fantasy', 'Family'];Japanese;3.82;94
The Night Manager;nan;Susanne Bier;['Crime', 'Drama', 'Mystery'];English;3.85;358
Before Midnight;nan;Richard Linklater;['Drama', 'Romance'];English;4.04;109
Adulthood;nan;Noel Clarke;['Drama', 'Crime'];English;3.13;99
Kill Your Friends;nan;Owen Harris;['Crime', 'Thriller', 'Comedy'];English;2.87;104
The Cook, the Thief, His Wife & Her Lover;nan;Peter Greenaway;['Crime', 'Drama'];English;4.17;124
The Brothers Grimm;nan;Terry Gilliam;['Fantasy', 'Action', 'Comedy', 'Thriller', 'Adventure'];English;2.73;118
A Knight's Tale;nan;Brian Helgeland;['Drama', 'Romance', 'Adventure', 'Action'];English;3.59;132
Mr. Turner;nan;Mike Leigh;['History', 'Drama'];English;3.55;150
What a Girl Wants;nan;Dennie Gordon;['Romance', 'Comedy', 'Family', 'Drama'];English;3.02;105
Easy A;nan;Will Gluck;['Comedy'];English;3.43;93
She's the Man;nan;Andy Fickman;['Comedy', 'Romance'];English;3.42;105
Irreversible;nan;Gaspar Noé;['Crime', 'Drama', 'Thriller'];French;3.72;94
Starship Troopers: Invasion;nan;Shinji Aramaki;['Action', 'Science Fiction', 'Animation'];English;2.61;89
Embers;nan;Claire Carré;['Science Fiction', 'Drama'];English;3.03;85
Ratter;nan;Branden Kramer;['Thriller', 'Drama', 'Horror'];English;2.46;80
Dobermann;nan;Jan Kounen;['Crime', 'Action'];French;3.24;103
Sleepless in Seattle;nan;Nora Ephron;['Romance', 'Comedy', 'Drama'];English;3.46;105
Seeking a Friend for the End of the World;nan;Lorene Scafaria;['Comedy', 'Romance', 'Adventure', 'Drama'];English;3.32;101
Joe Versus the Volcano;nan;John Patrick Shanley;['Romance', 'Comedy'];English;3.19;102
Wild at Heart;nan;David Lynch;['Crime', 'Thriller', 'Romance'];English;3.89;125
2001: A Space Odyssey;nan;Stanley Kubrick;['Adventure', 'Mystery', 'Science Fiction'];English;4.28;149
Suicide Club;nan;Sion Sono;['Horror', 'Drama', 'Thriller'];Japanese;3.39;99
Days of Heaven;nan;Terrence Malick;['Romance', 'Drama'];English;4.11;94
Paris, Texas;nan;Wim Wenders;['Drama'];English;4.39;145
The Green Mile;nan;Frank Darabont;['Drama', 'Crime', 'Fantasy'];English;4.25;189
The Boy and the Beast;nan;Mamoru Hosoda;['Family', 'Adventure', 'Action', 'Drama', 'Animation', 'Fantasy'];Japanese;3.84;119
Repo Man;nan;Alex Cox;['Comedy', 'Science Fiction'];English;3.74;92
Smashed;nan;James Ponsoldt;['Romance', 'Comedy', 'Drama'];English;3.44;85
ParaNorman;nan;Sam Fell, Chris Butler;['Family', 'Adventure', 'Comedy', 'Animation'];English;3.65;90
Hotel Transylvania;nan;Genndy Tartakovsky;['Family', 'Comedy', 'Animation', 'Fantasy'];English;3.31;91
The Monster Squad;nan;Fred Dekker;['Horror', 'Comedy', 'Fantasy', 'Action'];English;3.41;82
Oculus;nan;Mike Flanagan;['Horror'];English;3.2;104
Saw;nan;James Wan;['Crime', 'Mystery', 'Horror'];English;3.65;103
Murder Party;nan;Jeremy Saulnier;['Comedy', 'Horror'];English;3.08;80
Halloween III: Season of the Witch;nan;Tommy Lee Wallace;['Science Fiction', 'Horror'];English;2.85;99
Paranormal Activity;nan;Oren Peli;['Horror', 'Mystery'];English;2.88;86
Shaun of the Dead;nan;Edgar Wright;['Comedy', 'Horror'];English;3.96;99
Walk the Line;nan;James Mangold;['Music', 'Drama', 'Romance'];English;3.82;136
Zombieland;nan;Ruben Fleischer;['Comedy', 'Horror'];English;3.53;88
The Searchers;nan;John Ford;['Western'];English;3.94;119
Looper;nan;Rian Johnson;['Science Fiction', 'Thriller', 'Action'];English;3.57;118
GoodFellas;nan;Martin Scorsese;['Drama', 'Crime'];English;4.47;145
Signs;nan;M. Night Shyamalan;['Drama', 'Thriller', 'Horror', 'Science Fiction', 'Mystery'];English;3.5;106
National Lampoon's Vacation;nan;Harold Ramis;['Comedy', 'Adventure'];English;3.49;99
Tremors;nan;Ron Underwood;['Horror', 'Action', 'Comedy', 'Science Fiction'];English;3.52;96
Bud Abbott and Lou Costello Meet Frankenstein;nan;Charles Barton;['Comedy', 'Horror'];English;3.59;83
The Sandlot;nan;David Mickey Evans;['Family', 'Comedy'];English;3.75;101
Toy Story;nan;John Lasseter;['Comedy', 'Animation', 'Family', 'Adventure'];English;4.12;81
The Man Who Shot Liberty Valance;nan;John Ford;['Western'];English;4.27;123
5 Centimeters per Second;nan;Makoto Shinkai;['Animation', 'Drama', 'Romance'];Japanese;3.52;63
Troll Hunter;nan;André Øvredal;['Fantasy', 'Horror'];Norwegian;3.42;103
Clerks;nan;Kevin Smith;['Comedy'];English;3.82;92
Swiss Army Man;nan;Daniel Kwan, Daniel Scheinert;['Drama', 'Fantasy', 'Comedy', 'Adventure', 'Romance'];English;3.67;97
Shoah;nan;Claude Lanzmann;['Documentary', 'History'];French;4.51;566
Dawn of the Dead;nan;George A. Romero;['Horror'];English;3.96;127
The Great Silence;nan;Sergio Corbucci;['Drama', 'Western'];Italian;4.13;106
The Intern;nan;Nancy Meyers;['Comedy'];English;3.31;121
Dog Day Afternoon;nan;Sidney Lumet;['Crime', 'Drama', 'Thriller'];English;4.31;125
Thelma;nan;Joachim Trier;['Drama', 'Thriller', 'Mystery'];Norwegian;3.69;116
Left Behind;nan;Vic Armstrong;['Action', 'Science Fiction', 'Thriller'];English;1.43;110
This Is Spinal Tap;nan;Rob Reiner;['Comedy', 'Music'];English;3.94;82
Spirit: Stallion of the Cimarron;nan;Kelly Asbury, Lorna Cook;['Adventure', 'Animation', 'Western', 'Drama', 'Romance', 'Family'];English;3.83;83
Creep 2;nan;Patrick Brice;['Thriller', 'Horror'];English;3.32;80
Whip It;nan;Drew Barrymore;['Drama'];English;3.62;111
Dead Snow 2: Red vs. Dead;nan;Tommy Wirkola;['Comedy', 'Action', 'Horror'];Norwegian;3.25;100
Kickboxer;nan;David Worth, Mark DiSalle;['Thriller', 'Action', 'Drama'];English;3.2;97
Chasing Amy;nan;Kevin Smith;['Romance', 'Comedy', 'Drama'];English;3.34;114
Once Bitten;nan;Howard Storm;['Romance', 'Comedy', 'Horror'];English;2.73;94
Freddy's Dead: The Final Nightmare;nan;Rachel Talalay;['Thriller', 'Horror'];English;2.12;89
[REC]²;nan;Jaume Balagueró, Paco Plaza;['Horror', 'Thriller'];Spanish;3.15;84
City of God;nan;Fernando Meirelles;['Drama', 'Crime'];Portuguese;4.54;129
The Deer Hunter;nan;Michael Cimino;['War', 'Drama'];English;4.2;183
Viral;nan;Henry Joost, Ariel Schulman;['Drama', 'Science Fiction', 'Horror'];English;2.43;86
Rabid Dogs;nan;Mario Bava;['Thriller', 'Crime'];Italian;3.75;96
Seven Samurai;nan;Akira Kurosawa;['Drama', 'Action'];Japanese;4.61;207
Need for Speed;nan;Scott Waugh;['Action', 'Thriller', 'Drama', 'Crime'];English;2.62;131
Love & Mercy;nan;Bill Pohlad;['Drama', 'Music', 'History'];English;3.83;120
Identity Thief;nan;Seth Gordon;['Crime', 'Comedy'];English;2.49;111
Roman Holiday;nan;William Wyler;['Romance', 'Drama', 'Comedy'];English;4.17;119
Headhunters;nan;Morten Tyldum;['Action', 'Thriller', 'Crime'];Norwegian;3.7;100
The Secret of NIMH;nan;Don Bluth;['Science Fiction', 'Animation', 'Mystery', 'Drama', 'Fantasy', 'Adventure', 'Family'];English;3.84;83
The Master;nan;Paul Thomas Anderson;['Drama'];English;4.01;137
The Wolverine;nan;James Mangold;['Science Fiction', 'Action', 'Adventure'];English;2.99;126
Batman v Superman: Dawn of Justice;nan;Zack Snyder;['Action', 'Fantasy', 'Adventure'];English;2.44;152
Take This Waltz;nan;Sarah Polley;['Romance', 'Comedy', 'Drama'];English;3.47;116
Silver Linings Playbook;nan;David O. Russell;['Romance', 'Drama', 'Comedy'];English;3.7;122
Right Now, Wrong Then;nan;Hong Sang-soo;['Comedy', 'Romance', 'Drama'];Korean;3.88;121
Anomalisa;nan;Duke Johnson, Charlie Kaufman;['Romance', 'Animation', 'Drama', 'Comedy'];English;3.85;91
Sidewalls;nan;Gustavo Taretto;['Romance', 'Drama'];Spanish;4.05;94
Witchfinder General;nan;Michael Reeves;['History', 'Drama', 'Horror'];English;3.41;87
Ms .45;nan;Abel Ferrara;['Crime', 'Thriller', 'Action'];English;3.79;81
Invasion of the Body Snatchers;nan;Don Siegel;['Thriller', 'Horror', 'Science Fiction'];English;3.83;80
Royal Space Force - The Wings of Honneamise;nan;Hiroyuki Yamaga;['Animation', 'Science Fiction'];Japanese;3.68;121
Nightmare Alley;nan;Edmund Goulding;['Crime', 'Thriller', 'Drama'];English;3.87;111
Vampyr;nan;Carl Theodor Dreyer;['Mystery', 'Fantasy', 'Horror'];German;3.79;73
Kwaidan;nan;Masaki Kobayashi;['Fantasy', 'Horror', 'Drama'];Japanese;4.23;183
Who Can Kill a Child?;nan;Chicho Ibáñez Serrador;['Drama', 'Horror', 'Thriller'];Spanish;3.73;112
Faster, Pussycat! Kill! Kill!;nan;Russ Meyer;['Comedy', 'Crime', 'Thriller', 'Action'];English;3.62;83
The Laughing Woman;nan;Piero Schivazappa;['Romance', 'Thriller'];Italian;3.69;86
The Mercenary;nan;Sergio Corbucci;['Western'];Italian;3.69;101
Stage Fright;nan;Michele Soavi;['Horror'];Italian;3.51;90
A Lizard in a Woman's Skin;nan;Lucio Fulci;['Mystery', 'Horror', 'Thriller'];Italian;3.56;104
The Black Cat;nan;Edgar G. Ulmer;['Horror'];English;3.55;65
The Seventh Curse;nan;Lam Nai-Choi;['Action', 'Fantasy', 'Adventure', 'Horror'];Cantonese;3.72;83
Roadgames;nan;Richard Franklin;['Horror', 'Mystery', 'Thriller'];English;3.5;101
Street Smart;nan;Jerry Schatzberg;['Drama', 'Thriller', 'Crime'];English;3.26;97
Lady Terminator;nan;H. Tjut Djalil;['Horror', 'Action', 'Science Fiction', 'Fantasy'];English;3.32;82
The Last Man on Earth;nan;Ubaldo Ragona, Sidney Salkow;['Science Fiction', 'Horror', 'Drama'];English;3.34;87
Fascination;nan;Jean Rollin;['Horror'];French;3.43;80
Tales from the Crypt;nan;Freddie Francis;['Horror'];English;3.42;92
Rock 'n' Roll High School;nan;Allan Arkush;['Music', 'Comedy'];English;3.48;93
Tromeo & Juliet;nan;Lloyd Kaufman;['Fantasy', 'Romance', 'Drama', 'Mystery', 'Horror', 'Comedy', 'Action'];English;3.2;107
Boardinghouse;nan;John Wintergate;['Horror'];English;2.73;99
Dance of the Dead;nan;Gregg Bishop;['Comedy', 'Horror'];English;2.94;87
Disco Godfather;nan;J. Robert Wagoner;['Comedy', 'Crime', 'Action', 'Drama', 'Thriller'];English;3.08;93
Blood Freak;nan;Brad F. Grinter, Steve Hawkes;['Horror', 'Science Fiction'];English;2.29;86
Guru, the Mad Monk;nan;Andy Milligan;['Horror'];English;2.63;62
Lone Wolf McQuade;nan;Steve Carver;['Crime', 'Action'];English;3.11;107
Last Man Standing;nan;Walter Hill;['Action', 'Crime', 'Drama', 'Thriller', 'Western'];English;3.05;101
Le Samouraï;nan;Jean-Pierre Melville;['Crime', 'Drama', 'Thriller'];French;4.23;105
Violent Naples;nan;Umberto Lenzi;['Action', 'Crime', 'Thriller'];Italian;3.46;95
Straw Dogs;nan;Sam Peckinpah;['Crime', 'Thriller', 'Action', 'Drama'];English;3.78;116
Detour;nan;Edgar G. Ulmer;['Drama', 'Thriller'];English;3.81;68
High and Low;nan;Akira Kurosawa;['Mystery', 'Thriller', 'Crime', 'Drama'];Japanese;4.6;142
Rashomon;nan;Akira Kurosawa;['Crime', 'Drama', 'Mystery'];Japanese;4.22;88
Ace in the Hole;nan;Billy Wilder;['Drama'];English;4.26;111
Good Time;nan;Josh Safdie, Benny Safdie;['Thriller', 'Drama', 'Crime'];English;4.0;102
Hard Boiled;nan;John Woo;['Thriller', 'Crime', 'Action'];Cantonese;4.16;126
Patlabor 2: The Movie;nan;Mamoru Oshii;['Action', 'Science Fiction', 'Animation', 'Thriller'];Japanese;4.14;116
Police Story;nan;Jackie Chan;['Comedy', 'Action', 'Crime'];Cantonese;4.02;99
Valkyrie;nan;Bryan Singer;['War', 'Drama', 'Thriller'];English;3.32;121
The Last Samurai;nan;Edward Zwick;['Drama', 'War', 'Action'];English;3.72;154
L.A. Confidential;nan;Curtis Hanson;['Mystery', 'Drama', 'Crime', 'Thriller'];English;4.08;138
Finding Neverland;nan;Marc Forster;['Fantasy', 'Drama'];English;3.49;106
Atonement;nan;Joe Wright;['Romance', 'Drama'];English;3.99;123
Amélie;nan;Jean-Pierre Jeunet;['Romance', 'Comedy'];French;4.18;122
American Hustle;nan;David O. Russell;['Crime', 'Drama'];English;3.33;138
The Nightmare Before Christmas;nan;Henry Selick;['Family', 'Animation', 'Fantasy'];English;3.96;76
Twin Peaks;nan;David Lynch;['Thriller', 'Drama', 'Mystery', 'TV Movie'];English;4.63;116
The Conjuring 2;nan;James Wan;['Horror'];English;3.39;134
Sinister;nan;Scott Derrickson;['Thriller', 'Horror', 'Mystery'];English;3.35;110
A Nightmare on Elm Street 4: The Dream Master;nan;Renny Harlin;['Horror', 'Thriller'];English;2.74;93
Orphan;nan;Jaume Collet-Serra;['Horror', 'Thriller'];English;3.28;122
Scream 3;nan;Wes Craven;['Mystery', 'Horror'];English;2.86;116
Red Dragon;nan;Brett Ratner;['Crime', 'Horror', 'Thriller'];English;3.43;124
Leprechaun;nan;Mark Jones;['Comedy', 'Horror'];English;2.36;91
Freddy vs. Jason;nan;Ronny Yu;['Horror'];English;2.72;97
Scar;nan;Jed Weintrob;['Crime', 'Horror', 'Thriller'];English;2.47;84
The Possession;nan;Ole Bornedal;['Horror', 'Thriller'];English;2.57;92
A Nightmare on Elm Street Part 2: Freddy's Revenge;nan;Jack Sholder;['Horror'];English;2.82;87
Carrie;nan;Kimberly Peirce;['Drama', 'Horror'];English;2.54;100
mother!;nan;Darren Aronofsky;['Drama', 'Horror', 'Thriller'];English;3.48;121
Perfect Blue;nan;Satoshi Kon;['Thriller', 'Animation', 'Horror'];Japanese;4.39;82
Peeping Tom;nan;Michael Powell;['Horror', 'Thriller', 'Drama'];English;4.03;101
Happiness;nan;Todd Solondz;['Drama', 'Comedy'];English;3.97;139
Interstella 5555: The 5tory of the 5ecret 5tar 5ystem;nan;Kazuhisa Takenouchi, Leiji Matsumoto;['Adventure', 'Science Fiction', 'Animation', 'Music'];English;4.23;65
We Are the Best!;nan;Lukas Moodysson;['Drama', 'Music'];Swedish;3.83;102
Heathers;nan;Michael Lehmann;['Crime', 'Comedy'];English;3.77;103
Mr. Nobody;nan;Jaco Van Dormael;['Romance', 'Drama', 'Science Fiction'];English;3.68;141
Body Double;nan;Brian De Palma;['Crime', 'Thriller', 'Mystery'];English;3.76;114
The Street Fighter;nan;Shigehiro Ozawa;['Thriller', 'Crime', 'Action'];Japanese;3.57;90
The Hired Hand;nan;Peter Fonda;['Western'];English;3.71;91
Time Masters;nan;René Laloux;['Animation', 'Science Fiction', 'Adventure'];French;3.72;80
Coonskin;nan;Ralph Bakshi;['Drama', 'Animation', 'Crime', 'Comedy'];English;3.51;83
Natural Born Killers;nan;Oliver Stone;['Thriller', 'Drama', 'Crime'];English;3.63;118
The Man Who Fell to Earth;nan;Nicolas Roeg;['Science Fiction', 'Drama'];English;3.48;139
Dr. Caligari;nan;Stephen Sayadian;['Horror', 'Comedy', 'Fantasy', 'Science Fiction'];English;3.55;78
Streets of Fire;nan;Walter Hill;['Action'];English;3.54;93
The Navigator: A Medieval Odyssey;nan;Vincent Ward;['Action', 'Fantasy', 'Adventure', 'Mystery'];English;3.43;92
City of the Living Dead;nan;Lucio Fulci;['Horror'];English;3.45;93
Knightriders;nan;George A. Romero;['Drama', 'Action'];English;3.44;147
Walking Tall;nan;Phil Karlson;['Thriller', 'Crime', 'Action', 'Drama'];English;3.38;125
Soldier Blue;nan;Ralph Nelson;['Western', 'Action', 'Drama'];English;3.46;112
Fortress;nan;Arch Nicholson;['Drama', 'Thriller', 'Horror'];English;3.42;88
Tron;nan;Steven Lisberger;['Adventure', 'Science Fiction', 'Action'];English;3.17;96
Silent Running;nan;Douglas Trumbull;['Science Fiction', 'Adventure'];English;3.31;89
84C MoPic;nan;Patrick Sheane Duncan;['War'];English;3.4;90
Father's Day;nan;Matthew Kennedy, Conor Sweeney;['Comedy', 'Horror', 'Action'];English;3.15;99
Turkey Shoot;nan;Brian Trenchard-Smith;['Action', 'Horror', 'Science Fiction'];English;3.21;93
The Savage Seven;nan;Richard Rush;['Crime', 'Action'];English;3.21;94
Cashback;nan;Sean Ellis;['Drama', 'Comedy', 'Romance'];English;3.2;102
Rollerball;nan;Norman Jewison;['Science Fiction', 'Action'];English;3.27;125
Alligator;nan;Lewis Teague;['Horror', 'Thriller', 'Science Fiction'];English;3.19;91
Godzilla vs. Mechagodzilla;nan;Jun Fukuda;['Action', 'Science Fiction', 'Adventure'];Japanese;3.3;84
Avalon;nan;Mamoru Oshii;['Science Fiction', 'Action'];Polish;3.32;107
Beyond the Black Rainbow;nan;Panos Cosmatos;['Horror', 'Mystery', 'Science Fiction'];English;3.27;110
The Street Fighter's Last Revenge;nan;Shigehiro Ozawa;['Thriller', 'Crime', 'Action', 'Drama'];Japanese;3.06;83
Street Trash;nan;J. Michael Muro;['Comedy', 'Horror'];English;2.98;100
The Big Bird Cage;nan;Jack Hill;['Drama', 'Crime', 'Action'];English;3.12;96
Cannibal Holocaust;nan;Ruggero Deodato;['Horror'];Italian;2.68;96
Only God Forgives;nan;Nicolas Winding Refn;['Thriller', 'Drama', 'Crime'];English;3.0;90
Legend;nan;Ridley Scott;['Adventure', 'Fantasy'];English;3.14;94
Piranha;nan;Joe Dante;['Science Fiction', 'Horror'];English;2.96;94
Spaced Invaders;nan;Patrick Read Johnson;['Comedy', 'Family', 'Science Fiction'];English;3.05;100
Barbarella;nan;Roger Vadim;['Fantasy', 'Action', 'Adventure', 'Comedy', 'Science Fiction'];English;3.23;98
The Wild, Wild Planet;nan;Antonio Margheriti;['Science Fiction'];Italian;2.98;93
Radioactive Dreams;nan;Albert Pyun;['Science Fiction', 'Action', 'Adventure', 'Comedy'];English;3.27;98
The Swinging Cheerleaders;nan;Jack Hill;['Comedy', 'Action'];English;2.87;91
Last Days;nan;Gus Van Sant;['Drama'];English;3.17;97
Nosferatu the Vampyre;nan;Werner Herzog;['Horror', 'Drama'];German;3.81;107
The Demon;nan;Brunello Rondi;['Horror'];Italian;3.72;100
The Thief of Bagdad;nan;Raoul Walsh;['Fantasy', 'Romance', 'Adventure'];No spoken language;3.8;149
The Beastmaster;nan;Don Coscarelli;['Fantasy', 'Action', 'Adventure'];English;3.02;118
The Brain from Planet Arous;nan;Nathan Juran;['Science Fiction', 'Horror'];English;2.87;71
Hundra;nan;Matt Cimber;['Adventure', 'Fantasy', 'Science Fiction', 'Action'];Spanish;2.92;109
Wild Things;nan;John McNaughton;['Thriller', 'Drama', 'Mystery'];English;3.12;115
Forbidden World;nan;Allan Holzman;['Horror', 'Science Fiction'];English;2.83;77
Mystery Men;nan;Kinka Usher;['Adventure', 'Fantasy', 'Comedy', 'Science Fiction', 'Action'];English;3.08;121
Day of the Animals;nan;William Girdler;['Science Fiction', 'Thriller', 'Horror'];English;2.83;97
The Sisterhood;nan;Cirio H. Santiago;['Adventure', 'Science Fiction', 'Action'];English;2.66;92
9 Deaths of the Ninja;nan;Emmett Alston;['Action'];English;2.81;94
Cannibal Ferox;nan;Umberto Lenzi;['Horror', 'Adventure'];Italian;2.71;93
What's Up, Tiger Lily?;nan;Woody Allen, Senkichi Taniguchi;['Action', 'Comedy'];English;2.78;80
The Land That Time Forgot;nan;Kevin Connor;['Science Fiction', 'Fantasy', 'Adventure'];English;2.76;90
Journey to the Seventh Planet;nan;Sidney W. Pink;['Adventure', 'Science Fiction', 'Horror'];English;2.8;77
Jellyfish Eyes;nan;Takashi Murakami;['Drama', 'Science Fiction', 'Fantasy', 'Comedy', 'Animation'];Japanese;2.59;101
The Thing with Two Heads;nan;Lee Frost;['Comedy', 'Science Fiction'];English;2.69;91
Attack of the Killer Tomatoes!;nan;John De Bello;['Horror', 'Comedy', 'Science Fiction'];English;2.57;83
Howard the Duck;nan;Willard Huyck;['Comedy', 'Fantasy', 'Adventure', 'Action', 'Science Fiction', 'Romance'];English;2.21;110
Double Team;nan;Tsui Hark;['Action', 'Science Fiction'];English;2.6;93
Robot Monster;nan;Phil Tucker;['Science Fiction', 'Horror'];English;2.29;66
Microwave Massacre;nan;Wayne Berwick;['Comedy', 'Horror'];English;2.23;76
Cyborg 2;nan;Michael Schroeder;['Adventure', 'Action', 'Science Fiction'];English;2.34;99
Laserblast;nan;Michael Rae;['Science Fiction', 'Horror'];English;2.14;83
Cool as Ice;nan;David Kellogg;['Music', 'Comedy', 'Romance'];English;2.18;91
Jaws: The Revenge;nan;Joseph Sargent;['Adventure', 'Thriller', 'Horror'];English;1.56;89
Hobgoblins;nan;Rick Sloane;['Comedy', 'Science Fiction', 'Horror'];English;1.89;92
Army of Shadows;nan;Jean-Pierre Melville;['Thriller', 'History', 'War'];French;4.35;145
Aguirre, the Wrath of God;nan;Werner Herzog;['History', 'Drama', 'Adventure'];German;4.12;95
Nausicaä of the Valley of the Wind;nan;Hayao Miyazaki;['Adventure', 'Animation', 'Fantasy'];Japanese;4.17;117
The Killer;nan;John Woo;['Crime', 'Drama', 'Action', 'Thriller'];Cantonese;4.12;110
The Kingdom;nan;Lars von Trier, Morten Arnfred;['Horror', 'Mystery', 'Fantasy', 'Drama'];Danish;4.06;273
Daisies;nan;Věra Chytilová;['Drama', 'Comedy'];Czech;4.01;76
The Fall;nan;Tarsem Singh;['Adventure', 'Fantasy', 'Drama'];English;4.19;119
The Long Good Friday;nan;John Mackenzie;['Crime', 'Mystery', 'Drama', 'Thriller'];English;3.92;114
The Skin I Live In;nan;Pedro Almodóvar;['Horror', 'Drama', 'Mystery', 'Thriller'];Spanish;3.82;120
Fantasia;nan;Samuel Armstrong, James Algar;['Family', 'Fantasy', 'Animation'];English;3.9;124
Crouching Tiger, Hidden Dragon;nan;Ang Lee;['Drama', 'Romance', 'Action', 'Adventure'];Chinese;4.06;120
Edward Scissorhands;nan;Tim Burton;['Drama', 'Romance', 'Fantasy'];English;3.89;105
Who Framed Roger Rabbit;nan;Robert Zemeckis;['Animation', 'Crime', 'Comedy', 'Fantasy'];English;3.96;103
Shock Corridor;nan;Samuel Fuller;['Thriller', 'Mystery', 'Drama'];English;3.87;102
Only Lovers Left Alive;nan;Jim Jarmusch;['Drama', 'Romance'];English;3.81;123
The Triplets of Belleville;nan;Sylvain Chomet;['Family', 'Animation', 'Comedy', 'Drama'];French;4.01;80
The Tree of Life;nan;Terrence Malick;['Fantasy', 'Drama'];English;3.85;139
A Serious Man;nan;Joel Coen, Ethan Coen;['Comedy', 'Drama'];English;3.87;106
The Warriors;nan;Walter Hill;['Thriller', 'Action'];English;3.84;94
The Narrow Margin;nan;Richard Fleischer;['Crime', 'Thriller'];English;3.82;71
Assault on Precinct 13;nan;John Carpenter;['Crime', 'Action', 'Thriller'];English;3.82;91
Hero;nan;Zhang Yimou;['Drama', 'Adventure', 'Action', 'History'];Chinese;3.98;99
Serenity;nan;Joss Whedon;['Science Fiction', 'Action', 'Adventure', 'Thriller'];English;3.67;119
Duel;nan;Steven Spielberg;['Thriller', 'Action', 'TV Movie'];English;3.81;89
The Driver;nan;Walter Hill;['Crime', 'Thriller', 'Action'];English;3.83;91
The 4th Man;nan;Paul Verhoeven;['Mystery', 'Thriller'];Dutch;3.8;102
Open Your Eyes;nan;Alejandro Amenábar;['Thriller', 'Drama', 'Science Fiction'];Spanish;3.88;117
Sexy Beast;nan;Jonathan Glazer;['Comedy', 'Drama', 'Thriller', 'Crime'];English;3.93;89
Welcome to the Dollhouse;nan;Todd Solondz;['Comedy', 'Drama'];English;3.67;88
Re-Animator;nan;Stuart Gordon;['Comedy', 'Horror', 'Science Fiction'];English;3.76;86
Uncle Boonmee Who Can Recall His Past Lives;nan;Apichatpong Weerasethakul;['Fantasy', 'Drama'];Thai;3.92;114
Lolita;nan;Stanley Kubrick;['Comedy', 'Romance', 'Drama'];English;3.48;154
Beasts of the Southern Wild;nan;Benh Zeitlin;['Fantasy', 'Drama'];English;3.76;93
Summer Wars;nan;Mamoru Hosoda;['Animation', 'Science Fiction'];Japanese;3.8;114
Dogtown and Z-Boys;nan;Stacy Peralta;['Documentary'];English;3.81;90
Night on the Galactic Railroad;nan;Gisaburō Sugii;['Drama', 'Animation', 'Fantasy', 'Adventure', 'Family', 'Mystery'];Japanese;3.81;108
Dressed to Kill;nan;Brian De Palma;['Mystery', 'Horror', 'Thriller'];English;3.65;105
Unbreakable;nan;M. Night Shyamalan;['Thriller', 'Mystery', 'Drama'];English;3.68;106
Bronson;nan;Nicolas Winding Refn;['Crime', 'Drama', 'Action'];English;3.63;92
Timecrimes;nan;Nacho Vigalondo;['Thriller', 'Science Fiction'];Spanish;3.67;92
Alphaville;nan;Jean-Luc Godard;['Science Fiction', 'Mystery', 'Drama'];French;3.69;99
Electra Glide in Blue;nan;James William Guercio;['Drama', 'Mystery', 'Crime'];English;3.68;114
Polyester;nan;John Waters;['Comedy', 'Drama'];English;3.82;86
Elephant;nan;Gus Van Sant;['Crime', 'Drama'];English;3.52;81
Leaving Las Vegas;nan;Mike Figgis;['Drama', 'Romance'];English;3.75;111
Hoop Dreams;nan;Steve James;['Documentary'];English;4.41;174
JFK;nan;Oliver Stone;['Drama', 'History', 'Thriller'];English;4.05;188
Five Easy Pieces;nan;Bob Rafelson;['Drama'];English;3.9;98
Bridesmaids;nan;Paul Feig;['Comedy', 'Romance'];English;3.43;125
Hard Ticket to Hawaii;nan;Andy Sidaris;['Adventure', 'Action'];English;3.09;96
Ghost Dog: The Way of the Samurai;nan;Jim Jarmusch;['Crime', 'Drama'];English;4.03;116
Purple Rain;nan;Albert Magnoli;['Drama', 'Romance', 'Music'];English;3.41;111
Caliber 9;nan;Fernando Di Leo;['Action', 'Thriller', 'Crime'];Italian;3.74;102
The Thing;nan;John Carpenter;['Mystery', 'Science Fiction', 'Horror'];English;4.35;109
Asian School Girls;nan;Lawrence Silverstein;['Thriller', 'Action'];English;2.6;90
Leviathan;nan;Andrey Zvyagintsev;['Crime', 'Drama'];Russian;4.02;141
Mommy;nan;Xavier Dolan;['Drama'];French;4.31;138
For a Few Dollars More;nan;Sergio Leone;['Western'];Italian;4.22;132
Road House;nan;Rowdy Herrington;['Action', 'Thriller'];English;3.42;114
For Your Eyes Only;nan;John Glen;['Thriller', 'Action', 'Adventure'];English;3.1;128
The Plague Dogs;nan;Martin Rosen;['Drama', 'Animation', 'Adventure'];English;3.98;103
Se7en;nan;David Fincher;['Crime', 'Mystery', 'Thriller'];English;4.35;127
A Bug's Life;nan;John Lasseter;['Comedy', 'Animation', 'Adventure', 'Family'];English;3.47;95
Breakdown;nan;Jonathan Mostow;['Mystery', 'Drama', 'Crime', 'Thriller', 'Action'];English;3.6;93
Lilo & Stitch;nan;Dean DeBlois, Chris Sanders;['Comedy', 'Animation', 'Family'];English;4.02;85
Harry Potter and the Chamber of Secrets;nan;Chris Columbus;['Fantasy', 'Adventure'];English;3.62;161
Team America: World Police;nan;Trey Parker;['Action', 'Adventure', 'Comedy'];English;3.48;97
The Bourne Identity;nan;Doug Liman;['Drama', 'Action', 'Mystery', 'Thriller'];English;3.73;119
Kung Fu Panda;nan;Mark Osborne, John Stevenson;['Comedy', 'Action', 'Family', 'Adventure', 'Animation'];English;3.88;90
Mary and Max;nan;Adam Elliot;['Animation', 'Comedy', 'Drama'];English;4.25;92
This Is England;nan;Shane Meadows;['Crime', 'Drama'];English;4.08;101
The Raid 2;nan;Gareth Evans;['Thriller', 'Action', 'Crime'];Indonesian;4.03;150
Deadpool;nan;Tim Miller;['Action', 'Comedy', 'Adventure'];English;3.68;108
Christine;nan;John Carpenter;['Horror'];English;3.51;110
Full Metal Jacket;nan;Stanley Kubrick;['Drama', 'War'];English;4.21;117
The Hidden;nan;Jack Sholder;['Thriller', 'Science Fiction', 'Horror', 'Action'];English;3.63;96
Prince of Darkness;nan;John Carpenter;['Horror'];English;3.58;102
Lethal Weapon 2;nan;Richard Donner;['Adventure', 'Crime', 'Action', 'Comedy', 'Thriller'];English;3.6;114
A Better Tomorrow II;nan;John Woo;['Crime', 'Action', 'Thriller'];Cantonese;3.6;103
The Hitcher;nan;Robert Harmon;['Horror', 'Thriller', 'Action'];English;3.63;98
Fright Night;nan;Tom Holland;['Comedy', 'Horror'];English;3.55;107
Monty Python's The Meaning of Life;nan;Terry Jones;['Comedy'];English;3.81;107
Blow Out;nan;Brian De Palma;['Drama', 'Thriller', 'Mystery', 'Crime'];English;4.1;108
The Hitchhiker's Guide to the Galaxy;nan;Garth Jennings;['Comedy', 'Adventure', 'Science Fiction'];English;3.36;109
Son of Rambow;nan;Garth Jennings;['Comedy'];English;3.55;96
Miss Peregrine's Home for Peculiar Children;nan;Tim Burton;['Family', 'Drama', 'Fantasy', 'Thriller', 'Adventure'];English;3.18;127
Anthropoid;nan;Sean Ellis;['War', 'History', 'Thriller'];English;3.56;120
iBoy;nan;Adam Randall;['Science Fiction', 'Action'];English;2.32;90
Is Anybody There?;nan;John Crowley;['Drama'];English;3.26;95
Broken;nan;Rufus Norris;['Drama'];English;3.57;91
The Lodgers;nan;Brian O'Malley;['Thriller', 'Mystery', 'Horror'];English;2.67;93
Fifty Shades of Grey;nan;Sam Taylor-Johnson;['Romance', 'Thriller', 'Drama'];English;1.8;125
Beyond the Rave;nan;Matthias Hoene;['Thriller', 'Horror'];English;nan;93
The Walk;nan;Robert Zemeckis;['Adventure', 'History', 'Drama'];English;3.34;123
Yves Saint Laurent;nan;Jalil Lespert;['Drama'];French;3.22;106
Asterix & Obelix: God Save Britannia;nan;Laurent Tirard;['Adventure', 'Comedy', 'Family'];French;2.38;110
The Big Bad Wolf;nan;Bruno Lavaine, Nicolas Charlet;['Comedy', 'Romance'];French;3.07;107
Realive;nan;Mateo Gil;['Science Fiction'];English;3.03;112
Arctic Heart;nan;Marie Madinier;['Science Fiction', 'Drama', 'Comedy', 'Romance'];French;2.64;81
In the Shadow of Iris;nan;Jalil Lespert;['Drama', 'Thriller'];French;2.8;98
Starman;nan;John Carpenter;['Romance', 'Science Fiction', 'Drama'];English;3.61;115
Vampires;nan;John Carpenter;['Fantasy', 'Action', 'Horror'];English;2.93;108
Dark Star;nan;John Carpenter;['Comedy', 'Science Fiction'];English;3.1;83
Ghosts of Mars;nan;John Carpenter;['Science Fiction', 'Horror', 'Action'];English;2.44;98
The Ward;nan;John Carpenter;['Thriller', 'Horror', 'Mystery'];English;2.46;88
Village of the Damned;nan;John Carpenter;['Thriller', 'Horror', 'Science Fiction'];English;2.81;99
Body Bags;nan;John Carpenter, Tobe Hooper;['TV Movie', 'Comedy', 'Horror', 'Science Fiction'];English;3.19;95
Memoirs of an Invisible Man;nan;John Carpenter;['Thriller', 'Comedy', 'Romance', 'Science Fiction'];English;2.86;99
Escape from L.A.;nan;John Carpenter;['Adventure', 'Thriller', 'Action', 'Science Fiction'];English;2.95;101
Porky's;nan;Bob Clark;['Comedy'];English;2.72;94
Crossroads;nan;Tamra Davis;['Drama', 'Romance', 'Comedy'];English;2.93;93
Police Academy;nan;Hugh Wilson;['Crime', 'Comedy'];English;3.18;97
Sex and the City;nan;Michael Patrick King;['Romance', 'Drama', 'Comedy'];English;3.1;146
The Ghost Writer;nan;Roman Polanski;['Thriller', 'Mystery'];English;3.56;128
The Last Emperor;nan;Bernardo Bertolucci;['Drama', 'History'];English;3.91;163
Kung Fu Panda 2;nan;Jennifer Yuh Nelson;['Animation', 'Comedy', 'Family'];English;3.72;91
Wayne's World 2;nan;Stephen Surjik;['Comedy', 'Music'];English;3.14;95
The Day the Earth Stood Still;nan;Scott Derrickson;['Drama', 'Science Fiction', 'Thriller'];English;2.31;104
Chinatown;nan;Roman Polanski;['Thriller', 'Mystery', 'Crime', 'Drama'];English;4.3;130
The Golden Child;nan;Michael Ritchie;['Adventure', 'Action', 'Comedy'];English;2.9;94
Godzilla, King of the Monsters!;nan;Terry O. Morse, Ishirō Honda;['Science Fiction', 'Horror'];English;2.76;81
The Shadow;nan;Russell Mulcahy;['Fantasy', 'Crime', 'Adventure', 'Thriller', 'Mystery', 'Action'];English;2.88;108
Safe;nan;Boaz Yakin;['Thriller', 'Action', 'Crime'];English;2.88;94
The Sand Pebbles;nan;Robert Wise;['War', 'Drama'];English;3.62;196
Bound for Glory;nan;Hal Ashby;['Music', 'Drama'];English;3.62;147
3 Ninjas;nan;Jon Turteltaub;['Action', 'Comedy', 'Adventure', 'Family'];English;2.78;96
Seven Years in Tibet;nan;Jean-Jacques Annaud;['History', 'Adventure', 'Drama'];English;3.48;136
Year of the Dragon;nan;Michael Cimino;['Action', 'Thriller', 'Crime'];English;3.49;134
Shanghai Surprise;nan;Jim Goddard;['Crime', 'Romance', 'Drama', 'Adventure', 'Comedy'];English;1.93;97
Mystery Date;nan;Jonathan Wacks;['Comedy', 'Romance'];English;2.99;97
Max Payne;nan;John Moore;['Thriller', 'Action', 'Crime', 'Mystery', 'Drama'];English;1.98;100
Remember Me;nan;Allen Coulter;['Romance', 'Drama'];English;3.15;113
Unfaithful;nan;Adrian Lyne;['Thriller', 'Drama', 'Romance'];English;3.23;124
Stay;nan;Marc Forster;['Mystery', 'Drama', 'Thriller'];English;3.49;99
Exodus: Gods and Kings;nan;Ridley Scott;['Drama', 'Action', 'Adventure'];English;2.47;150
Galaxy Quest;nan;Dean Parisot;['Comedy', 'Science Fiction', 'Adventure'];English;3.72;101
Paul;nan;Greg Mottola;['Science Fiction', 'Comedy', 'Adventure'];English;3.09;104
Rakka;nan;Neill Blomkamp;['Science Fiction', 'Action', 'Horror'];English;3.37;22
The Tale of Despereaux;nan;Sam Fell, Robert Stevenhagen;['Adventure', 'Animation', 'Family'];English;2.77;93
Death and the Maiden;nan;Roman Polanski;['Drama', 'Thriller'];English;3.72;103
WALL·E;nan;Andrew Stanton;['Animation', 'Science Fiction', 'Family'];English;4.22;98
Snow Cake;nan;Marc Evans;['Drama', 'Romance'];English;3.58;112
Rise of the Guardians;nan;Peter Ramsey;['Animation', 'Fantasy', 'Family'];English;3.55;97
Happy Feet;nan;George Miller;['Animation', 'Family', 'Comedy'];English;2.99;108
Real Steel;nan;Shawn Levy;['Action', 'Drama', 'Science Fiction'];English;3.36;127
Van Helsing;nan;Stephen Sommers;['Action', 'Horror', 'Adventure'];English;2.78;132
Swordfish;nan;Dominic Sena;['Thriller', 'Crime', 'Action'];English;2.73;99
Scoop;nan;Woody Allen;['Comedy', 'Mystery'];English;3.1;96
Flushed Away;nan;David Bowers, Sam Fell;['Adventure', 'Comedy', 'Animation', 'Family'];English;3.18;84
Night at the Museum: Secret of the Tomb;nan;Shawn Levy;['Comedy', 'Family', 'Adventure', 'Fantasy'];English;2.8;98
Deception;nan;Marcel Langenegger;['Mystery', 'Thriller'];English;2.65;107
Being Elmo: A Puppeteer's Journey;nan;Constance Marks;['Documentary'];English;3.6;80
Australia;nan;Baz Luhrmann;['Drama', 'Romance', 'Adventure'];English;2.89;165
Kate & Leopold;nan;James Mangold;['Romance', 'Fantasy', 'Comedy'];English;3.04;118
Manchester by the Sea;nan;Kenneth Lonergan;['Drama'];English;4.12;138
Blue Valentine;nan;Derek Cianfrance;['Romance', 'Drama'];English;3.79;112
My Week with Marilyn;nan;Simon Curtis;['Romance', 'Drama'];English;3.24;99
The Station Agent;nan;Tom McCarthy;['Drama', 'Comedy'];English;3.83;88
I'm Not There;nan;Todd Haynes;['Drama', 'Music'];English;3.69;135
Halloween H20: 20 Years Later;nan;Steve Miner;['Thriller', 'Horror'];English;2.83;86
Dick;nan;Andrew Fleming;['Comedy', 'Adventure'];English;3.53;94
Certain Women;nan;Kelly Reichardt;['Drama'];English;3.75;107
Wendy and Lucy;nan;Kelly Reichardt;['Drama'];English;3.9;80
But I'm a Cheerleader;nan;Jamie Babbit;['Romance', 'Comedy'];English;4.01;85
Meek's Cutoff;nan;Kelly Reichardt;['Western', 'Drama'];English;3.71;104
After Hours;nan;Martin Scorsese;['Thriller', 'Drama', 'Comedy'];English;4.13;97
Entrapment;nan;Jon Amiel;['Drama', 'Mystery', 'Romance'];English;2.86;112
The Fourth Kind;nan;Olatunde Osunsanmi;['Thriller', 'Science Fiction', 'Mystery'];English;2.63;98
The November Man;nan;Roger Donaldson;['Thriller', 'Action', 'Crime'];English;2.69;108
No Way Out;nan;Roger Donaldson;['Thriller', 'Drama'];English;3.46;114
Desperately Seeking Susan;nan;Susan Seidelman;['Crime', 'Comedy', 'Drama'];English;3.36;104
Remember the Titans;nan;Boaz Yakin;['Drama'];English;3.82;113
The Guest;nan;Adam Wingard;['Mystery', 'Thriller', 'Action'];English;3.42;101
V/H/S;nan;David Bruckner, Matt Bettinelli-Olpin;['Thriller', 'Horror'];English;2.8;116
You're Next;nan;Adam Wingard;['Thriller', 'Mystery', 'Horror'];English;3.34;94
Blair Witch;nan;Adam Wingard;['Thriller', 'Horror'];English;2.4;89
Pop Skull;nan;Adam Wingard;['Horror', 'Thriller'];English;3.14;86
V/H/S/2;nan;Adam Wingard, Gregg Hale;['Horror', 'Thriller'];English;2.96;96
A Horrible Way to Die;nan;Adam Wingard;['Horror', 'Drama', 'Thriller'];English;2.9;87
The Fault in Our Stars;nan;Josh Boone;['Romance', 'Drama'];English;3.14;126
Palo Alto;nan;Gia Coppola;['Drama'];English;3.11;100
Stuck in Love;nan;Josh Boone;['Drama', 'Comedy'];English;3.5;97
New Year's Eve;nan;Garry Marshall;['Romance', 'Comedy'];English;2.38;118
Home Again;nan;Hallie Meyers-Shyer;['Comedy', 'Romance', 'Drama'];English;2.67;97
The Nice Guys;nan;Shane Black;['Action', 'Comedy', 'Crime'];English;3.83;116
Afterschool;nan;Antonio Campos;['Drama'];English;3.28;107
Digging for Fire;nan;Joe Swanberg;['Drama', 'Comedy'];English;3.04;83
Mysterious Skin;nan;Gregg Araki;['Drama'];English;4.2;105
Shattered Glass;nan;Billy Ray;['Drama', 'History'];English;3.44;94
The Impossible;nan;J.A. Bayona;['Drama', 'Thriller', 'History'];English;3.62;114
Over the Garden Wall;nan;Nate Cash;['Animation', 'Mystery', 'Family', 'Comedy'];English;4.62;109
Win It All;nan;Joe Swanberg;['Comedy'];English;3.2;88
Day for Night;nan;François Truffaut;['Comedy', 'Drama'];French;4.18;116
Love Me If You Dare;nan;Yann Samuell;['Comedy', 'Drama', 'Romance'];French;3.53;93
Beach Rats;nan;Eliza Hittman;['Drama', 'Romance'];English;3.22;99
Maps to the Stars;nan;David Cronenberg;['Drama'];English;3.28;112
Gook;nan;Justin Chon;['Drama'];English;3.63;94
Dancer in the Dark;nan;Lars von Trier;['Drama', 'Crime'];English;4.2;140
Brigsby Bear;nan;Dave McCary;['Drama', 'Comedy'];English;3.82;97
Mother;nan;Bong Joon Ho;['Drama', 'Crime', 'Mystery'];Korean;4.17;129
Force Majeure;nan;Ruben Östlund;['Drama'];Swedish;3.88;120
After the Storm;nan;Hirokazu Kore-eda;['Drama'];Japanese;3.93;117
Opening Night;nan;John Cassavetes;['Drama'];English;4.28;144
Y Tu Mamá También;nan;Alfonso Cuarón;['Romance', 'Drama'];Spanish;4.21;106
The Kings of Summer;nan;Jordan Vogt-Roberts;['Comedy', 'Drama'];English;3.51;93
Queen of Earth;nan;Alex Ross Perry;['Drama', 'Thriller'];English;3.39;90
Mayhem;nan;Joe Lynch;['Action', 'Comedy', 'Horror'];English;3.15;87
Girlfight;nan;Karyn Kusama;['Drama'];English;3.43;110
Christine;nan;Antonio Campos;['Drama'];English;3.6;123
Everybody Wants Some!!;nan;Richard Linklater;['Comedy'];English;3.71;117
Weiner;nan;Josh Kriegman, Elyse Steinberg;['Documentary'];English;3.84;96
Paterson;nan;Jim Jarmusch;['Romance', 'Drama', 'Comedy'];English;3.89;118
Nowhere;nan;Gregg Araki;['Drama', 'Comedy', 'Science Fiction'];English;3.99;83
My Son, My Son, What Have Ye Done;nan;Werner Herzog;['Crime', 'Drama', 'Thriller'];English;3.36;91
Jackie;nan;Pablo Larraín;['Drama'];English;3.54;100
American Movie;nan;Chris Smith;['Comedy', 'Documentary'];English;4.19;107
Investigation of a Citizen Above Suspicion;nan;Elio Petri;['Drama', 'Thriller'];Italian;4.18;111
A Fistful of Dollars;nan;Sergio Leone;['Western'];Italian;3.96;99
Revanche;nan;Götz Spielmann;['Crime', 'Drama', 'Romance'];German;3.96;121
Distant;nan;Nuri Bilge Ceylan;['Drama'];Turkish;3.93;109
The Untouchables;nan;Brian De Palma;['History', 'Thriller', 'Crime'];English;3.84;119
Dr. No;nan;Terence Young;['Action', 'Thriller', 'Adventure'];English;3.44;110
The League of Extraordinary Gentlemen;nan;Stephen Norrington;['Science Fiction', 'Action', 'Thriller', 'Fantasy'];English;2.52;110
Murder on the Orient Express;nan;Sidney Lumet;['Drama', 'Thriller', 'Mystery'];English;3.56;128
The Man Who Would Be King;nan;John Huston;['Adventure', 'Drama'];English;3.88;129
The Longest Day;nan;Ken Annakin, Andrew Marton;['Action', 'War', 'Drama'];English;3.79;178
Finding Forrester;nan;Gus Van Sant;['History', 'Drama'];English;3.44;136
A Night to Remember;nan;Roy Ward Baker;['Action', 'Drama', 'History'];English;3.91;123
Outland;nan;Peter Hyams;['Thriller', 'Science Fiction', 'Action', 'Crime', 'Western'];English;3.39;109
First Knight;nan;Jerry Zucker;['Drama', 'Romance', 'Adventure', 'Action'];English;2.8;134
Rising Sun;nan;Philip Kaufman;['Drama', 'Thriller', 'Action'];English;2.91;125
The Anderson Tapes;nan;Sidney Lumet;['Crime', 'Action', 'Thriller', 'Drama'];English;3.3;99
The Thief and the Cobbler;nan;Richard Williams;['Fantasy', 'Animation', 'Family', 'Romance'];English;3.83;72
The Presidio;nan;Peter Hyams;['Crime', 'Action', 'Thriller', 'Mystery'];English;2.87;97
Just Cause;nan;Arne Glimcher;['Thriller', 'Drama', 'Mystery', 'Action'];English;2.95;102
The First Great Train Robbery;nan;Michael Crichton;['Crime', 'Drama', 'Adventure', 'Thriller'];English;3.4;110
Robin and Marian;nan;Richard Lester;['Romance', 'Adventure'];English;3.34;106
Medicine Man;nan;John McTiernan;['Drama', 'Adventure', 'Romance'];English;2.65;106
Sword of the Valiant: The Legend of Sir Gawain and the Green Knight;nan;Stephen Weeks;['Fantasy', 'Adventure'];English;2.57;102
The Red Tent;nan;Mikhail Kalatozov;['Adventure', 'History', 'Drama'];Russian;3.45;158
The Molly Maguires;nan;Martin Ritt;['Thriller', 'Drama', 'History'];English;3.47;120
Cuba;nan;Richard Lester;['Adventure', 'Drama', 'Romance', 'Action', 'Thriller', 'War'];English;3.08;122
Hell Drivers;nan;Cy Endfield;['Drama', 'Thriller', 'Crime'];English;3.55;108
Meteor;nan;Ronald Neame;['Action', 'Thriller', 'Science Fiction'];English;2.54;107
Darby O'Gill and the Little People;nan;Robert Stevenson;['Family', 'Adventure', 'Fantasy', 'Romance'];English;3.33;90
Playing by Heart;nan;Willard Carroll;['Drama', 'Romance', 'Comedy'];English;3.2;121
The Wind and the Lion;nan;John Milius;['Adventure', 'History'];English;3.38;119
From Russia with Love;nan;Terence Young;['Action', 'Adventure', 'Thriller'];English;3.61;115
Goldfinger;nan;Guy Hamilton;['Action', 'Adventure', 'Thriller'];English;3.78;110
Shalako;nan;Edward Dmytryk;['Western'];English;2.89;113
Memories of Me;nan;Henry Winkler;['Drama', 'Comedy'];English;3.16;103
Tarzan's Greatest Adventure;nan;John Guillermin;['Adventure'];English;3.31;88
Wrong Is Right;nan;Richard Brooks;['Comedy', 'Drama'];English;2.93;117
The Frightened City;nan;John Lemont;['Drama', 'Crime'];English;3.26;97
A Fine Madness;nan;Irvin Kershner;['Drama', 'Comedy', 'Romance'];English;2.95;107
Watership Down;nan;Martin Rosen;['Animation', 'Drama', 'Adventure'];English;3.86;92
Trading Places;nan;John Landis;['Comedy'];English;3.63;116
A Room with a View;nan;James Ivory;['Romance', 'Drama'];English;3.71;117
The Boys from Brazil;nan;Franklin J. Schaffner;['Mystery', 'Drama', 'Science Fiction'];English;3.38;125
Bad Timing;nan;Nicolas Roeg;['Thriller', 'Drama', 'Mystery'];English;3.66;123
Alfie;nan;Lewis Gilbert;['Romance', 'Drama', 'Comedy'];English;3.45;114
The Vault of Horror;nan;Roy Ward Baker;['Horror'];English;3.26;83
Maurice;nan;James Ivory;['Romance', 'Drama'];English;3.88;140
Saint Jack;nan;Peter Bogdanovich;['Drama'];English;3.8;115
King Rat;nan;Bryan Forbes;['Drama', 'War'];English;3.74;134
Bangkok Hilton;nan;Ken Cameron;['Drama'];English;3.54;270
Noises Off...;nan;Peter Bogdanovich;['Comedy'];English;3.72;103
We Still Kill the Old Way;nan;Sacha Bennett;['Crime'];English;2.9;94
King Solomon's Mines;nan;Steve Boyum;['Epic heroes', 'Epic adventure and breathtaking battles', 'Superheroes in action-packed battles with villains', 'Show All…'];English;3.04;176
Taffin;nan;Francis Megahy;['Thriller', 'Action'];English;2.86;96
Major League II;nan;David S. Ward;['Comedy'];English;2.77;105
The Next Karate Kid;nan;Christopher Cain;['Drama', 'Adventure', 'Action', 'Family'];English;2.18;107
Kazaam;nan;Paul Michael Glaser;['Comedy', 'Fantasy', 'Family'];English;1.86;94
From Dusk Till Dawn 2: Texas Blood Money;nan;Scott Spiegel;['Action', 'Crime', 'Thriller', 'Horror'];English;2.18;88
Spice World;nan;Bob Spiers;['Comedy', 'Fantasy', 'Adventure', 'Drama', 'Music'];English;2.97;93
Baywatch: Forbidden Paradise;nan;Douglas Schwartz;['TV Movie', 'Action', 'Drama'];English;nan;90
Johnny Mnemonic;nan;Robert Longo;['Adventure', 'Action', 'Science Fiction'];English;2.83;97
Robin Hood: Men in Tights;nan;Mel Brooks;['Comedy'];English;3.26;104
Bill & Ted's Excellent Adventure;nan;Stephen Herek;['Science Fiction', 'Comedy', 'Adventure'];English;3.66;90
Matilda;nan;Danny DeVito;['Comedy', 'Fantasy', 'Family'];English;3.74;98
Leapin' Leprechauns;nan;Ted Nicolaou;['Fantasy', 'Family'];English;nan;84
The Addams Family;nan;Barry Sonnenfeld;['Comedy', 'Fantasy'];English;3.73;100
Matinee;nan;Joe Dante;['Comedy'];English;3.65;99
SLC Punk;nan;James Merendino;['Drama', 'Crime', 'Music', 'Comedy'];English;3.8;97
Living in Oblivion;nan;Tom DiCillo;['Comedy', 'Drama'];English;3.87;90
The Witches;nan;Nicolas Roeg;['Horror', 'Family', 'Fantasy'];English;3.42;91
Slums of Beverly Hills;nan;Tamara Jenkins;['Comedy', 'Drama'];English;3.49;91
Dumb and Dumber;nan;Peter Farrelly;['Comedy'];English;3.36;107
Addams Family Values;nan;Barry Sonnenfeld;['Comedy', 'Family', 'Fantasy'];English;3.79;94
The Incredible Adventures of Marco Polo;nan;George Erschbamer;['Adventure'];English;nan;97
10,000 BC;nan;Roland Emmerich;['Action', 'Adventure', 'Drama', 'Fantasy'];English;2.02;109
Quest for Fire;nan;Jean-Jacques Annaud;['Drama', 'Adventure'];No spoken language;3.5;100
The Smurfs;nan;Raja Gosnell;['Animation', 'Family', 'Adventure', 'Fantasy', 'Comedy'];English;2.38;102
Scooby-Doo;nan;Raja Gosnell;['Comedy', 'Adventure', 'Mystery'];English;3.35;86
Never Been Kissed;nan;Raja Gosnell;['Drama', 'Comedy', 'Romance'];English;2.6;107
Yours, Mine & Ours;nan;Raja Gosnell;['Family', 'Comedy', 'Romance'];English;2.85;90
1922;nan;Zak Hilditch;['Horror', 'Crime', 'Drama'];English;2.82;102
Exorcismo;nan;Juan Bosch;['Horror'];Spanish;2.95;90
Bāhubali: The Beginning;nan;S. S. Rajamouli;['Adventure', 'Fantasy', 'Drama', 'Action'];Telugu;3.49;159
Rocky IV;nan;Sylvester Stallone;['Drama'];English;3.65;91
The Expendables 2;nan;Simon West;['Action', 'Adventure', 'Thriller'];English;2.74;103
The Punisher;nan;Mark Goldblatt;['Action', 'Thriller', 'Drama', 'Crime'];English;2.71;89
Family Guy Presents: Something, Something, Something, Dark Side;nan;James Purdum, Dominic Polcino;['TV Movie', 'Adventure', 'Animation', 'Action', 'Science Fiction', 'Comedy', 'Fantasy'];English;3.38;54
Universal Soldier: Day of Reckoning;nan;John Hyams;['Action', 'Thriller', 'Science Fiction'];English;3.21;113
Dark Angel;nan;Craig R. Baxley;['Crime', 'Science Fiction', 'Thriller', 'Action', 'Horror'];English;3.1;91
Showdown in Little Tokyo;nan;Mark L. Lester;['Crime', 'Action', 'Comedy'];English;3.08;79
In the Name of the King 2: Two Worlds;nan;Uwe Boll;['Action', 'Adventure', 'Drama', 'Fantasy'];English;1.81;96
Blind Fury;nan;Phillip Noyce;['Action', 'Thriller'];English;3.15;86
Carny;nan;Robert Kaylor;['Drama'];English;3.2;107
Stepfather 2;nan;Jeff Burr;['Horror', 'Thriller'];English;2.83;93
The Wind;nan;Nico Mastorakis;['Horror', 'Thriller'];English;2.7;92
The Zero Boys;nan;Nico Mastorakis;['Action', 'Horror', 'Thriller'];English;2.74;89
Ninja Academy;nan;Nico Mastorakis;['Comedy', 'Action'];English;2.76;92
Hired to Kill;nan;Nico Mastorakis, Peter Rader;['Thriller', 'Action'];English;2.82;91
Island of Death;nan;Nico Mastorakis;['Horror', 'Thriller'];Greek (modern);2.77;106
Death Has Blue Eyes;nan;Nico Mastorakis;['Thriller', 'Science Fiction', 'Action'];Greek (modern);2.89;79
Frost/Nixon;nan;Ron Howard;['History', 'Drama'];English;3.73;122
The Ninth Gate;nan;Roman Polanski;['Horror', 'Thriller', 'Mystery'];English;3.08;133
Muppets Most Wanted;nan;James Bobin;['Adventure', 'Family', 'Crime', 'Comedy'];English;3.2;107
Unknown;nan;Jaume Collet-Serra;['Thriller', 'Action', 'Mystery'];English;2.92;113
Draft Day;nan;Ivan Reitman;['Drama'];English;3.09;110
Lolita;nan;Adrian Lyne;['Drama', 'Romance'];English;3.14;137
The Prophet;nan;Roger Allers;['Animation'];English;3.52;85
Scream 4;nan;Wes Craven;['Mystery', 'Horror'];English;3.34;111
Bedtime Stories;nan;Adam Shankman;['Fantasy', 'Comedy', 'Romance', 'Family'];English;2.82;99
Barnyard;nan;Steve Oedekerk;['Animation', 'Family', 'Comedy'];English;2.99;90
Down Twisted;nan;Albert Pyun;['Action', 'Adventure', 'Drama', 'Crime', 'Thriller'];English;3.06;88
Blue Desert;nan;Bradley Battersby;['Thriller', 'Mystery'];English;nan;97
Get Well Soon;nan;Justin McCarthy;['Comedy', 'Romance'];English;3.06;95
TalhotBlond;nan;Courteney Cox;['Drama', 'TV Movie'];English;3.13;88
The Rescuers Down Under;nan;Hendel Butoy, Mike Gabriel;['Adventure', 'Animation', 'Fantasy', 'Family'];English;3.21;77
Bride of Frankenstein;nan;James Whale;['Horror', 'Science Fiction'];English;3.98;75
The Day of the Locust;nan;John Schlesinger;['Drama'];English;3.57;145
Alice in Wonderland;nan;Norman Z. McLeod;['Fantasy', 'Family', 'Comedy'];English;3.25;76
Tough Guys;nan;Jeff Kanew;['Comedy', 'Crime'];English;3.04;104
Lobster Man from Mars;nan;Stanley Sheff;['Science Fiction', 'Comedy'];English;3.11;84
The Wonderful World of the Brothers Grimm;nan;Henry Levin, George Pal;['Comedy', 'Fantasy', 'Music', 'Family'];English;3.21;140
Body Slam;nan;Hal Needham;['Music', 'Comedy'];English;2.79;89
The Undead;nan;Roger Corman;['Horror', 'Fantasy'];English;2.71;71
Rapture;nan;Iván Zulueta;['Drama', 'Fantasy', 'Horror'];Spanish;3.8;110
Wake in Fright;nan;Ted Kotcheff;['Drama', 'Thriller'];English;4.02;109
The Spook Who Sat by the Door;nan;Ivan Dixon;['War', 'Drama', 'Crime', 'Action'];English;3.93;102
I Love a Man in Uniform;nan;David Wellington;['Drama', 'Thriller'];English;3.44;99
711 Ocean Drive;nan;Joseph M. Newman;['Crime'];English;3.27;102
Outrage;nan;Takeshi Kitano;['Crime', 'Action', 'Thriller', 'Drama', 'Adventure'];Japanese;3.54;109
The Nickel Ride;nan;Robert Mulligan;['Drama', 'Crime'];English;3.5;99
Robbery;nan;Peter Yates;['Thriller', 'Crime'];English;3.57;110
The Friends of Eddie Coyle;nan;Peter Yates;['Drama', 'Crime', 'Thriller'];English;3.91;102
Dead Man;nan;Jim Jarmusch;['Fantasy', 'Western', 'Drama'];English;3.9;121
Scrooged;nan;Richard Donner;['Comedy', 'Fantasy', 'Drama'];English;3.31;101
The Night of the Hunter;nan;Charles Laughton;['Drama', 'Crime', 'Thriller'];English;4.26;93
Out of the Past;nan;Jacques Tourneur;['Thriller', 'Mystery', 'Crime'];English;4.11;97
The Lusty Men;nan;Nicholas Ray;['Drama', 'Western'];English;3.94;113
Home from the Hill;nan;Vincente Minnelli;['Drama', 'Romance'];English;3.84;150
El Dorado;nan;Howard Hawks;['Western'];English;3.75;126
The Yakuza;nan;Sydney Pollack;['Drama', 'Thriller', 'Crime', 'Action'];English;3.7;112
Angel Face;nan;Otto Preminger;['Crime', 'Drama'];English;3.66;91
The Enemy Below;nan;Dick Powell;['War'];English;3.57;97
Blood on the Moon;nan;Robert Wise;['Romance', 'Western'];English;3.47;88
Breaking Away;nan;Peter Yates;['Comedy', 'Drama'];English;3.95;101
The Deep;nan;Peter Yates;['Adventure', 'Thriller', 'Mystery'];English;3.04;123
Field of Dreams;nan;Phil Alden Robinson;['Fantasy', 'Drama'];English;3.62;107
Youth in Revolt;nan;Miguel Arteta;['Drama', 'Romance', 'Comedy'];English;3.09;89
Bee Movie;nan;Steve Hickner, Simon J. Smith;['Family', 'Comedy', 'Animation', 'Adventure'];English;2.94;91
Smokin' Aces;nan;Joe Carnahan;['Crime', 'Comedy', 'Action', 'Thriller'];English;3.05;109
Kill the Messenger;nan;Michael Cuesta;['Thriller', 'Drama', 'History', 'Mystery', 'Crime'];English;3.3;112
The Basketball Diaries;nan;Scott Kalvert;['Crime', 'Drama'];English;3.75;102
Hackers;nan;Iain Softley;['Crime', 'Thriller', 'Drama', 'Action'];English;3.26;107
The Pick-up Artist;nan;James Toback;['Romance', 'Crime', 'Comedy'];English;2.74;81
The Dream Team;nan;Howard Zieff;['Comedy', 'Thriller', 'Crime'];English;3.2;113
Someone to Watch Over Me;nan;Ridley Scott;['Thriller', 'Romance', 'Drama'];English;2.98;103
Riding in Cars with Boys;nan;Penny Marshall;['Drama', 'Comedy', 'Romance'];English;3.44;132
Jungle Fever;nan;Spike Lee;['Drama', 'Romance'];English;3.47;132
What Dreams May Come;nan;Vincent Ward;['Romance', 'Fantasy', 'Drama'];English;3.41;113
The Funeral;nan;Abel Ferrara;['Drama', 'Crime'];English;3.68;99
Domenica;nan;Wilma Labate;['Drama'];Italian;nan;95
The Cure;nan;Peter Horton;['Drama', 'Family'];English;3.87;97
Reversal of Fortune;nan;Barbet Schroeder;['Drama'];English;3.54;111
The Addiction;nan;Abel Ferrara;['Horror', 'Drama'];English;3.62;82
Never on Sunday;nan;Jules Dassin;['Romance', 'Comedy'];Greek (modern);3.66;91
Thieves' Highway;nan;Jules Dassin;['Drama', 'Thriller', 'Crime'];English;3.76;94
Night and the City;nan;Jules Dassin;['Drama', 'Crime'];English;4.03;95
The Naked City;nan;Jules Dassin;['Crime', 'Mystery', 'Thriller'];English;3.79;96
The Taint;nan;Drew Bolduc, Dan Nelson;['Comedy', 'Horror', 'Action'];English;3.04;75
Broken Embraces;nan;Pedro Almodóvar;['Drama', 'Romance', 'Thriller'];Spanish;3.75;127
Partisan;nan;Ariel Kleiman;['Drama', 'Thriller'];English;3.24;98
Demon Witch Child;nan;Amando de Ossorio;['Horror'];Spanish;2.95;90
Terror on Tape;nan;Robert Worms;['Documentary', 'Horror'];English;nan;85
Demon of Paradise;nan;Cirio H. Santiago;['Thriller', 'Horror'];English;2.58;87
Some Call It Loving;nan;James B. Harris;['Drama'];English;3.35;105
Sunshine;nan;Jacky Lee;['Comedy'];English;nan;16
Don Juan or If Don Juan Were a Woman;nan;Roger Vadim;['Drama'];French;3.04;95
Demon Wind;nan;Charles Philip Moore;['Horror'];English;2.62;96
The Sunshine Makers;nan;Cosmo Feilding-Mellen;['Documentary'];English;3.49;101
Brass Knuckle Boys;nan;Kazushige Tanaka, Kankuro Kudo;['Music', 'Comedy'];Japanese;3.4;125
The Lost Skeleton of Cadavra;nan;Larry Blamire;['Science Fiction', 'Horror', 'Comedy'];English;3.52;90
Cat in the Cage;nan;Tony Zarindast;['Thriller'];English;nan;98
The Flamingo Kid;nan;Garry Marshall;['Drama', 'Romance', 'Comedy'];English;3.15;100
Terror Express;nan;Ferdinando Baldi;['Thriller', 'Horror'];Italian;2.98;80
Woodstock;nan;Michael Wadleigh;['Music', 'Documentary', 'History'];English;4.16;225
Rhymes for Young Ghouls;nan;Jeff Barnaby;['Crime', 'Drama'];English;3.56;86
Legacy of Satan;nan;Gerard Damiano;['Horror'];English;2.88;70
The Wretches Are Still Singing;nan;Nikos Nikolaidis;['Mystery', 'Adventure', 'Drama', 'Crime'];Greek (modern);3.45;123
The Night Before;nan;Thom Eberhardt;['Comedy', 'Romance'];English;2.79;85
The Skull;nan;Freddie Francis;['Thriller', 'Horror'];English;3.13;83
Anatomy of a Psycho;nan;Boris Petroff;['Thriller', 'Horror', 'Crime', 'Mystery'];English;2.79;75
The Erotic Rites of Frankenstein;nan;Jesús Franco;['Horror'];French;3.07;94
Tilt;nan;Rudy Durand;['Drama'];English;3.12;111
Summer School Teachers;nan;Barbara Peeters;['Comedy'];English;3.06;85
Joysticks;nan;Greydon Clark;['Comedy'];English;2.5;88
Kite;nan;Ralph Ziman;['Action', 'Drama'];English;2.07;90
The Acid House;nan;Paul McGuigan;['Comedy', 'Drama'];English;3.2;107
Party Monster;nan;Fenton Bailey, Randy Barbato;['Comedy', 'Drama', 'Thriller', 'Crime'];English;3.44;98
Sugar Cookies;nan;Theodore Gershuny;['Drama', 'Thriller', 'Horror'];English;3.12;89
Electrick Children;nan;Rebecca Thomas;['Drama'];English;3.52;96
The Invisible Maniac;nan;Adam Rifkin;['Science Fiction', 'Comedy', 'Horror'];English;2.59;86
Psychos in Love;nan;Gorman Bechard;['Horror', 'Comedy'];English;3.25;88
Two Scoops;nan;Robert Rodriguez;nan;English;2.82;12
The Concrete Jungle;nan;Tom DeSimone;['Drama', 'Crime'];English;3.08;99
Die Sister, Die!;nan;Randall Hood;['Horror'];English;2.94;82
Pandorum;nan;Christian Alvart;['Action', 'Mystery', 'Thriller', 'Science Fiction', 'Horror'];English;3.03;108
Student Bodies;nan;Mickey Rose;['Horror', 'Comedy'];English;2.8;86
Pool Party Massacre;nan;Drew Marvick;['Horror'];English;2.32;81
Alien from L.A.;nan;Albert Pyun;['Family', 'Adventure', 'Science Fiction'];English;2.48;87
Drifter;nan;Chris von Hoffmann;['Crime', 'Thriller', 'Horror'];English;2.67;86
Fresh Dressed;nan;Sacha Jenkins;['History', 'Documentary', 'Music'];English;3.42;90
All Things Fair;nan;Bo Widerberg;['Drama', 'War', 'Romance'];Swedish;3.36;125
Lovely Rita;nan;Jessica Hausner;['Drama'];German;3.12;79
Planet Earth;nan;Marc Daniels;['TV Movie', 'Science Fiction'];English;3.04;74
Timestalkers;nan;Michael Schultz;['TV Movie', 'Western', 'Adventure', 'Thriller', 'Science Fiction'];English;2.94;83
Space Babes from Outer Space;nan;Brian K. Williams;['Science Fiction', 'Comedy'];English;2.96;81
Bloodsucking Pharaohs in Pittsburgh;nan;Dean Tschetter, Alan Smithee;['Horror', 'Comedy'];English;2.92;89
Trip with the Teacher;nan;Earl Barton;['Thriller', 'Horror'];English;2.8;91
Wild Zero;nan;Tetsuro Takeuchi;['Action', 'Science Fiction', 'Horror'];Japanese;3.57;98
Legally Blonde;nan;Robert Luketic;['Romance', 'Comedy'];English;3.81;96
This Means War;nan;McG;['Romance', 'Comedy', 'Action'];English;2.61;98
Monsters vs Aliens;nan;Rob Letterman, Conrad Vernon;['Science Fiction', 'Family', 'Animation', 'Adventure'];English;2.85;94
Pleasantville;nan;Gary Ross;['Comedy', 'Fantasy', 'Drama'];English;3.69;124
The Boss Baby;nan;Tom McGrath;['Animation', 'Comedy', 'Family'];English;2.53;97
Pawn Sacrifice;nan;Edward Zwick;['Thriller', 'Drama'];English;3.31;115
Spider-Man 3;nan;Sam Raimi;['Science Fiction', 'Adventure', 'Action'];English;3.12;139
Hidden Figures;nan;Theodore Melfi;['History', 'Drama'];English;3.87;127
Midnight Special;nan;Jeff Nichols;['Drama', 'Science Fiction', 'Adventure'];English;3.34;112
Once;nan;John Carney;['Music', 'Drama', 'Romance'];English;3.89;85
On the Edge;nan;John Carney;['Romance', 'Drama'];English;3.63;85
Creepozoids;nan;David DeCoteau;['Horror', 'Science Fiction'];English;2.36;72
Judge Dredd;nan;Danny Cannon;['Science Fiction', 'Action'];English;2.58;96
Mannequin Two: On the Move;nan;Stewart Raffill;['Fantasy', 'Science Fiction', 'Romance', 'Comedy'];English;2.52;95
Mac and Me;nan;Stewart Raffill;['Family', 'Fantasy', 'Science Fiction', 'Adventure'];English;1.96;95
Virtuosity;nan;Brett Leonard;['Action', 'Thriller', 'Crime', 'Science Fiction'];English;2.73;106
Rocky V;nan;John G. Avildsen;['Drama'];English;2.46;104
The Power of One;nan;John G. Avildsen;['Drama'];English;3.37;127
Neighbors;nan;John G. Avildsen;['Comedy'];English;2.77;95
The Whole Ten Yards;nan;Howard Deutch;['Thriller', 'Comedy', 'Crime'];English;2.5;98
My Best Friend's Girl;nan;Howard Deutch;['Comedy', 'Romance'];English;2.35;101
Patchwork;nan;Tyler MacIntyre;['Comedy', 'Horror'];English;2.93;86
The Guns of Navarone;nan;J. Lee Thompson;['Adventure', 'Action', 'Thriller', 'War'];English;3.71;160
The White Buffalo;nan;J. Lee Thompson;['Adventure', 'Western', 'Action'];English;3.22;97
What a Way to Go!;nan;J. Lee Thompson;['Romance', 'Comedy'];English;3.84;111
Murphy's Law;nan;J. Lee Thompson;['Thriller', 'Crime', 'Action'];English;2.91;100
Eye of the Devil;nan;J. Lee Thompson;['Horror', 'Mystery', 'Thriller'];English;3.29;96
North West Frontier;nan;J. Lee Thompson;['Drama', 'Adventure'];English;3.44;129
Messenger of Death;nan;J. Lee Thompson;['Crime', 'Action', 'Thriller'];English;2.64;91
Kinjite: Forbidden Subjects;nan;J. Lee Thompson;['Action', 'Thriller', 'Drama'];English;2.81;97
Tiger Bay;nan;J. Lee Thompson;['Crime', 'Thriller'];English;3.63;105
The Evil That Men Do;nan;J. Lee Thompson;['Crime', 'Adventure', 'Thriller', 'Action'];English;2.93;90
The Reincarnation of Peter Proud;nan;J. Lee Thompson;['Mystery', 'Horror'];English;3.2;105
Huckleberry Finn;nan;J. Lee Thompson;['Family', 'Adventure', 'Music'];English;3.18;118
Brotherly Love;nan;J. Lee Thompson;['Drama'];English;nan;107
The Chairman;nan;J. Lee Thompson;['Action', 'Thriller'];English;3.05;93
Kings of the Sun;nan;J. Lee Thompson;['Adventure', 'History'];English;3.12;108
The Passage;nan;J. Lee Thompson;['Action', 'War', 'Thriller'];English;3.09;99
Caboblanco;nan;J. Lee Thompson;['Drama', 'Adventure', 'Romance'];English;2.89;87
John Goldfarb, Please Come Home!;nan;J. Lee Thompson;['Comedy'];English;nan;96
Before Winter Comes;nan;J. Lee Thompson;['Comedy', 'Drama'];English;nan;103
An Alligator Named Daisy;nan;J. Lee Thompson;['Romance', 'Comedy'];English;nan;85
Dead End;nan;William Wyler;['Drama', 'Crime'];English;3.56;93
Zulu;nan;Cy Endfield;['Action', 'War', 'History', 'Drama'];English;3.76;138
The Bridge on the River Kwai;nan;David Lean;['War', 'History', 'Drama'];English;4.24;161
Oh! What a Lovely War;nan;Richard Attenborough;['Comedy', 'War', 'Music'];English;3.57;138
Waterloo;nan;Sergey Bondarchuk;['History', 'Drama', 'War'];English;3.86;134
When Eight Bells Toll;nan;Étienne Périer;['Adventure', 'Thriller', 'Action'];English;3.1;94
Tales That Witness Madness;nan;Freddie Francis;['Comedy', 'Science Fiction', 'Horror'];English;2.84;90
Land of the Pharaohs;nan;Howard Hawks;['History', 'Drama'];English;3.33;105
Lord Jim;nan;Richard Brooks;['Drama', 'Romance', 'Adventure'];English;3.32;154
Angels One Five;nan;George More O'Ferrall;['War', 'Drama'];English;3.33;98
Kidnapped;nan;Delbert Mann;['Adventure', 'History'];English;3.23;100
The Black Rose;nan;Henry Hathaway;['Adventure', 'War', 'History'];English;3.15;116
The Third Secret;nan;Charles Crichton;['Drama', 'Mystery', 'Thriller'];English;3.32;103
Malta Story;nan;Brian Desmond Hurst;['History', 'Drama', 'War'];English;3.27;99
Jane Eyre;nan;Delbert Mann;['Drama', 'TV Movie'];English;3.18;110
Judith;nan;Daniel Mann;['Drama', 'War'];English;nan;109
The Two-Headed Spy;nan;André de Toth;['Thriller', 'War'];English;3.39;93
The Fallen Idol;nan;Carol Reed;['Thriller', 'Drama'];English;3.81;96
The League of Gentlemen;nan;Basil Dearden;['Comedy', 'Crime'];English;3.65;116
Romeo and Juliet;nan;Franco Zeffirelli;['Drama', 'Romance'];English;3.57;138
Crash;nan;Paul Haggis;['Drama'];English;2.96;112
Transporter 2;nan;Louis Leterrier;['Action', 'Thriller', 'Crime'];English;2.76;87
Reality Bites;nan;Ben Stiller;['Romance', 'Comedy', 'Drama'];English;3.43;98
Superhero Movie;nan;Craig Mazin;['Science Fiction', 'Action', 'Comedy'];English;2.22;82
Barbershop;nan;Tim Story;['Comedy', 'Drama'];English;3.16;102
Dead Presidents;nan;Albert Hughes, Allen Hughes;['Thriller', 'Drama', 'Crime', 'Action', 'War'];English;3.55;119
All About Steve;nan;Phil Traill;['Comedy'];English;2.1;99
Pitch Black;nan;David Twohy;['Thriller', 'Science Fiction', 'Action'];English;3.3;108
The Princess and the Frog;nan;Ron Clements, John Musker;['Animation', 'Romance', 'Family', 'Fantasy'];English;3.91;98
These Final Hours;nan;Zak Hilditch;['Science Fiction', 'Drama', 'Thriller'];English;3.38;87
The Magnificent Seven;nan;Antoine Fuqua;['Western', 'Action', 'Adventure'];English;3.13;132
In Time;nan;Andrew Niccol;['Thriller', 'Action', 'Science Fiction'];English;2.93;109
Magic Mike XXL;nan;Gregory Jacobs;['Drama', 'Comedy'];English;3.15;115
Winter's Tale;nan;Akiva Goldsman;['Romance', 'Mystery', 'Drama', 'Fantasy'];English;2.4;118
Space Station 76;nan;Jack Plotnick;['Science Fiction', 'Drama', 'Comedy'];English;2.71;94
Battlefield Earth;nan;Roger Christian;['Action', 'Science Fiction', 'Adventure'];English;1.28;117
Bolt;nan;Chris Williams, Byron Howard;['Family', 'Animation', 'Adventure', 'Comedy'];English;3.13;98
Saturday Night Fever;nan;John Badham;['Drama', 'Music'];English;3.22;118
Broken Arrow;nan;John Woo;['Action', 'Adventure', 'Thriller'];English;2.92;108
The Taking of Pelham 1 2 3;nan;Tony Scott;['Crime', 'Thriller', 'Action'];English;3.03;106
Get Shorty;nan;Barry Sonnenfeld;['Crime', 'Comedy', 'Thriller'];English;3.46;105
The General's Daughter;nan;Simon West;['Crime', 'Thriller', 'Mystery'];English;2.91;116
The Devil's Rain;nan;Robert Fuest;['Horror'];English;2.93;85
The Host;nan;Bong Joon Ho;['Science Fiction', 'Drama', 'Horror'];Korean;3.77;120
Prince of Persia: The Sands of Time;nan;Mike Newell;['Action', 'Fantasy', 'Adventure'];English;2.53;116
October Sky;nan;Joe Johnston;['Drama', 'Family'];English;3.72;108
Love & Other Drugs;nan;Edward Zwick;['Comedy', 'Drama', 'Romance'];English;3.2;112
Jarhead;nan;Sam Mendes;['Drama', 'War'];English;3.62;123
End of Watch;nan;David Ayer;['Thriller', 'Crime', 'Drama'];English;3.76;109
Southpaw;nan;Antoine Fuqua;['Drama', 'Action'];English;3.59;123
Thor: The Dark World;nan;Alan Taylor;['Action', 'Adventure', 'Fantasy'];English;2.24;112
Lethal Weapon 3;nan;Richard Donner;['Thriller', 'Adventure', 'Crime', 'Action', 'Comedy'];English;3.21;118
Ransom;nan;Ron Howard;['Thriller', 'Action'];English;3.27;121
In the Line of Fire;nan;Wolfgang Petersen;['Drama', 'Crime', 'Thriller', 'Action', 'Mystery'];English;3.52;128
The Adventures of Rocky & Bullwinkle;nan;Des McAnuff;['Family', 'Adventure', 'Comedy', 'Animation', 'Fantasy'];English;2.3;92
Renegades;nan;Steven Quale;['Thriller', 'Action'];English;2.48;105
The Best Offer;nan;Giuseppe Tornatore;['Crime', 'Romance', 'Drama'];English;3.76;131
Bros Before Hos;nan;Steffen Haars, Flip van der Kuil;['Comedy'];Dutch;3.07;87
New Kids Turbo;nan;Steffen Haars, Flip van der Kuil;['Comedy', 'Action'];Dutch;3.21;84
Never Let Me Go;nan;Mark Romanek;['Science Fiction', 'Drama', 'Romance'];English;3.49;103
Frank;nan;Lenny Abrahamson;['Comedy', 'Drama', 'Mystery'];English;3.59;95
About Time;nan;Richard Curtis;['Fantasy', 'Romance', 'Drama'];English;4.04;123
Unbroken;nan;Angelina Jolie;['Drama', 'War'];English;3.53;137
Shadow Dancer;nan;James Marsh;['Thriller'];English;3.17;101
The Revenant;nan;Alejandro González Iñárritu;['Western', 'Adventure', 'Drama'];English;3.88;157
The Amazing Spider-Man 2;nan;Marc Webb;['Action', 'Adventure', 'Science Fiction'];English;3.03;141
Schindler's List;nan;Steven Spielberg;['History', 'Drama', 'War'];English;4.53;195
The Gingerbread Man;nan;Robert Altman;['Thriller'];English;2.89;114
The Road to El Dorado;nan;Bibo Bergeron, Don Paul;['Comedy', 'Family', 'Fantasy', 'Animation', 'Adventure'];English;3.63;89
Jack Ryan: Shadow Recruit;nan;Kenneth Branagh;['Drama', 'Action', 'Thriller'];English;2.72;105
Henry V;nan;Kenneth Branagh;['War', 'History', 'Drama'];English;3.76;137
Mary Shelley's Frankenstein;nan;Kenneth Branagh;['Science Fiction', 'Romance', 'Horror', 'Drama'];English;2.93;123
Sleuth;nan;Kenneth Branagh;['Mystery', 'Thriller', 'Drama'];English;3.06;86
Conspiracy;nan;Frank Pierson;['History', 'War', 'Drama', 'TV Movie'];English;3.73;96
Burn After Reading;nan;Ethan Coen, Joel Coen;['Comedy', 'Drama'];English;3.62;96
O Brother, Where Art Thou?;nan;Joel Coen;['Comedy', 'Adventure', 'Crime'];English;3.95;107
Miller's Crossing;nan;Joel Coen;['Drama', 'Thriller', 'Crime'];English;4.0;115
The Man Who Wasn't There;nan;Joel Coen;['Drama', 'Crime'];English;3.92;116
Barton Fink;nan;Joel Coen;['Thriller', 'Drama', 'Comedy'];English;4.06;117
Intolerable Cruelty;nan;Joel Coen;['Crime', 'Comedy', 'Romance'];English;3.01;100
Paris Je T'aime;nan;Olivier Assayas, Frédéric Auburtin;['Romance', 'Drama'];French;3.46;120
The Ladykillers;nan;Ethan Coen, Joel Coen;['Thriller', 'Comedy', 'Crime'];English;2.9;104
Agony: The Life and Death of Rasputin;nan;Elem Klimov;['History', 'Drama'];Russian;3.54;142
Friends with Benefits;nan;Will Gluck;['Comedy', 'Romance'];English;2.94;110
Annie;nan;Will Gluck;['Drama', 'Family', 'Comedy'];English;2.9;118
Fired Up!;nan;Will Gluck;['Comedy'];English;2.88;91
Pierrot le Fou;nan;Jean-Luc Godard;['Romance', 'Crime', 'Drama'];French;4.04;110
Vivre Sa Vie;nan;Jean-Luc Godard;['Drama'];French;4.03;84
Band of Outsiders;nan;Jean-Luc Godard;['Crime', 'Comedy', 'Drama'];French;3.91;97
Goodbye to Language;nan;Jean-Luc Godard;['Drama'];French;3.39;70
Weekend;nan;Jean-Luc Godard;['Comedy', 'Crime'];French;3.74;104
A Woman Is a Woman;nan;Jean-Luc Godard;['Romance', 'Comedy', 'Drama'];French;3.89;83
Made in U.S.A;nan;Jean-Luc Godard;['Mystery', 'Comedy', 'Crime'];French;3.29;85
2 or 3 Things I Know About Her;nan;Jean-Luc Godard;['Drama', 'Comedy'];French;3.49;87
La Chinoise;nan;Jean-Luc Godard;['Comedy', 'Drama'];French;3.74;99
The Carabineers;nan;Jean-Luc Godard;['War', 'Drama', 'Comedy'];French;3.44;80
Aria;nan;Nicolas Roeg, Charles Sturridge;['Drama', 'Comedy', 'Music'];English;3.12;97
The Godfather;nan;Francis Ford Coppola;['Crime', 'Drama'];English;4.54;175
Scarface;nan;Brian De Palma;['Drama', 'Crime', 'Action'];English;4.13;169
Ocean's Thirteen;nan;Steven Soderbergh;['Crime', 'Thriller'];English;3.38;122
The Insider;nan;Michael Mann;['Drama', 'Thriller'];English;4.08;158
Glengarry Glen Ross;nan;James Foley;['Mystery', 'Drama', 'Crime'];English;3.93;100
Scent of a Woman;nan;Martin Brest;['Drama', 'Comedy'];English;3.9;156
Donnie Brasco;nan;Mike Newell;['Crime', 'Drama', 'Thriller'];English;3.79;147
Jack and Jill;nan;Dennis Dugan;['Comedy', 'Family'];English;1.49;91
Four Weddings and a Funeral;nan;Mike Newell;['Drama', 'Comedy', 'Romance'];English;3.36;117
Before Sunrise;nan;Richard Linklater;['Romance', 'Drama'];English;4.32;101
Wings;nan;William A. Wellman;['War', 'Drama', 'Action', 'Romance'];No spoken language;3.75;144
The General;nan;Clyde Bruckman, Buster Keaton;['Comedy', 'Action', 'Adventure', 'War'];No spoken language;4.2;79
Sunrise: A Song of Two Humans;nan;F. W. Murnau;['Drama', 'Romance'];No spoken language;4.19;94
The Crowd;nan;King Vidor;['Romance', 'Drama'];No spoken language;4.09;98
The Wind;nan;Victor Sjöström;['Thriller', 'Western', 'Romance', 'Drama'];No spoken language;4.05;76
Blind Chance;nan;Krzysztof Kieślowski;['Drama'];Polish;3.97;117
Another Year;nan;Mike Leigh;['Comedy', 'Drama'];English;4.01;129
Upstream Color;nan;Shane Carruth;['Drama', 'Science Fiction'];English;3.61;96
The Skeleton Twins;nan;Craig Johnson;['Drama'];English;3.51;92
Liar Liar;nan;Tom Shadyac;['Comedy'];English;3.3;86
National Lampoon's Christmas Vacation;nan;Jeremiah S. Chechik;['Comedy'];English;3.5;97
Citizen Kane;nan;Orson Welles;['Drama', 'Mystery'];English;4.2;119
The Emperor's New Groove;nan;Mark Dindal;['Comedy', 'Animation', 'Adventure', 'Family', 'Fantasy'];English;3.91;78
Rain Man;nan;Barry Levinson;['Drama'];English;3.88;134
Mr. Smith Goes to Washington;nan;Frank Capra;['Comedy', 'Drama'];English;4.12;129
Steve Jobs;nan;Danny Boyle;['Drama', 'History'];English;3.63;122
Fruitvale Station;nan;Ryan Coogler;['Drama'];English;3.93;82
The Stanford Prison Experiment;nan;Kyle Patrick Alvarez;['History', 'Thriller', 'Drama'];English;3.46;122
Revenge of the Nerds;nan;Jeff Kanew;['Comedy'];English;2.89;90
Troop Beverly Hills;nan;Jeff Kanew;['Family', 'Comedy', 'Adventure'];English;3.3;105
Gotcha!;nan;Jeff Kanew;['Thriller', 'Action', 'Comedy'];English;3.02;101
Eddie Macon's Run;nan;Jeff Kanew;['Action', 'Thriller', 'Drama', 'Crime'];English;3.1;94
Cannonball;nan;Paul Bartel;['Comedy', 'Action'];English;2.97;93
The Big Red One;nan;Samuel Fuller;['Drama', 'War'];English;3.64;113
Aloha, Bobby and Rose;nan;Floyd Mutrux;['Drama', 'Action', 'Romance'];English;3.42;88
Number One with a Bullet;nan;Jack Smight;['Comedy', 'Action'];English;2.86;103
Branded to Kill;nan;Seijun Suzuki;['Thriller', 'Crime', 'Action'];Japanese;3.88;91
Quadrophenia;nan;Franc Roddam;['Drama', 'Music'];English;3.66;120
Five Fingers of Death;nan;Jeong Chang-hwa;['Drama', 'Action'];Chinese;3.7;104
Take the Money and Run;nan;Woody Allen;['Crime', 'Comedy'];English;3.65;85
Tokyo Drifter;nan;Seijun Suzuki;['Thriller', 'Crime', 'Action'];Japanese;3.76;82
Battles Without Honor and Humanity;nan;Kinji Fukasaku;['Drama', 'Crime'];Japanese;3.82;99
Boiling Point;nan;Takeshi Kitano;['Action', 'Thriller', 'Comedy', 'Crime', 'Drama'];Japanese;3.61;96
Performance;nan;Nicolas Roeg, Donald Cammell;['Drama', 'Crime'];English;3.58;106
Behind the Candelabra;nan;Steven Soderbergh;['Romance', 'Drama'];English;3.54;118
Ghosts of Girlfriends Past;nan;Mark Waters;['Romance', 'Fantasy', 'Comedy'];English;2.51;115
The Jewel of the Nile;nan;Lewis Teague;['Comedy', 'Romance', 'Action', 'Adventure'];English;2.89;106
The Adult Version of Jekyll & Hide;nan;Lee Raymond;['Horror'];English;nan;75
Faust;nan;F. W. Murnau;['Fantasy', 'Drama', 'Horror'];No spoken language;4.12;116
Pickpocket;nan;Robert Bresson;['Drama', 'Crime'];French;3.95;75
Fun;nan;Rafal Zielinski;['Romance', 'Drama', 'Thriller'];English;3.4;105
Erotic Ghost Story;nan;Lam Nai-Choi;['Drama', 'Horror', 'Fantasy'];Cantonese;3.09;88
Pedicab Driver;nan;Sammo Hung Kam-Bo;['Action', 'Romance', 'Comedy', 'Drama'];Cantonese;3.91;95
Eden;nan;Mia Hansen-Løve;['Music', 'Drama'];English;3.48;131
A Hard Day's Night;nan;Richard Lester;['Comedy', 'Music'];English;3.85;88
Zoo zéro;nan;Alain Fleischer;['Science Fiction', 'Mystery', 'Drama'];French;3.36;101
The Crimes of the Black Cat;nan;Sergio Pastore;['Thriller', 'Mystery', 'Horror'];Italian;3.17;90
The Vagabond King;nan;Michael Curtiz;['Romance', 'History', 'Music'];English;nan;86
Sword of Lancelot;nan;Cornel Wilde;['Fantasy', 'Adventure', 'Romance', 'Action'];English;3.15;116
Murder by Death;nan;Robert Moore;['Comedy', 'Crime', 'Thriller', 'Mystery'];English;3.32;94
The Horse's Mouth;nan;Ronald Neame;['Comedy'];English;3.49;95
New York, New York;nan;Martin Scorsese;['Music', 'Drama', 'Romance'];English;3.42;163
Paths of Glory;nan;Stanley Kubrick;['War', 'History', 'Drama'];English;4.45;88
What Ever Happened to Baby Jane?;nan;Robert Aldrich;['Thriller', 'Drama', 'Horror'];English;4.17;135
It Happened One Night;nan;Frank Capra;['Comedy', 'Romance'];English;4.16;105
Black Narcissus;nan;Michael Powell, Emeric Pressburger;['Drama'];English;4.0;100
A Matter of Life and Death;nan;Emeric Pressburger, Michael Powell;['Comedy', 'War', 'Romance', 'Drama', 'Fantasy'];English;4.25;104
Gandahar;nan;René Laloux;['Fantasy', 'Science Fiction', 'Adventure', 'Animation'];French;3.53;83
The Captive;nan;René Laloux, Philippe Caza;['Animation', 'Fantasy'];French;3.38;7
Flatliners;nan;Joel Schumacher;['Horror', 'Science Fiction', 'Drama'];English;3.17;115
Trespass;nan;Joel Schumacher;['Thriller'];English;2.24;91
Blood Creek;nan;Joel Schumacher;['Thriller', 'Horror'];English;2.53;90
Twelve;nan;Joel Schumacher;['Action', 'Drama', 'Crime', 'Thriller'];English;2.47;93
Bad Company;nan;Joel Schumacher;['Comedy', 'Adventure', 'Action', 'Thriller'];English;2.54;116
Tigerland;nan;Joel Schumacher;['War', 'Drama'];English;3.39;101
Veronica Guerin;nan;Joel Schumacher;['Crime', 'Drama', 'Thriller'];English;3.24;98
Dying Young;nan;Joel Schumacher;['Drama', 'Romance'];English;2.87;111
8MM;nan;Joel Schumacher;['Crime', 'Mystery', 'Thriller'];English;3.21;123
The Client;nan;Joel Schumacher;['Drama', 'Thriller', 'Mystery', 'Crime'];English;3.26;119
Flawless;nan;Joel Schumacher;['Comedy', 'Crime', 'Drama'];English;3.17;112
The Phantom of the Opera;nan;Joel Schumacher;['Drama', 'Romance', 'Thriller'];English;3.56;141
The Number 23;nan;Joel Schumacher;['Thriller', 'Mystery', 'Crime'];English;2.71;98
Phone Booth;nan;Joel Schumacher;['Thriller', 'Crime'];English;3.32;81
St. Elmo's Fire;nan;Joel Schumacher;['Romance', 'Comedy', 'Drama'];English;3.01;110
Kids;nan;Larry Clark;['Drama', 'Crime'];English;3.43;91
Bully;nan;Larry Clark;['Crime', 'Drama'];English;3.4;113
Ken Park;nan;Edward Lachman, Larry Clark;['Drama'];English;2.97;97
The Smell of Us;nan;Larry Clark;['Drama'];French;2.87;92
Marfa Girl;nan;Larry Clark;['Romance', 'Drama'];English;2.72;105
Another Day in Paradise;nan;Larry Clark;['Crime', 'Thriller', 'Drama'];English;3.34;101
Wassup Rockers;nan;Larry Clark;['Drama'];English;3.15;111
A Christmas Carol;nan;Robert Zemeckis;['Fantasy', 'Animation', 'Family'];English;3.18;94
Amour;nan;Michael Haneke;['Drama', 'Romance'];French;4.23;127
It's a Wonderful Life;nan;Frank Capra;['Family', 'Drama', 'Fantasy'];English;4.41;130
A Christmas Story;nan;Bob Clark;['Family', 'Comedy'];English;3.56;93
Million Dollar Baby;nan;Clint Eastwood;['Drama'];English;4.01;132
A Fish Called Wanda;nan;Charles Crichton;['Crime', 'Comedy'];English;3.75;109
Viva Zapata!;nan;Elia Kazan;['Drama', 'Western', 'History'];English;3.49;113
Berberian Sound Studio;nan;Peter Strickland;['Drama', 'Thriller', 'Horror'];English;3.32;92
The Artist;nan;Michel Hazanavicius;['Comedy', 'Romance', 'Drama'];No spoken language;3.77;100
Frankenweenie;nan;Tim Burton;['Comedy', 'Animation', 'Family'];English;3.46;87
The Imposter;nan;Bart Layton;['Documentary', 'Mystery', 'Crime'];English;3.79;99
Chronicle;nan;Josh Trank;['Thriller', 'Science Fiction', 'Drama'];English;3.51;84
Breathing;nan;Karl Markovics;['Drama'];German;3.58;90
Rust and Bone;nan;Jacques Audiard;['Romance', 'Drama'];French;3.77;123
Wrinkles;nan;Ignacio Ferreras;['Drama', 'Comedy', 'Animation'];Spanish;3.86;89
Bombay Beach;nan;Alma Har'el;['Drama', 'Documentary'];English;3.73;80
My Fair Lady;nan;George Cukor;['Comedy', 'Romance', 'Music'];English;3.62;170
How to Steal a Million;nan;William Wyler;['Romance', 'Crime', 'Comedy'];English;3.84;123
The Unforgiven;nan;John Huston;['Romance', 'Western', 'Drama'];English;3.1;125
The Nun's Story;nan;Fred Zinnemann;['Drama'];English;3.63;151
Paris When It Sizzles;nan;Richard Quine;['Comedy', 'Romance'];English;3.31;110
Wait Until Dark;nan;Terence Young;['Thriller', 'Horror'];English;3.91;108
Two for the Road;nan;Stanley Donen;['Comedy', 'Romance', 'Drama'];English;3.86;112
The Children's Hour;nan;William Wyler;['Drama'];English;4.1;108
Sabrina;nan;Billy Wilder;['Drama', 'Comedy', 'Romance'];English;3.84;113
The Lavender Hill Mob;nan;Charles Crichton;['Crime', 'Comedy'];English;3.75;78
They All Laughed;nan;Peter Bogdanovich;['Comedy', 'Romance'];English;3.6;115
Funny Face;nan;Stanley Donen;['Romance', 'Music', 'Comedy'];English;3.66;103
Young Wives' Tale;nan;Henry Cass;['Romance', 'Comedy'];English;3.22;79
Love in the Afternoon;nan;Billy Wilder;['Romance', 'Comedy'];English;3.54;130
Secret People;nan;Thorold Dickinson;['Drama', 'Crime'];English;3.22;96
Monte Carlo Baby;nan;Jean Boyer;['Comedy'];French;nan;101
War and Peace;nan;King Vidor;['Drama', 'History', 'War', 'Romance'];English;3.35;208
Notorious;nan;Alfred Hitchcock;['Thriller', 'Mystery', 'Romance'];English;4.09;103
His Girl Friday;nan;Howard Hawks;['Romance', 'Comedy'];English;4.04;92
The Philadelphia Story;nan;George Cukor;['Romance', 'Comedy'];English;4.0;113
Holiday;nan;George Cukor;['Comedy', 'Romance', 'Drama'];English;3.95;97
Arsenic and Old Lace;nan;Frank Capra;['Crime', 'Comedy'];English;3.95;118
The Awful Truth;nan;Leo McCarey;['Comedy', 'Romance'];English;3.88;91
That's Entertainment!;nan;Jack Haley Jr.;['Family', 'Documentary', 'Music'];English;3.67;135
Merrily We Go to Hell;nan;Dorothy Arzner;['Comedy', 'Romance', 'Drama'];English;3.59;83
The Talk of the Town;nan;George Stevens;['Drama', 'Comedy', 'Romance'];English;3.66;118
To Catch a Thief;nan;Alfred Hitchcock;['Romance', 'Thriller', 'Mystery'];English;3.71;106
I Was a Male War Bride;nan;Howard Hawks;['Romance', 'Comedy', 'War'];English;3.53;105
The Eagle and the Hawk;nan;Stuart Walker, Mitchell Leisen;['Drama', 'War', 'Action'];English;3.54;73
Operation Petticoat;nan;Blake Edwards;['Romance', 'War', 'Comedy'];English;3.36;124
Dead Men Don't Wear Plaid;nan;Carl Reiner;['Crime', 'Comedy', 'Mystery'];English;3.37;89
Monkey Business;nan;Howard Hawks;['Science Fiction', 'Comedy'];English;3.44;97
Destination Tokyo;nan;Delmer Daves;['War'];English;3.3;135
The Big Parade of Comedy;nan;Robert Youngson;['Comedy', 'Documentary'];English;nan;90
Becoming Cary Grant;nan;Mark Kidel;['Documentary'];English;3.37;85
Bigger Than Life;nan;Nicholas Ray;['Drama'];English;3.94;95
Fail Safe;nan;Sidney Lumet;['Drama', 'Thriller', 'War'];English;4.22;112
Charley Varrick;nan;Don Siegel;['Action', 'Crime', 'Thriller', 'Drama'];English;3.83;111
Lonely are the Brave;nan;David Miller;['Drama', 'Western'];English;3.87;107
The Odd Couple;nan;Gene Saks;['Comedy'];English;3.82;106
Strangers When We Meet;nan;Richard Quine;['Romance', 'Drama'];English;3.77;117
Hopscotch;nan;Ronald Neame;['Comedy', 'Adventure'];English;3.55;104
School of Rock;nan;Richard Linklater;['Music', 'Comedy'];English;3.77;110
Slacker;nan;Richard Linklater;['Comedy', 'Drama'];English;3.7;97
Waking Life;nan;Richard Linklater;['Fantasy', 'Animation', 'Drama'];English;3.9;101
Last Flag Flying;nan;Richard Linklater;['Drama', 'Comedy'];English;3.43;125
Bernie;nan;Richard Linklater;['Comedy', 'Drama', 'Crime'];English;3.51;99
A Scanner Darkly;nan;Richard Linklater;['Science Fiction', 'Animation', 'Thriller'];English;3.58;100
SubUrbia;nan;Richard Linklater;['Drama', 'Comedy'];English;3.27;121
Dillinger;nan;Max Nosseck;['Drama', 'Thriller', 'Action', 'Crime'];English;3.23;70
The Asphalt Jungle;nan;John Huston;['Drama', 'Crime'];English;3.86;112
White Heat;nan;Raoul Walsh;['Drama', 'Thriller', 'Crime'];English;4.11;114
Le Petit Soldat;nan;Jean-Luc Godard;['Drama', 'Romance'];French;3.63;87
The Professionals;nan;Richard Brooks;['Adventure', 'Action', 'Western'];English;3.68;117
The Big Combo;nan;Joseph H. Lewis;['Crime', 'Drama'];English;3.76;88
The Ruthless Four;nan;Giorgio Capitani;['Western'];Italian;3.44;100
Who's That Knocking at My Door;nan;Martin Scorsese;['Drama', 'Romance'];English;3.22;90
The Wild Bunch;nan;Sam Peckinpah;['Western'];English;4.09;145
Straight Time;nan;Ulu Grosbard;['Drama', 'Crime'];English;3.92;114
The Fury;nan;Brian De Palma;['Thriller', 'Science Fiction', 'Horror'];English;3.3;118
Freebie and the Bean;nan;Richard Rush;['Crime', 'Comedy', 'Action', 'Drama'];English;3.46;113
Cruising;nan;William Friedkin;['Thriller', 'Crime', 'Mystery'];English;3.59;102
Breathless;nan;Jim McBride;['Action', 'Drama', 'Romance'];English;3.34;100
Wedlock;nan;Lewis Teague;['Action', 'Science Fiction', 'Drama', 'Thriller', 'Crime'];English;2.92;101
Au Revoir les Enfants;nan;Louis Malle;['Drama', 'War'];French;4.2;105
Mystery Train;nan;Jim Jarmusch;['Comedy'];English;3.98;106
City on Fire;nan;Ringo Lam Ling-Tung;['Action', 'Thriller', 'Crime'];Cantonese;3.78;105
Raw Deal;nan;John Irvin;['Action', 'Crime', 'Thriller'];English;2.77;106
Stella Dallas;nan;King Vidor;['Romance', 'Drama'];English;3.82;106
Wake Island;nan;John Farrow;['Drama', 'Action', 'War'];English;3.17;87
Air Force;nan;Howard Hawks;['War', 'Action', 'Adventure', 'Drama'];English;3.42;124
Murder, My Sweet;nan;Edward Dmytryk;['Drama', 'Mystery'];English;3.73;95
Rome, Open City;nan;Roberto Rossellini;['War', 'Drama'];Italian;4.17;103
King of the Bullwhip;nan;Ron Ormond;['Western'];English;nan;58
Brideless Groom;nan;Edward Bernds;['Comedy'];English;3.49;17
Pickup on South Street;nan;Samuel Fuller;['Romance', 'Thriller', 'Crime'];English;3.93;80
Lili;nan;Charles Walters;['Romance', 'Drama', 'Music'];English;3.36;82
On the Waterfront;nan;Elia Kazan;['Romance', 'Drama', 'Crime'];English;4.17;108
The Seven Year Itch;nan;Billy Wilder;['Comedy', 'Romance'];English;3.34;104
All That Heaven Allows;nan;Douglas Sirk;['Drama', 'Romance'];English;4.06;89
Motorcycle Gang;nan;Edward L. Cahn;['Drama'];English;nan;78
Rebel Without a Cause;nan;Nicholas Ray;['Drama'];English;3.83;111
Three Little Bops;nan;Friz Freleng;['Music', 'Animation', 'Comedy'];English;3.8;7
Attack of the Crab Monsters;nan;Roger Corman;['Horror', 'Science Fiction'];English;2.64;63
Dragstrip Girl;nan;Edward L. Cahn;['Drama', 'Action'];English;3.1;69
Rock All Night;nan;Roger Corman;['Crime', 'Drama', 'Music'];English;3.21;62
Roadracers;nan;Arthur Swerdloff;['Drama', 'Action'];English;nan;79
Rio Bravo;nan;Howard Hawks;['Western'];English;4.18;141
Loving You;nan;Hal Kanter;['Drama', 'Music', 'Romance'];English;3.12;101
Machine-Gun Kelly;nan;Roger Corman;['Crime', 'Action'];English;3.16;83
Attack of the 50 Foot Woman;nan;Nathan Juran;['Drama', 'Horror', 'Science Fiction'];English;2.63;66
High School Confidential!;nan;Jack Arnold;['Drama', 'Crime'];English;3.28;85
Daddy-O;nan;Lou Place;['Crime', 'Music', 'Drama'];English;2.52;74
Sorority Girl;nan;Roger Corman;['Drama'];English;3.17;61
The Young Racers;nan;Roger Corman;['Drama', 'Action'];English;3.08;84
8½;nan;Federico Fellini;['Drama'];Italian;4.29;139
Black Sabbath;nan;Mario Bava;['Horror'];Italian;3.64;95
Jules and Jim;nan;François Truffaut;['Romance', 'Drama'];French;3.94;106
The Hustler;nan;Robert Rossen;['Romance', 'Drama'];English;4.1;134
Shoot the Piano Player;nan;François Truffaut;['Crime', 'Thriller', 'Drama'];French;3.78;85
The Parent Trap;nan;David Swift;['Comedy', 'Family'];English;3.39;129
The Panic in Needle Park;nan;Jerry Schatzberg;['Romance', 'Drama'];English;3.74;110
The Aristocats;nan;Wolfgang Reitherman;['Comedy', 'Animation', 'Family', 'Adventure'];English;3.69;78
The Losers;nan;Jack Starrett;['Action', 'Thriller'];English;3.08;95
Speedway;nan;Norman Taurog;['Romance', 'Music', 'Comedy'];English;2.74;94
Modesty Blaise;nan;Joseph Losey;['Crime', 'Action', 'Thriller', 'Comedy'];English;2.96;120
Red Line 7000;nan;Howard Hawks;['Drama', 'Action'];English;3.44;110
The Problem with Apu;nan;Michael Melamedoff;['Documentary'];English;2.96;49
Super Fly T.N.T.;nan;Ron O'Neal;['Action'];English;nan;87
Shaft;nan;Gordon Parks;['Action', 'Thriller', 'Crime'];English;3.46;100
Truck Turner;nan;Jonathan Kaplan;['Thriller', 'Action', 'Drama'];English;3.77;91
The Outfit;nan;John Flynn;['Crime', 'Drama'];English;3.59;103
Policewomen;nan;Lee Frost;['Drama', 'Action', 'Crime'];English;3.01;90
Sugar Hill;nan;Paul Maslansky;['Crime', 'Action', 'Horror'];English;3.24;91
Three Days of the Condor;nan;Sydney Pollack;['Thriller', 'Mystery'];English;3.71;117
Rocky;nan;John G. Avildsen;['Drama'];English;4.09;120
The Bodyguard;nan;Ryuichi Takamori;['Thriller', 'Action'];Japanese;3.13;88
Ebony, Ivory & Jade;nan;Cirio H. Santiago;['Thriller', 'Action'];English;nan;76
The Master Gunfighter;nan;Frank Laughlin;['Drama', 'Western', 'Crime'];English;nan;110
The Venetian Affair;nan;Jerry Thorpe;['Action', 'Thriller'];English;3.12;89
Hospital Massacre;nan;Boaz Davidson;['Horror', 'Thriller'];English;2.7;89
Brainstorm;nan;Douglas Trumbull;['Science Fiction', 'Thriller'];English;3.15;106
Barbarian Queen;nan;Héctor Olivera;['Fantasy', 'Adventure'];English;2.25;72
James Dean;nan;Mark Rydell;['TV Movie', 'Drama'];English;3.34;90
Wizards of the Lost Kingdom II;nan;Charles B. Griffith;['Action', 'Fantasy'];English;1.94;79
Another 9 1/2 Weeks;nan;Anne Goursaud;['Drama', 'Romance'];English;2.44;105
A Man Called Rage;nan;Tonino Ricci;['Action', 'Science Fiction', 'Thriller'];English;nan;91
The Tribe;nan;Myroslav Slaboshpytskyi;['Drama', 'Crime'];No spoken language;3.64;130
Lilo & Stitch 2: Stitch Has a Glitch;nan;Michael LaBash, Tony Leondis;['Science Fiction', 'Comedy', 'Family', 'Animation'];English;3.14;68
Black Magic Woman;nan;Deryn Warren;['Horror'];English;nan;91
Sleepers;nan;Barry Levinson;['Crime', 'Thriller', 'Drama'];English;3.72;147
The Alligator People;nan;Roy Del Ruth;['Science Fiction', 'Horror'];English;2.84;74
Pokémon the Movie: I Choose You!;nan;Kunihiko Yuyama;['Animation', 'Fantasy', 'Adventure', 'Family'];Japanese;3.12;98
Pokémon: The First Movie;nan;Kunihiko Yuyama;['Family', 'Fantasy', 'Animation', 'Adventure', 'Action'];Japanese;3.59;85
Bull Durham;nan;Ron Shelton;['Romance', 'Comedy'];English;3.54;108
Blood Tide;nan;Richard Jefferies;['Action', 'Horror', 'Adventure'];English;2.57;82
The Core;nan;Jon Amiel;['Adventure', 'Thriller', 'Science Fiction'];English;2.48;136
Family Business;nan;Sidney Lumet;['Drama', 'Crime', 'Comedy'];English;2.97;110
Godzilla: Final Wars;nan;Ryûhei Kitamura;['Adventure', 'Science Fiction', 'Thriller', 'Action', 'Fantasy'];Japanese;3.41;125
Hot Shots!;nan;Jim Abrahams;['Action', 'War', 'Comedy'];English;3.2;85
The Last Stand;nan;Kim Jee-woon;['Crime', 'Thriller', 'Action'];English;2.8;107
Limitless;nan;Neil Burger;['Thriller', 'Science Fiction', 'Mystery'];English;3.33;105
The Raven;nan;James McTeigue;['Thriller', 'Crime', 'Mystery'];English;2.75;111
Road House 2: Last Call;nan;Scott Ziehl;['Thriller', 'Action', 'Crime', 'Adventure'];English;2.52;86
The Tommyknockers;nan;John Power;['Horror'];English;2.48;181
U-571;nan;Jonathan Mostow;['War', 'Adventure', 'Action'];English;3.2;116
Unstoppable;nan;Tony Scott;['Thriller', 'Action'];English;3.32;98
What's Eating Gilbert Grape;nan;Lasse Hallström;['Drama', 'Romance'];English;3.81;118
Footloose;nan;Herbert Ross;['Drama', 'Romance'];English;3.32;107
Men in Black;nan;Barry Sonnenfeld;['Comedy', 'Action', 'Science Fiction', 'Adventure'];English;3.67;98
The Purple Rose of Cairo;nan;Woody Allen;['Comedy', 'Romance', 'Fantasy'];English;3.97;82
Halloween II;nan;Rob Zombie;['Horror'];English;2.32;105
Ring;nan;Hideo Nakata;['Thriller', 'Horror'];Japanese;3.61;96
Kuroneko;nan;Kaneto Shindō;['Horror', 'Fantasy'];Japanese;4.05;100
Citizenfour;nan;Laura Poitras;['Documentary'];English;3.97;114
Ronin;nan;John Frankenheimer;['Action', 'Thriller', 'Crime'];English;3.56;122
The Shape of Things;nan;Neil LaBute;['Comedy', 'Drama', 'Romance'];English;3.3;96
360;nan;Fernando Meirelles;['Drama', 'Romance'];English;2.92;110
Tin Cup;nan;Ron Shelton;['Comedy', 'Romance', 'Drama'];English;3.18;135
Dark Blue;nan;Ron Shelton;['Thriller', 'Drama', 'Crime', 'Action'];English;3.21;118
Speed Racer;nan;Lana Wachowski, Lilly Wachowski;['Adventure', 'Action', 'Family', 'Comedy'];English;3.44;135
James and the Giant Peach;nan;Henry Selick;['Family', 'Animation', 'Adventure', 'Fantasy'];English;3.36;79
The Witches of Eastwick;nan;George Miller;['Horror', 'Fantasy', 'Comedy'];English;3.33;118
Cats & Dogs;nan;Lawrence Guterman;['Action', 'Fantasy', 'Comedy', 'Adventure', 'Family'];English;2.37;87
Dead Man Walking;nan;Tim Robbins;['Drama'];English;3.74;122
Arbitrage;nan;Nicholas Jarecki;['Thriller', 'Drama'];English;3.2;100
That's My Boy;nan;Sean Anders;['Drama', 'Comedy'];English;2.44;116
Snitch;nan;Ric Roman Waugh;['Thriller', 'Drama', 'Action'];English;2.69;112
April and the Extraordinary World;nan;Christian Desmares, Franck Ekinci;['Comedy', 'Animation', 'Adventure', 'Thriller', 'Fantasy', 'Science Fiction'];French;3.66;106
Onibaba;nan;Kaneto Shindō;['Horror'];Japanese;4.08;105
Versus;nan;Ryûhei Kitamura;['Thriller', 'Action', 'Fantasy', 'Horror', 'Adventure'];Japanese;3.4;120
The Midnight Meat Train;nan;Ryûhei Kitamura;['Mystery', 'Horror', 'Fantasy'];English;2.72;98
No One Lives;nan;Ryûhei Kitamura;['Thriller', 'Horror'];English;2.85;86
Downrange;nan;Ryûhei Kitamura;['Horror', 'Thriller'];English;2.77;90
Azumi;nan;Ryûhei Kitamura;['Thriller', 'Drama', 'Romance', 'Action', 'Adventure'];Japanese;3.33;128
Lupin the 3rd;nan;Ryûhei Kitamura;['Crime', 'Action', 'Comedy', 'Adventure'];Japanese;2.82;133
Aragami;nan;Ryûhei Kitamura;['Horror', 'Action', 'Fantasy'];Japanese;3.33;76
Hot Girls Wanted;nan;Ronna Gradus, Jill Bauer;['Documentary'];English;2.98;84
Some Like It Hot;nan;Billy Wilder;['Romance', 'Crime', 'Comedy'];English;4.26;122
Deepwater Horizon;nan;Peter Berg;['Action', 'Drama'];English;3.4;107
Rememory;nan;Mark Palansky;['Drama', 'Mystery', 'Science Fiction'];English;2.88;111
Miss Sloane;nan;John Madden;['Drama', 'Crime'];English;3.67;133
Better Watch Out;nan;Chris Peckover;['Comedy', 'Thriller', 'Horror'];English;3.08;89
Super Dark Times;nan;Kevin Phillips;['Thriller', 'Drama'];English;3.49;103
Personal Shopper;nan;Olivier Assayas;['Mystery', 'Drama', 'Thriller'];English;3.39;106
Maudie;nan;Aisling Walsh;['Romance', 'Drama'];English;3.71;115
A Quiet Passion;nan;Terence Davies;['Drama'];English;3.5;125
The Breakfast Club;nan;John Hughes;['Drama', 'Comedy'];English;3.76;98
The Beguiled;nan;Sofia Coppola;['Drama'];English;3.34;93
Viceroy's House;nan;Gurinder Chadha;['Drama', 'History'];English;3.12;106
Andrei Rublev;nan;Andrei Tarkovsky;['Drama', 'History'];Russian;4.44;183
Ivan's Childhood;nan;Andrei Tarkovsky;['War', 'Drama'];Russian;4.19;95
Nostalgia;nan;Andrei Tarkovsky;['Drama', 'Romance'];Russian;4.28;124
The Sacrifice;nan;Andrei Tarkovsky;['Drama'];Swedish;4.3;149
Beware of the Car!;nan;Eldar Ryazanov;['Comedy', 'Crime'];Russian;3.88;94
The Night Is Young;nan;Matt Jones, Dave Hill;['Comedy'];English;nan;91
42;nan;Brian Helgeland;['Drama'];English;3.67;128
Bride Wars;nan;Gary Winick;['Romance', 'Comedy'];English;2.95;89
Black or White;nan;Mike Binder;['Drama'];English;3.01;121
Miracle at St. Anna;nan;Spike Lee;['Drama', 'War'];English;2.91;160
Sugar;nan;Ryan Fleck, Anna Boden;['Drama'];English;3.65;114
Frankenfish;nan;Mark A.Z. Dippé;['TV Movie', 'Adventure', 'Horror'];English;2.37;84
Skin Trade;nan;Ekachai Uekrongtham;['Thriller', 'Action', 'Drama', 'Crime'];English;2.7;96
The Toxic Avenger Part III: The Last Temptation of Toxie;nan;Michael Herz, Lloyd Kaufman;['Horror', 'Science Fiction', 'Action', 'Fantasy', 'Comedy'];English;2.5;102
Blood and Bone;nan;Ben Ramsey;['Thriller', 'Crime', 'Drama', 'Action'];English;3.07;93
Generation Iron;nan;Vlad Yudin;['Documentary'];English;3.3;106
Exit Wounds;nan;Andrzej Bartkowiak;['Action', 'Crime', 'Thriller'];English;2.62;101
Undisputed II: Last Man Standing;nan;Isaac Florentine;['Drama', 'Action', 'Crime', 'Thriller'];English;3.25;93
Universal Soldier: The Return;nan;Mic Rodgers;['Action', 'Science Fiction'];English;2.19;82
Falcon Rising;nan;Ernie Barbarash;['Action', 'Adventure'];English;2.62;103
City of Industry;nan;John Irvin;['Thriller'];English;3.04;97
Android Cop;nan;Mark Atkins;['Action', 'Science Fiction'];English;2.59;88
Silver Hawk;nan;Jingle Ma Choh-Sing;['Thriller', 'Action', 'Adventure', 'Science Fiction'];Cantonese;2.96;99
Ballistic;nan;Kim Bass;['Action'];English;nan;97
Popstar: Never Stop Never Stopping;nan;Jorma Taccone, Akiva Schaffer;['Music', 'Comedy'];English;3.61;86
Firestarter;nan;Mark L. Lester;['Science Fiction', 'Thriller', 'Horror'];English;2.92;115
Rules Don't Apply;nan;Warren Beatty;['Romance', 'Drama', 'Comedy'];English;2.74;127
Trash;nan;Stephen Daldry;['Adventure', 'Thriller', 'Crime', 'Drama'];English;3.38;112
The Incident;nan;Larry Peerce;['Crime', 'Thriller', 'Drama'];English;3.86;99
Catch-22;nan;Mike Nichols;['War', 'Comedy'];English;3.63;121
The Way;nan;Emilio Estevez;['Adventure', 'Drama', 'Comedy'];English;3.45;128
Pelle the Conqueror;nan;Bille August;['Drama'];Danish;3.86;157
P.S. I Love You;nan;Richard LaGravenese;['Romance', 'Drama'];English;3.21;126
Margin Call;nan;J.C. Chandor;['Thriller', 'Drama'];English;3.56;108
After Lucia;nan;Michel Franco;['Drama'];Spanish;3.49;103
In This Corner of the World;nan;Sunao Katabuchi;['Animation', 'War', 'Drama', 'Romance', 'History'];Japanese;4.08;130
After the War;nan;Annarita Zambrano;['Drama'];Italian;nan;100
Dry Season;nan;Mahamat-Saleh Haroun;['Thriller', 'Drama', 'Action'];French;3.59;96
Final Girl;nan;Tyler Shields;['Drama', 'Action', 'Thriller'];English;2.19;90
Bad Turn Worse;nan;Simon Hawkins, Zeke Hawkins;['Drama', 'Thriller', 'Crime'];English;3.02;91
The Preppie Connection;nan;Joseph Castelo;['Drama', 'Crime'];English;2.81;95
Temple;nan;Michael Barrett;['Horror', 'History'];English;1.8;78
Bomb City;nan;Jameson Brooks;['Crime', 'Drama'];English;3.48;95
Refuge;nan;Jessica Goldberg;['Drama', 'Romance', 'Comedy'];English;nan;86
Batman: The Killing Joke;nan;Sam Liu;['Crime', 'Animation', 'Drama', 'Action'];English;2.82;77
Batman: Year One;nan;Sam Liu, Lauren Montgomery;['Crime', 'Animation', 'Action', 'Thriller'];English;3.5;64
Yoga Hosers;nan;Kevin Smith;['Fantasy', 'Comedy', 'Horror', 'Action', 'Mystery'];English;1.89;88
Jay and Silent Bob's Super Groovy Cartoon Movie;nan;Steve Stark;['Comedy', 'Animation'];English;2.14;63
Ted 2;nan;Seth MacFarlane;['Fantasy', 'Comedy'];English;2.78;115
The Rugrats Movie;nan;Norton Virgien, Igor Kovalyov;['Comedy', 'Family', 'Adventure', 'Animation'];English;3.16;80
Scooby-Doo on Zombie Island;nan;Kazumi Fukushima, Jim Stenstrum;['Mystery', 'Animation', 'Family', 'Horror'];English;3.85;77
Smurfs: The Lost Village;nan;Kelly Asbury;['Family', 'Animation', 'Adventure', 'Comedy'];English;2.39;89
Wonder Woman;nan;Lauren Montgomery;['Science Fiction', 'Animation', 'Fantasy', 'Action', 'Adventure'];English;3.38;74
Rugrats Go Wild;nan;John Eng, Norton Virgien;['Family', 'Comedy', 'Animation', 'Adventure'];English;2.95;81
Doctor Strange;nan;Jay Oliva, Dick Sebast;['Action', 'Fantasy', 'Science Fiction', 'Animation'];English;3.04;76
The Powerpuff Girls Movie;nan;Craig McCracken;['Animation', 'Action', 'Family'];English;3.46;74
The Batman vs. Dracula;nan;Michael Goguen;['Fantasy', 'Action', 'Animation', 'Mystery'];English;3.26;83
Scooby-Doo! Mask of the Blue Falcon;nan;Michael Goguen;['Animation', 'Adventure', 'Fantasy', 'Family', 'Comedy', 'Mystery'];English;3.1;77
Law Abiding Citizen;nan;F. Gary Gray;['Drama', 'Thriller', 'Crime'];English;3.36;109
Scooby-Doo! and the Spooky Scarecrow;nan;Michael Goguen;['Mystery', 'Animation', 'Comedy', 'Family'];English;3.11;23
Justice League: The New Frontier;nan;Dave Bullock;['Animation', 'Science Fiction', 'Adventure', 'Action'];English;3.28;75
Teen Titans: Trouble in Tokyo;nan;Michael Chang, Heather A. Maxwell;['Animation', 'Action', 'TV Movie', 'Science Fiction'];English;3.6;75
Bronies: The Extremely Unexpected Adult Fans of My Little Pony;nan;Laurent Malaquais;['Documentary'];English;2.61;88
The Drawn Together Movie: The Movie!;nan;Greg Franklin;['Mystery', 'Comedy', 'Animation'];English;2.62;72
Van Helsing: The London Assignment;nan;Sharon Bridgeman;['Animation', 'Fantasy', 'Action', 'Horror'];English;2.84;30
LEGO DC Comics Super Heroes: Justice League - Gotham City Breakout;nan;Matt Peters, Melchior Zwyer;['Animation', 'Family', 'Comedy', 'Action', 'Adventure'];English;2.84;78
The Fairly OddParents: Abra Catastrophe! The Movie;nan;Butch Hartman;['TV Movie', 'Fantasy', 'Comedy', 'Animation', 'Family'];English;3.3;74
Sabrina, Down Under;nan;Kenneth R. Koch;['Fantasy', 'TV Movie', 'Comedy'];English;2.68;87
National Lampoon's Senior Trip;nan;Kelly Makin;['Comedy'];English;2.63;91
Superman: Brainiac Attacks;nan;Curt Geda;['Animation', 'Family', 'Action', 'Science Fiction'];English;2.82;75
A Fairly Odd Movie: Grow Up, Timmy Turner!;nan;Savage Steve Holland;['Family', 'TV Movie', 'Fantasy'];English;1.53;57
Strange Frame;nan;G.B. Hajim;['Animation', 'Science Fiction', 'Romance', 'Action'];English;nan;98
Robot Chicken DC Comics Special II: Villains in Paradise;nan;Zeb Wells, Seth Green;['Science Fiction', 'Comedy', 'Animation'];English;3.49;22
Rugrats in Paris: The Movie;nan;Stig Bergqvist, Paul Demeyer;['Animation', 'Family', 'Comedy', 'Adventure'];English;3.23;78
The Devil's Rejects;nan;Rob Zombie;['Crime', 'Drama', 'Horror'];English;3.36;111
Bullet to the Head;nan;Walter Hill;['Action', 'Crime', 'Thriller'];English;2.49;92
Johnny Handsome;nan;Walter Hill;['Drama', 'Thriller', 'Crime'];English;3.14;94
Undisputed;nan;Walter Hill;['Crime', 'Drama', 'Action'];English;2.93;96
Santa Claus Conquers the Martians;nan;Nicholas Webster;['Fantasy', 'Science Fiction', 'Comedy'];English;2.0;81
Mission Mars;nan;Nicholas Webster;['Science Fiction'];English;nan;95
Gone Are the Days!;nan;Nicholas Webster;['Drama'];English;nan;99
Don't Bother to Knock;nan;Roy Ward Baker;['Thriller', 'Drama'];English;3.5;76
Fearless Fagan;nan;Stanley Donen;['Comedy'];English;nan;79
Vanishing Point;nan;Richard C. Sarafian;['Drama', 'Action', 'Crime', 'Thriller'];English;3.75;99
Eye of the Tiger;nan;Richard C. Sarafian;['Action', 'Drama'];English;2.94;92
Man in the Wilderness;nan;Richard C. Sarafian;['Drama', 'Western', 'Adventure'];English;3.4;104
Lolly-Madonna xxx;nan;Richard C. Sarafian;['Drama'];English;3.37;103
Fragment of Fear;nan;Richard C. Sarafian;['Mystery', 'Thriller', 'Crime'];English;3.27;94
The Man Who Loved Cat Dancing;nan;Richard C. Sarafian;['Western', 'Romance'];English;3.25;123
Solar Crisis;nan;Richard C. Sarafian, Alan Smithee;['Science Fiction'];English;2.8;112
Disaster on the Coastliner;nan;Richard C. Sarafian;['Action', 'Thriller', 'TV Movie'];English;3.22;89
Sunburn;nan;Richard C. Sarafian;['Crime', 'Action', 'Comedy'];English;3.03;99
The Next Man;nan;Richard C. Sarafian;['Thriller', 'Action'];English;3.0;108
Run Wild, Run Free;nan;Richard C. Sarafian;['Family', 'Drama'];English;nan;100
Shadow on the Land;nan;Richard C. Sarafian;['Action', 'Science Fiction', 'TV Movie', 'Drama'];English;nan;100
The Bear;nan;Richard C. Sarafian;['Drama'];English;nan;110
Andy;nan;Richard C. Sarafian;['Drama'];English;nan;86
Blue Streak;nan;Les Mayfield;['Comedy', 'Action', 'Crime'];English;3.05;93
Bound;nan;Lana Wachowski, Lilly Wachowski;['Thriller', 'Crime', 'Drama'];English;4.01;105
The Crossing Guard;nan;Sean Penn;['Drama', 'Thriller'];English;3.2;111
Masked and Anonymous;nan;Larry Charles;['Drama', 'Music'];English;2.92;112
Gunmen;nan;Deran Sarafian;['Comedy', 'Action'];English;2.84;94
Ruby;nan;John Mackenzie;['Drama', 'Action', 'Thriller', 'Crime'];English;3.06;110
The Cool and the Crazy;nan;William Witney;['Drama'];English;3.2;78
Master of the World;nan;William Witney;['Adventure', 'Science Fiction'];English;2.94;102
Darktown Strutters;nan;William Witney;['Comedy', 'Action'];English;3.19;90
The Bonnie Parker Story;nan;William Witney;['Crime', 'Adventure'];English;3.3;79
I Escaped from Devil's Island;nan;William Witney;['Action', 'Crime', 'Adventure'];English;3.15;87
The Crimson Ghost;nan;Fred C. Brannon, William Witney;['Adventure', 'Action', 'Crime'];English;3.32;167
The Golden Stallion;nan;William Witney;['Music', 'Western', 'Action'];English;nan;67
Paratroop Command;nan;William Witney;['Drama', 'War'];English;nan;71
Spy Smasher;nan;William Witney;['TV Movie', 'Adventure', 'Action', 'War'];English;3.38;215
Zorro's Fighting Legion;nan;William Witney, John English;['Western', 'Action'];English;nan;212
Stranger at My Door;nan;William Witney;['Drama', 'Western'];English;3.52;85
The Girls on the Beach;nan;William Witney;['Music', 'Comedy'];English;nan;80
Drums of Fu Manchu;nan;William Witney, John English;['Action', 'Science Fiction', 'Horror', 'Fantasy'];English;nan;269
40 Guns to Apache Pass;nan;William Witney;['Western'];English;3.21;95
Apache Rifles;nan;William Witney;['Western'];English;3.27;92
Arizona Raiders;nan;William Witney;['Western'];English;3.18;88
Mysterious Doctor Satan;nan;John English, William Witney;['Adventure', 'Crime', 'Action', 'Science Fiction'];English;nan;267
Zorro Rides Again;nan;William Witney, John English;['Adventure', 'Western', 'Action'];English;nan;212
The Fighting Devil Dogs;nan;John English, William Witney;['Science Fiction', 'Action'];English;nan;204
Juvenile Jungle;nan;William Witney;nan;English;nan;69
City of Shadows;nan;William Witney;['Crime'];English;nan;70
Eyes of Texas;nan;William Witney;['Western', 'Action'];English;nan;70
The Cat Burglar;nan;William Witney;['Action', 'Drama', 'Thriller'];English;nan;65
Daredevils of the Red Circle;nan;John English, William Witney;['Action', 'Crime'];English;nan;211
The Last Musketeer;nan;William Witney;['Western'];English;nan;67
Young and Wild;nan;William Witney;['Thriller', 'Action', 'Drama'];English;nan;69
Santa Fe Passage;nan;William Witney;['Western'];English;nan;91
Bells of San Angelo;nan;William Witney;['Adventure', 'Western', 'Music', 'Drama', 'Action'];English;nan;74
Jungle Girl;nan;William Witney, John English;['Adventure'];English;nan;267
Dick Tracy Returns;nan;William Witney, John English;['Crime', 'Action'];English;nan;260
Dick Tracy vs. Crime Inc.;nan;John English, William Witney;['Crime'];English;nan;263
Dick Tracy's G-Men;nan;John English, William Witney;['Action', 'Crime', 'Mystery'];English;nan;302
SOS Coast Guard;nan;William Witney, Alan James;['Science Fiction', 'Action'];English;nan;224
Under California Stars;nan;William Witney;['Western'];English;nan;70
Colorado Sundown;nan;William Witney;['Action', 'Western'];English;nan;67
The WAC from Walla Walla;nan;William Witney;['Comedy'];English;nan;83
The Secret of the Purple Reef;nan;William Witney;['Drama', 'Crime', 'Adventure'];English;nan;81
The Lone Ranger;nan;John English, William Witney;['Western'];English;nan;264
Trail of Robin Hood;nan;William Witney;['Western'];English;3.15;67
Sunset in the West;nan;William Witney;['Western'];English;nan;67
The Outcast;nan;William Witney;['Western'];English;nan;90
The Man Who Died Twice;nan;Joseph Kane;['Crime'];English;nan;70
Attila;nan;Pietro Francisci;['War', 'Drama'];Italian;nan;79
Hercules, Samson & Ulysses;nan;Pietro Francisci;['Adventure'];Italian;3.07;90
The Warrior Empress;nan;Pietro Francisci;['History', 'Adventure'];Italian;nan;105
Siege of Syracuse;nan;Pietro Francisci;['Drama', 'Romance', 'History'];Italian;nan;107
The Queen of Sheba;nan;Pietro Francisci;['Drama'];Italian;nan;99
Hercules Unchained;nan;Pietro Francisci;['Fantasy', 'Action'];Italian;2.61;98
Hercules;nan;Pietro Francisci;['Adventure', 'Fantasy'];Italian;2.72;99
Simbad e il califfo di Bagdad;nan;Pietro Francisci;['Adventure'];Italian;nan;101
Star Pilot;nan;Pietro Francisci;['Science Fiction'];Italian;2.97;89
The Ox-Bow Incident;nan;William A. Wellman;['Western', 'Drama'];English;4.13;76
Across 110th Street;nan;Barry Shear;['Action', 'Crime', 'Drama', 'Thriller'];English;3.68;102
La Strada;nan;Federico Fellini;['Drama'];Italian;4.18;115
Lust for Life;nan;Vincente Minnelli;['Drama', 'History'];English;3.65;122
A Walk in the Clouds;nan;Alfonso Arau;['Drama', 'Romance'];English;3.21;103
Zorba the Greek;nan;Mihalis Kakogiannis;['Drama'];Greek (modern);3.72;142
Revenge;nan;Tony Scott;['Thriller', 'Romance', 'Drama'];English;3.12;123
Road to Morocco;nan;David Butler;['Music', 'Adventure', 'Comedy', 'Romance'];English;3.39;82
Union Pacific;nan;Cecil B. DeMille;['Western', 'Drama'];English;3.43;135
The Message;nan;Moustapha Akkad;['History', 'Action', 'Adventure', 'Drama'];English;3.86;178
Warlock;nan;Edward Dmytryk;['Western'];English;3.58;122
The Savage Innocents;nan;Nicholas Ray;['Drama', 'Adventure'];English;3.42;110
They Died with Their Boots On;nan;Raoul Walsh;['Romance', 'Drama', 'Western', 'War'];English;3.57;140
Only the Lonely;nan;Chris Columbus;['Comedy', 'Romance'];English;3.12;104
The Black Swan;nan;Henry King;['Adventure', 'Romance'];English;3.21;87
Jesus of Nazareth;nan;Franco Zeffirelli;['Drama'];English;3.7;382
Requiem for a Heavyweight;nan;Ralph Nelson;['Drama'];English;3.91;85
The Ghost Breakers;nan;George Marshall;['Horror', 'Comedy'];English;3.24;85
Last Train from Gun Hill;nan;John Sturges;['Western'];English;3.71;98
Lion of the Desert;nan;Moustapha Akkad;['Drama', 'War', 'History'];English;3.9;173
Larceny, Inc.;nan;Lloyd Bacon;['Crime', 'Comedy'];English;3.51;96
City for Conquest;nan;Anatole Litvak, Jean Negulesco;['Romance', 'Drama', 'Crime'];English;3.51;104
A High Wind in Jamaica;nan;Alexander Mackendrick;['Drama', 'Adventure'];English;3.44;103
Barabbas;nan;Richard Fleischer;['Drama', 'Adventure', 'History'];English;3.5;144
Mobsters;nan;Michael Karbelnikoff;['Crime', 'Action', 'Thriller', 'Drama'];English;2.72;104
Road to Singapore;nan;Victor Schertzinger;['Comedy', 'Romance', 'Music'];English;3.1;85
Blood and Sand;nan;Rouben Mamoulian;['Romance', 'Drama'];English;3.32;125
The River's Edge;nan;Allan Dwan;['Adventure', 'Crime'];English;3.47;87
Ulysses;nan;Mario Camerini;['Adventure', 'Fantasy'];Italian;3.38;100
The Santa Clause;nan;John Pasquin;['Family', 'Comedy', 'Fantasy', 'Drama'];English;3.18;97
Miss Congeniality 2: Armed and Fabulous;nan;John Pasquin;['Comedy', 'Action'];English;2.69;115
Jungle 2 Jungle;nan;John Pasquin;['Comedy', 'Family'];English;2.39;105
Joe Somebody;nan;John Pasquin;['Drama', 'Romance', 'Family', 'Comedy'];English;2.41;99
Don't Touch My Daughter;nan;John Pasquin;['Thriller', 'Drama', 'TV Movie'];English;nan;95
The Immortals;nan;Brian Grant;['Action', 'Drama', 'Crime', 'Thriller'];English;3.1;98
Gladiatress;nan;Brian Grant;['Comedy', 'Adventure', 'Action'];English;nan;89
Sensation;nan;Brian Grant;['Mystery', 'Thriller'];English;3.1;102
The Set-Up;nan;Robert Wise;['Drama', 'Crime'];English;4.0;73
The Body Snatcher;nan;Robert Wise;['Thriller', 'Horror'];English;3.6;78
Teenagers from Outer Space;nan;Tom Graeff;['Science Fiction', 'Horror', 'Romance', 'Thriller', 'Crime'];English;2.45;86
Bride of the Monster;nan;Edward D. Wood Jr.;['Science Fiction', 'Horror'];English;2.47;69
Night of the Ghouls;nan;Edward D. Wood Jr.;['Horror'];English;2.56;69
Nights of Cabiria;nan;Federico Fellini;['Drama'];Italian;4.39;110
Amarcord;nan;Federico Fellini;['Drama', 'Comedy'];Italian;4.12;123
Fellini Satyricon;nan;Federico Fellini;['Fantasy', 'Drama'];Italian;3.68;129
I Vitelloni;nan;Federico Fellini;['Comedy', 'Drama'];Italian;3.98;103
Juliet of the Spirits;nan;Federico Fellini;['Comedy', 'Drama', 'Fantasy'];Italian;3.88;148
Fellini's Casanova;nan;Federico Fellini;['Drama'];Italian;3.62;155
Spirits of the Dead;nan;Federico Fellini, Roger Vadim;['Drama', 'Horror', 'Mystery'];French;3.38;121
Roma;nan;Federico Fellini;['Comedy', 'Drama'];Italian;3.84;120
And the Ship Sails On;nan;Federico Fellini;['Drama', 'Comedy'];Italian;3.75;132
Orchestra Rehearsal;nan;Federico Fellini;['Drama', 'Comedy', 'Music'];Italian;3.67;72
Boccaccio '70;nan;Vittorio De Sica, Federico Fellini;['Romance', 'Comedy'];Italian;3.63;204
The White Sheik;nan;Federico Fellini;['Romance', 'Comedy'];Italian;3.5;83
The Swindle;nan;Federico Fellini;['Crime', 'Drama'];Italian;3.72;113
The Voice of the Moon;nan;Federico Fellini;['Fantasy', 'Adventure', 'Comedy'];Italian;3.25;120
Intervista;nan;Federico Fellini;['Drama', 'Comedy'];Italian;3.6;107
City of Women;nan;Federico Fellini;['Comedy', 'Fantasy', 'Adventure'];Italian;3.68;140
The Clowns;nan;Federico Fellini;['Comedy', 'TV Movie'];Italian;3.6;93
Love in the City;nan;Federico Fellini, Michelangelo Antonioni;['Romance', 'Drama'];Italian;3.37;115
Ginger and Fred;nan;Federico Fellini;['Comedy', 'Drama'];Italian;3.6;125
Variety Lights;nan;Federico Fellini, Alberto Lattuada;['Comedy', 'Drama'];Italian;3.46;93
The Wages of Fear;nan;Henri-Georges Clouzot;['Adventure', 'Thriller', 'Drama'];French;4.34;153
Out 1;nan;Jacques Rivette;['Mystery', 'Drama'];French;4.06;743
Céline and Julie Go Boating;nan;Jacques Rivette;['Comedy', 'Drama', 'Fantasy'];French;4.16;193
La Belle Noiseuse;nan;Jacques Rivette;['Drama'];French;4.19;238
Hiroshima Mon Amour;nan;Alain Resnais;['Drama', 'Romance', 'History'];French;4.17;92
A Summer's Tale;nan;Éric Rohmer;['Comedy', 'Romance', 'Drama'];French;4.1;114
Pauline at the Beach;nan;Éric Rohmer;['Romance', 'Drama', 'Comedy'];French;3.84;94
Triple Agent;nan;Éric Rohmer;['Drama', 'Thriller'];French;3.46;115
Bedknobs and Broomsticks;nan;Robert Stevenson;['Adventure', 'Family', 'Animation', 'Music', 'Comedy', 'Fantasy'];English;3.49;117
Old Yeller;nan;Robert Stevenson;['Western', 'Adventure', 'Family', 'Drama'];English;3.33;84
The Absent-Minded Professor;nan;Robert Stevenson;['Comedy', 'Family', 'Science Fiction'];English;3.19;96
Herbie Rides Again;nan;Robert Stevenson;['Family', 'Fantasy', 'Comedy', 'Romance'];English;2.92;88
That Darn Cat!;nan;Robert Stevenson;['Comedy', 'Crime', 'Family'];English;3.33;112
Blackbeard's Ghost;nan;Robert Stevenson;['Comedy', 'Fantasy', 'Family'];English;3.29;106
The Island at the Top of the World;nan;Robert Stevenson;['Family', 'Adventure', 'Fantasy'];English;3.03;93
The Woman on Pier 13;nan;Robert Stevenson;['Thriller', 'Drama'];English;2.95;73
The Shaggy D.A.;nan;Robert Stevenson;['Fantasy', 'Family', 'Comedy'];English;2.85;91
Son of Flubber;nan;Robert Stevenson;['Science Fiction', 'Comedy', 'Family'];English;2.94;100
One of Our Dinosaurs Is Missing;nan;Robert Stevenson;['Mystery', 'Action', 'Thriller', 'Adventure', 'Family', 'Comedy', 'Drama'];English;2.93;94
In Search of the Castaways;nan;Robert Stevenson;['Family', 'Adventure'];English;3.19;98
Johnny Tremain;nan;Robert Stevenson;['Drama', 'War', 'Family'];English;2.94;80
The Gnome-Mobile;nan;Robert Stevenson;['Fantasy', 'Family', 'Comedy'];English;3.11;85
The Man Who Changed His Mind;nan;Robert Stevenson;['Horror', 'Science Fiction'];English;3.3;66
Kidnapped;nan;Robert Stevenson;['Adventure', 'Family', 'Action', 'Drama'];English;3.19;97
King Solomon's Mines;nan;Robert Stevenson;['Drama', 'Action', 'Adventure'];English;3.17;80
The Miracle on 34th Street;nan;Robert Stevenson;['Drama', 'TV Movie'];English;3.28;46
Dishonored Lady;nan;Robert Stevenson;['Drama', 'Crime'];English;3.14;85
The Las Vegas Story;nan;Robert Stevenson;['Drama', 'Thriller', 'Crime'];English;3.2;88
The Monkey's Uncle;nan;Robert Stevenson;['Family', 'Science Fiction', 'Comedy'];English;3.1;87
Walk Softly, Stranger;nan;Robert Stevenson;['Drama', 'Romance', 'Crime'];English;3.24;81
The Misadventures of Merlin Jones;nan;Robert Stevenson;['Comedy', 'Science Fiction', 'Family'];English;3.18;91
My Forbidden Past;nan;Robert Stevenson;['Drama'];English;3.12;70
To the Ends of the Earth;nan;Robert Stevenson;['Thriller'];English;nan;109
Forever and a Day;nan;René Clair, Frank Lloyd;['Drama', 'History'];English;3.37;104
Back Street;nan;Robert Stevenson;['Drama'];English;3.33;89
Tudor Rose;nan;Robert Stevenson;['History', 'Drama'];English;nan;80
Tom Brown's School Days;nan;Robert Stevenson;['Drama', 'Family'];English;nan;86
Diabolique;nan;Henri-Georges Clouzot;['Horror', 'Thriller', 'Mystery'];French;4.18;117
Le Corbeau;nan;Henri-Georges Clouzot;['Thriller', 'Mystery', 'Drama'];French;3.9;92
Jenny Lamour;nan;Henri-Georges Clouzot;['Mystery', 'Drama', 'Thriller'];French;3.84;108
The Murderer Lives at Number 21;nan;Henri-Georges Clouzot;['Thriller', 'Mystery', 'Comedy'];French;3.7;83
The Truth;nan;Henri-Georges Clouzot;['Romance', 'Drama'];French;3.98;127
The Mystery of Picasso;nan;Henri-Georges Clouzot;['Documentary'];French;3.82;78
Woman in Chains;nan;Henri-Georges Clouzot;['Romance', 'Thriller', 'Drama'];French;3.8;106
Manon;nan;Henri-Georges Clouzot;['Thriller', 'Adventure', 'Drama'];French;3.46;101
The Spies;nan;Henri-Georges Clouzot;['Thriller'];French;3.45;125
Return to Life;nan;André Cayatte, Georges Lampin;['Drama', 'Comedy'];French;nan;120
Miquette;nan;Henri-Georges Clouzot;['Comedy'];French;3.29;95
Good Morning, Babylon;nan;Paolo Taviani, Vittorio Taviani;['Drama', 'Romance', 'History'];Italian;3.44;117
Emanuelle and the White Slave Trade;nan;Joe D'Amato;['Thriller', 'Drama', 'Horror'];Italian;3.0;89
Divine Emanuelle;nan;Christian Anders;['Crime', 'Horror', 'Thriller'];German;2.91;99
Black Gold;nan;Jean-Jacques Annaud;['Drama', 'Adventure'];English;2.95;130
The Wailing;nan;Na Hong-jin;['Horror', 'Mystery'];Korean;3.98;156
The Captains;nan;William Shatner;['Science Fiction', 'Documentary'];English;3.09;97
The Apartment;nan;Billy Wilder;['Drama', 'Romance', 'Comedy'];English;4.44;125
Once Upon a Time in the West;nan;Sergio Leone;['Drama', 'Western'];English;4.39;166
Before Sunset;nan;Richard Linklater;['Drama', 'Romance'];English;4.33;80
Homeland: Iraq Year Zero;nan;Abbas Fahdel;['Documentary'];Arabic;4.15;334
Kiki's Delivery Service;nan;Hayao Miyazaki;['Family', 'Fantasy', 'Animation'];Japanese;4.14;103
Castle in the Sky;nan;Hayao Miyazaki;['Fantasy', 'Adventure', 'Family', 'Action', 'Animation'];Japanese;4.06;125
The French Connection;nan;William Friedkin;['Crime', 'Action', 'Thriller'];English;4.0;104
Infernal Affairs;nan;Alan Mak Siu-Fai, Andrew Lau;['Thriller', 'Mystery', 'Drama', 'Crime', 'Action'];Cantonese;4.03;100
Close Encounters of the Third Kind;nan;Steven Spielberg;['Science Fiction', 'Drama'];English;3.83;137
The Seventh Continent;nan;Michael Haneke;['Drama'];German;4.03;107
Style Wars;nan;Tony Silver;['Documentary', 'Music', 'TV Movie'];English;4.03;70
Batman: The Dark Knight Returns, Part 2;nan;Jay Oliva;['Mystery', 'Animation', 'Action', 'Science Fiction'];English;3.97;78
Lady Vengeance;nan;Park Chan-wook;['Thriller', 'Drama'];Korean;4.04;115
Metropolitan;nan;Whit Stillman;['Romance', 'Comedy', 'Drama'];English;3.82;99
Lupin the Third: The Castle of Cagliostro;nan;Hayao Miyazaki;['Adventure', 'Comedy', 'Animation', 'Crime'];Japanese;4.0;102
The Invisible Man;nan;James Whale;['Science Fiction', 'Horror'];English;3.87;71
Why Don't You Play in Hell?;nan;Sion Sono;['Drama', 'Comedy', 'Action'];Japanese;3.97;130
Restrepo;nan;Tim Hetherington, Sebastian Junger;['Documentary', 'War'];English;3.8;93
Barefoot Gen;nan;Mori Masaki;['History', 'War', 'Animation', 'Drama'];Japanese;3.97;83
Faust;nan;Jan Švankmajer;['Fantasy', 'Animation'];Czech;3.85;97
A Better Tomorrow;nan;John Woo;['Drama', 'Crime', 'Action'];Cantonese;3.89;95
The Last Days of Disco;nan;Whit Stillman;['Romance', 'Comedy', 'Drama'];English;3.78;113
Drug War;nan;Johnnie To;['Action', 'Drama', 'Crime'];Chinese;3.8;107
Metalocalypse: The Doomstar Requiem - A Klok Opera;nan;Mark Brooks;['Comedy', 'Drama', 'Music', 'Animation'];English;3.99;60
The Five Obstructions;nan;Jørgen Leth, Lars von Trier;['Documentary'];Danish;3.72;90
Jean-Michel Basquiat: The Radiant Child;nan;Tamra Davis;['Documentary'];English;3.77;88
Berserk: The Golden Age Arc III – The Advent;nan;Toshiyuki Kubooka;['Action', 'Adventure', 'Animation', 'Fantasy', 'Drama'];Japanese;3.96;110
Malcolm X;nan;Arnold Perl;['Documentary'];English;3.68;91
The Endless Summer;nan;Bruce Brown;['Documentary'];English;3.79;91
A Sunday in Hell;nan;Jørgen Leth;['Documentary'];Danish;3.76;111
The Pixar Story;nan;Leslie Iwerks;['Documentary'];English;3.73;87
Drunken Master;nan;Yuen Woo-Ping;['Comedy', 'Action'];Cantonese;3.78;111
Indie Game: The Movie;nan;Lisanne Pajot, James Swirsky;['Documentary'];English;3.71;103
Phantasm II;nan;Don Coscarelli;['Horror', 'Action', 'Thriller', 'Science Fiction'];English;3.21;97
Snowden;nan;Oliver Stone;['Crime', 'Thriller', 'Drama', 'History'];English;3.26;134
Ladyhawke;nan;Richard Donner;['Comedy', 'Adventure', 'Fantasy'];English;3.33;121
Basket Case;nan;Frank Henenlotter;['Comedy', 'Horror'];English;3.26;91
Pets;nan;Raphael Nussbaum;['Drama'];English;3.12;102
Pretty Maids All in a Row;nan;Roger Vadim;['Mystery', 'Thriller', 'Comedy', 'Crime'];English;3.19;91
Psycho-Pass: The Movie;nan;Naoyoshi Shiotani, Katsuyuki Motohiro;['Animation', 'Science Fiction', 'Action'];Japanese;3.52;113
Death Laid an Egg;nan;Giulio Questi;['Crime', 'Horror', 'Thriller'];Italian;3.11;89
We Were Soldiers;nan;Randall Wallace;['Action', 'History', 'War'];English;3.4;138
Caged Fury;nan;Cirio H. Santiago;['War', 'Action'];English;nan;89
Cirque du Soleil: Worlds Away;nan;Andrew Adamson;['Romance', 'Family', 'Drama', 'Music', 'Fantasy'];English;3.29;91
Inazuma Eleven the Movie: The Ultimate Force, Team Ogre, Attacks!;nan;Yoshikazu Miyao;['Animation', 'Fantasy'];Japanese;3.46;90
Crank;nan;Brian Taylor, Mark Neveldine;['Thriller', 'Action', 'Crime'];English;3.25;88
Appleseed: Ex Machina;nan;Shinji Aramaki;['Thriller', 'Animation', 'Action', 'Science Fiction'];Japanese;3.29;105
Blackthorn;nan;Mateo Gil;['Action', 'Western', 'Adventure'];English;3.27;98
The Place Promised in Our Early Days;nan;Makoto Shinkai;['Animation', 'Romance', 'Adventure', 'Drama', 'Science Fiction'];Japanese;3.13;90
Coco Before Chanel;nan;Anne Fontaine;['History', 'Drama'];French;3.21;110
Lost and Love;nan;Peng Sanyuan;['Drama'];Chinese;3.26;112
One Piece: Episode of Chopper Plus: Bloom in the Winter, Miracle Cherry Blossom;nan;Junji Shimizu;['Action', 'Animation', 'Comedy', 'Adventure'];Japanese;3.34;113
Psycho II;nan;Richard Franklin;['Thriller', 'Mystery', 'Horror'];English;3.41;113
Solaris;nan;Steven Soderbergh;['Mystery', 'Science Fiction', 'Drama'];English;3.25;99
The Wild Geese;nan;Andrew V. McLaglen;['Action'];English;3.27;134
Nightbreed;nan;Clive Barker;['Fantasy', 'Action', 'Horror'];English;3.27;121
Sea of Love;nan;Harold Becker;['Drama', 'Crime', 'Romance'];English;3.39;113
Lady Snowblood 2: Love Song of Vengeance;nan;Toshiya Fujita;['Action', 'Thriller', 'Drama'];Japanese;3.32;89
Cyber Vengeance;nan;J. Christian Ingvordsen;['Action', 'Science Fiction'];English;2.75;90
The Taking of Tiger Mountain;nan;Tsui Hark;['War', 'Adventure', 'Thriller'];Chinese;3.3;141
The Running Man;nan;Paul Michael Glaser;['Action', 'Thriller', 'Science Fiction'];English;3.23;101
Halloween II;nan;Rick Rosenthal;['Horror', 'Thriller'];English;3.18;92
Godzilla vs. Hedorah;nan;Yoshimitsu Banno;['Action', 'Science Fiction', 'Horror'];Japanese;3.47;85
Hamburger Hill;nan;John Irvin;['Drama', 'Action', 'War'];English;3.32;110
Street Fighter II: The Animated Movie;nan;Gisaburō Sugii;['Animation', 'Action'];Japanese;3.43;101
The Salvation;nan;Kristian Levring;['Western', 'Drama'];Danish;3.22;92
He-Man and She-Ra: The Secret of the Sword;nan;Ed Friedman, Lou Kachivas;['Animation', 'Adventure', 'Fantasy', 'Family', 'Action'];English;3.26;87
Krush Groove;nan;Michael Schultz;['Comedy', 'Drama', 'Music'];English;3.27;97
Harold & Kumar Go to White Castle;nan;Danny Leiner;['Adventure', 'Comedy'];English;3.36;88
9;nan;Shane Acker;['Animation', 'Science Fiction'];English;3.43;11
Gunan, King of the Barbarians;nan;Franco Prosperi;['Action', 'Adventure'];Italian;nan;87
Tunka, El Guerrero;nan;Joaquín Gómez;['Adventure', 'Fantasy'];Spanish;nan;78
The Fighting Prince of Donegal;nan;Michael O'Herlihy;['Adventure', 'Action'];English;nan;110
Storm Over the Nile;nan;Terence Young, Zoltan Korda;['War', 'Drama', 'Adventure'];English;nan;107
Maniac Cop 2;nan;William Lustig;['Thriller', 'Horror', 'Action', 'Crime'];English;3.2;87
Maniac;nan;Franck Khalfoun;['Horror', 'Thriller'];English;3.19;89
The Last Starfighter;nan;Nick Castle;['Action', 'Adventure', 'Science Fiction'];English;3.22;101
A Monster in Paris;nan;Bibo Bergeron;['Family', 'Adventure', 'Fantasy', 'Animation', 'Comedy'];French;3.62;90
Fast & Furious 6;nan;Justin Lin;['Crime', 'Action', 'Thriller'];English;3.08;131
Godzilla vs. Mechagodzilla II;nan;Takao Okawara;['Adventure', 'Science Fiction', 'Drama', 'Action'];Japanese;3.34;108
Elektra;nan;Rob Bowman;['Action', 'Fantasy', 'Adventure'];English;1.63;97
Police Academy: Mission to Moscow;nan;Alan Metter;['Comedy', 'Crime'];English;1.81;83
Little Man;nan;Keenen Ivory Wayans;['Crime', 'Comedy'];English;2.19;98
Skyline;nan;Greg Strause, Colin Strause;['Action', 'Thriller', 'Science Fiction'];English;1.82;92
The Legend of Hercules;nan;Renny Harlin;['Adventure', 'Action'];English;1.73;99
The Last Airbender;nan;M. Night Shyamalan;['Adventure', 'Fantasy', 'Action'];English;1.11;103
Meet the Spartans;nan;Jason Friedberg, Aaron Seltzer;['Fantasy', 'Comedy'];English;1.4;84
Mortal Kombat: Annihilation;nan;John R. Leonetti;['Fantasy', 'Action', 'Science Fiction'];English;1.54;95
Highlander: The Source;nan;Brett Leonard;['Action', 'Fantasy', 'Adventure'];English;1.57;86
Paul Blart: Mall Cop 2;nan;Andy Fickman;['Comedy', 'Family', 'Action'];English;1.88;94
Cabin Fever;nan;Travis Zariwny;['Horror'];English;1.78;99
The Fog;nan;Rupert Wainwright;['Mystery', 'Horror'];English;1.79;100
Street Fighter: The Legend of Chun-Li;nan;Andrzej Bartkowiak;['Action', 'Thriller', 'Science Fiction', 'Adventure'];English;1.62;97
Vikingdom;nan;Yusry Abdul Halim;['Adventure'];English;2.45;114
R.O.T.O.R.;nan;Cullen Blaine;['Science Fiction', 'Action'];English;2.22;90
Wild Things: Diamonds in the Rough;nan;Jay Lowi;['Crime', 'Drama', 'Mystery'];English;2.29;87
Pompeii;nan;Paul W. S. Anderson;['Romance', 'Action', 'Drama', 'Adventure', 'History'];English;2.31;105
Fool's Gold;nan;Andy Tennant;['Adventure', 'Comedy', 'Romance'];English;2.64;112
Wild Things 2;nan;Jack Perez;['Drama', 'Mystery', 'Crime'];English;2.23;95
Dragon Ball Z: Bio-Broly;nan;Yoshihiro Ueda;['Science Fiction', 'Animation', 'Action'];Japanese;2.07;50
Top Cat: The Movie;nan;Alberto Mar;['Animation', 'Family', 'Comedy'];Spanish;2.38;90
DragonHeart: A New Beginning;nan;Doug Lefler;['Action', 'Fantasy', 'Comedy', 'Adventure'];English;2.25;84
Addams Family Reunion;nan;Dave Payne;['Horror', 'Fantasy', 'Comedy', 'TV Movie', 'Family'];English;2.4;91
The Crow: City of Angels;nan;Tim Pope;['Action', 'Thriller', 'Fantasy'];English;2.4;84
Annabelle;nan;John R. Leonetti;['Horror'];English;2.45;99
The Flintstones;nan;Brian Levant;['Comedy', 'Fantasy', 'Family'];English;2.51;91
The Pink Panther 2;nan;Harald Zwart;['Mystery', 'Comedy'];English;2.58;92
Hitman: Agent 47;nan;Aleksander Bach;['Crime', 'Thriller', 'Action'];English;2.12;96
Hammer of the Gods;nan;Farren Blackburn;['Adventure', 'Action', 'History'];English;2.5;99
Your Highness;nan;David Gordon Green;['Action', 'Adventure', 'Fantasy', 'Comedy'];English;2.24;102
The Mummy;nan;Alex Kurtzman;['Action', 'Horror', 'Thriller', 'Fantasy', 'Adventure'];English;1.9;111
Halloween: The Curse of Michael Myers;nan;Joe Chappelle;['Horror', 'Thriller'];English;2.03;88
The Hills Have Eyes 2;nan;Martin Weisz;['Thriller', 'Horror'];English;2.23;90
Psycho;nan;Gus Van Sant;['Horror', 'Mystery', 'Thriller'];English;2.33;103
Son of the Pink Panther;nan;Blake Edwards;['Comedy', 'Crime'];English;2.11;93
Friday the 13th Part VIII: Jason Takes Manhattan;nan;Rob Hedden;['Horror', 'Thriller'];English;2.1;100
The Twilight Saga: Eclipse;nan;David Slade;['Drama', 'Fantasy', 'Romance', 'Adventure'];English;2.66;124
Red Dawn;nan;Dan Bradley;['Action', 'Thriller'];English;2.16;93
Wizards of the Lost Kingdom;nan;Héctor Olivera;['Fantasy', 'Adventure'];English;2.05;79
Cruel Intentions 3;nan;Scott Ziehl;['Drama'];English;1.96;85
All Monsters Attack;nan;Ishirō Honda;['Science Fiction', 'Family', 'Fantasy'];Japanese;2.16;70
Poltergeist;nan;Gil Kenan;['Horror'];English;2.07;93
Hell and Back;nan;Tom Gianas, Ross Shuman;['Animation', 'Fantasy', 'Comedy', 'Adventure'];English;2.4;86
Critters 4;nan;Rupert Harvey;['Comedy', 'Science Fiction', 'Horror'];English;2.09;87
Vampire in Brooklyn;nan;Wes Craven;['Fantasy', 'Horror', 'Romance', 'Comedy'];English;2.49;102
The Mummy: Tomb of the Dragon Emperor;nan;Rob Cohen;['Fantasy', 'Adventure', 'Action'];English;2.21;112
Jason X;nan;James Isaac;['Horror', 'Science Fiction'];English;2.14;91
The Dilemma;nan;Ron Howard;['Drama', 'Comedy'];English;2.33;111
Stormbreaker;nan;Geoffrey Sax;['Family', 'Adventure', 'Action'];English;2.24;93
The Hot Chick;nan;Tom Brady;['Fantasy', 'Comedy'];English;2.68;104
Species II;nan;Peter Medak;['Horror', 'Action', 'Science Fiction'];English;2.35;93
Police Academy 6: City Under Siege;nan;Peter Bonerz;['Comedy', 'Crime'];English;2.22;84
Dracula 2000;nan;Patrick Lussier;['Horror', 'Thriller', 'Fantasy', 'Action'];English;2.31;98
DOA: Dead or Alive;nan;Corey Yuen Kwai;['Action', 'Thriller', 'Adventure'];English;2.45;87
Deathstalker and the Warriors from Hell;nan;Alfonso Corona;['Fantasy', 'Adventure', 'Action'];English;1.98;86
Hot Tub Time Machine 2;nan;Steve Pink;['Comedy'];English;2.11;93
30 Days of Night: Dark Days;nan;Ben Ketai;['Thriller', 'Horror'];English;2.0;92
Piranha II: The Spawning;nan;James Cameron;['Horror'];English;2.13;84
Highlander: Endgame;nan;Douglas Aarniokoski;['Adventure', 'Fantasy', 'Action'];English;2.23;87
Godzilla;nan;Roland Emmerich;['Thriller', 'Action', 'Science Fiction'];English;2.24;138
The Dukes of Hazzard;nan;Jay Chandrasekhar;['Adventure', 'Comedy', 'Action'];English;2.36;104
The Circle;nan;James Ponsoldt;['Science Fiction', 'Thriller', 'Drama'];English;2.03;110
Paranoia;nan;Robert Luketic;['Thriller', 'Drama'];English;2.26;106
Cocktail;nan;Roger Donaldson;['Comedy', 'Drama', 'Romance'];English;2.82;104
Paranormal Activity 3;nan;Henry Joost, Ariel Schulman;['Mystery', 'Horror'];English;2.66;83
Demonoid: Messenger of Death;nan;Alfredo Zacarías;['Horror'];English;2.65;80
Trancers 5: Sudden Deth;nan;David Nutter;['Action', 'Science Fiction', 'Thriller', 'Comedy'];English;2.47;91
The Mummy's Tomb;nan;Harold Young;['Fantasy', 'Mystery', 'Horror'];English;2.6;61
Everly;nan;Joe Lynch;['Thriller', 'Action'];English;2.72;93
Bruce Lee Fights Back from the Grave;nan;Lee Doo-yong;['Drama', 'Action', 'Crime'];Korean;2.76;95
Final Destination 5;nan;Steven Quale;['Horror', 'Mystery'];English;2.79;91
Sex Drive;nan;Sean Anders;['Comedy', 'Adventure', 'Romance'];English;2.74;109
Hits;nan;David Cross;['Comedy', 'Drama'];English;2.85;96
Camille;nan;Gregory Mackenzie;['Comedy', 'Romance', 'Drama'];English;2.8;94
Galaxy of Terror;nan;Bruce D. Clark;['Horror', 'Action', 'Science Fiction', 'Adventure'];English;2.67;81
Johnny English Reborn;nan;Oliver Parker;['Comedy', 'Action', 'Crime'];English;2.96;101
Eagle Eye;nan;D.J. Caruso;['Action', 'Thriller', 'Mystery'];English;2.81;118
Crouching Tiger, Hidden Dragon: Sword of Destiny;nan;Yuen Woo-Ping;['Action', 'Adventure', 'Drama'];English;2.77;103
Deep Blue Sea;nan;Renny Harlin;['Horror', 'Action', 'Science Fiction'];English;2.85;105
Insidious: Chapter 3;nan;Leigh Whannell;['Horror', 'Thriller'];English;2.59;97
Zu Warriors;nan;Tsui Hark;['Fantasy', 'Action'];Chinese;2.85;104
Renegade;nan;Jan Kounen;['Western'];English;2.66;124
Walt Before Mickey;nan;Khoa Le;['Drama'];English;2.66;107
Lockout;nan;Stephen St. Leger, James Mather;['Thriller', 'Science Fiction', 'Action'];English;2.67;95
Final Destination 3;nan;James Wong;['Mystery', 'Horror'];English;3.04;92
Man Down;nan;Dito Montiel;['Thriller', 'Drama', 'War'];English;2.81;90
Jane Got a Gun;nan;Gavin O'Connor;['Western', 'Action', 'Drama'];English;2.8;98
I Know What You Did Last Summer;nan;Jim Gillespie;['Mystery', 'Horror', 'Thriller'];English;2.94;101
Ice Age: Continental Drift;nan;Mike Thurmeier, Steve Martino;['Adventure', 'Family', 'Comedy', 'Animation'];English;2.76;88
Night of the Cobra Woman;nan;Andrew Meyer;['Thriller', 'Horror'];English;2.74;85
Dracula: The Dark Prince;nan;Pearry Reginald Teo;['Fantasy', 'Horror', 'Action'];English;2.75;100
World Trade Center;nan;Oliver Stone;['Drama', 'History', 'Thriller'];English;2.74;129
Swamp Thing;nan;Wes Craven;['Horror', 'Science Fiction'];English;2.62;93
Scanners II: The New Order;nan;Christian Duguay;['Science Fiction', 'Action', 'Horror'];English;2.72;100
Knight and Day;nan;James Mangold;['Action', 'Comedy'];English;2.81;109
Fools Rush In;nan;Andy Tennant;['Romance', 'Comedy', 'Drama'];English;2.96;109
Iron Sky;nan;Timo Vuorensola;['Comedy', 'Science Fiction', 'Action'];English;2.54;93
The Counselor;nan;Ridley Scott;['Thriller', 'Drama', 'Crime'];English;2.68;117
The Campaign;nan;Jay Roach;['Comedy'];English;2.68;85
No Strings Attached;nan;Ivan Reitman;['Comedy', 'Romance'];English;2.76;107
Ninja Terminator;nan;Godfrey Ho;['Action'];English;2.79;92
Walking Tall;nan;Kevin Bray;['Action', 'Adventure', 'Drama', 'Thriller'];English;2.77;86
The Dungeonmaster;nan;Peter Manoogian, David Allen;['Science Fiction', 'Fantasy', 'Thriller', 'Mystery', 'Horror'];English;2.67;73
Crime Zone;nan;Luis Llosa;['Action', 'Science Fiction'];English;2.71;96
Road Trip;nan;Todd Phillips;['Adventure', 'Comedy'];English;2.83;93
Ali G Indahouse;nan;Mark Mylod;['Comedy'];English;3.01;85
Journey to the Center of the Earth;nan;Albert Pyun, Rusty Lemorande;['Action', 'Science Fiction', 'Fantasy', 'Family'];English;2.54;80
Picasso Trigger;nan;Andy Sidaris;['Action', 'Crime'];English;2.71;99
Self/less;nan;Tarsem Singh;['Science Fiction', 'Thriller', 'Action'];English;2.76;117
The Giver;nan;Phillip Noyce;['Drama', 'Science Fiction'];English;2.65;97
She's All That;nan;Robert Iscove;['Romance', 'Comedy'];English;2.91;95
Child 44;nan;Daniel Espinosa;['Thriller', 'Crime'];English;2.85;137
Barbarian Queen II: The Empress Strikes Back;nan;Joe Finley;['Adventure', 'Action', 'Fantasy'];English;2.85;80
Return to Never Land;nan;Robin Budd;['Adventure', 'Fantasy', 'Animation', 'Family'];English;2.92;72
Rio 2;nan;Carlos Saldanha;['Adventure', 'Comedy', 'Animation', 'Family'];English;2.81;101
Dragonlance: Dragons of Autumn Twilight;nan;Will Meugniot;['Animation', 'Adventure', 'Fantasy', 'Action'];English;2.72;91
Rambo III;nan;Peter MacDonald;['Thriller', 'Adventure', 'War', 'Action'];English;2.78;102
Princess of Thieves;nan;Peter Hewitt;['Adventure', 'Action'];English;2.83;88
Turbo;nan;David Soren;['Family', 'Animation'];English;2.61;96
Blunt Force Trauma;nan;Ken Sanzel;['Action', 'Drama'];English;2.92;92
Spring Break;nan;Sean S. Cunningham;['Comedy', 'Romance'];English;2.6;102
More American Graffiti;nan;Bill L. Norton;['Drama', 'War', 'Comedy'];English;2.9;110
Undercover Brother;nan;Malcolm D. Lee;['Comedy', 'Action'];English;3.12;86
The Aftermath;nan;Steve Barkett;['Adventure', 'Science Fiction', 'Horror', 'Action'];English;2.79;95
The Ruins;nan;Carter Smith;['Horror'];English;2.79;91
Amazons;nan;Alejandro Sessa;['Action', 'Fantasy', 'Adventure'];English;2.35;76
Iron Warrior;nan;Alfonso Brescia;['Adventure', 'Fantasy', 'Action'];English;2.92;82
The Matrix Revolutions;nan;Lilly Wachowski, Lana Wachowski;['Thriller', 'Science Fiction', 'Adventure', 'Action'];English;3.11;129
Jaws 2;nan;Jeannot Szwarc;['Thriller', 'Horror'];English;2.72;117
Maggie;nan;Henry Hobson;['Drama', 'Horror'];English;2.72;95
Jimi: All Is by My Side;nan;John Ridley;['Drama', 'Music'];English;2.86;118
The People That Time Forgot;nan;Kevin Connor;['Adventure', 'Science Fiction', 'Fantasy'];English;2.72;90
Hell Comes to Frogtown;nan;Donald G. Jackson, R.J. Kizer;['Action', 'Comedy', 'Science Fiction'];English;2.85;88
White House Down;nan;Roland Emmerich;['Action', 'Thriller', 'Drama'];English;2.78;131
Automata;nan;Gabe Ibáñez;['Thriller', 'Science Fiction'];English;2.82;110
Dance with Me;nan;Randa Haines;['Drama', 'Romance', 'Music'];English;2.95;126
Circle;nan;Aaron Hann, Mario Miscione;['Thriller', 'Mystery', 'Science Fiction', 'Horror', 'Drama'];English;2.56;86
The Creature Walks Among Us;nan;John Sherwood;['Science Fiction', 'Horror'];English;2.73;79
Sahara;nan;Andrew V. McLaglen, John Guillermin;['Drama', 'Action', 'Adventure', 'Romance'];English;2.68;111
Curse of the Fly;nan;Don Sharp;['Science Fiction', 'Horror'];English;2.46;86
Bound to Vengeance;nan;José Manuel Cravioto;['Thriller', 'Horror'];English;2.86;80
Time Runner;nan;Michael Mazo;['Science Fiction'];English;2.65;90
1;nan;Dennis Iliadis;['Thriller', 'Science Fiction'];English;2.84;95
Timecop;nan;Peter Hyams;['Thriller', 'Crime', 'Science Fiction', 'Action'];English;2.87;98
The Invisible Man's Love Life;nan;Pierre Chevalier;['Science Fiction', 'Horror'];French;2.85;76
National Lampoon's European Vacation;nan;Amy Heckerling;['Romance', 'Comedy', 'Adventure'];English;2.89;95
Inspector Clouseau;nan;Bud Yorkin;['Comedy', 'Crime'];English;2.56;96
Airplane II: The Sequel;nan;Ken Finkleman;['Comedy'];English;2.94;85
Corvette Summer;nan;Matthew Robbins;['Comedy', 'Adventure'];English;2.9;105
Quest for the Mighty Sword;nan;Joe D'Amato;['Fantasy', 'Adventure'];English;2.72;94
Alexander the Great;nan;Robert Rossen;['Drama', 'History', 'Adventure', 'War'];English;2.94;136
Fear;nan;James Foley;['Thriller'];English;2.96;97
Maze Runner: The Scorch Trials;nan;Wes Ball;['Thriller', 'Science Fiction', 'Action', 'Adventure'];English;3.02;131
D2: The Mighty Ducks;nan;Sam Weisman;['Action', 'Family', 'Comedy', 'Drama'];English;3.13;106
When Dinosaurs Ruled the Earth;nan;Val Guest;['Science Fiction', 'Adventure', 'Fantasy'];English;2.75;100
Black Candles;nan;José Ramón Larraz;['Horror'];Spanish;2.64;84
Touch of Death;nan;Lucio Fulci;['Comedy', 'Horror'];Italian;2.69;86
Quantum of Solace;nan;Marc Forster;['Thriller', 'Action', 'Adventure', 'Crime'];English;2.84;106
Get Him to the Greek;nan;Nicholas Stoller;['Music', 'Adventure', 'Comedy'];English;2.76;109
Predators;nan;Nimród Antal;['Thriller', 'Action', 'Science Fiction'];English;2.87;107
Pokémon: Mewtwo Returns;nan;Masamitsu Hidaka;['Action', 'Drama', 'Adventure', 'Animation', 'Fantasy', 'Family'];Japanese;3.09;63
Salt;nan;Phillip Noyce;['Mystery', 'Thriller', 'Action'];English;2.9;100
Quicksilver;nan;Thomas Michael Donnelly;['Adventure', 'Action', 'Drama'];English;2.88;105
Return of the Fly;nan;Edward Bernds;['Horror', 'Science Fiction'];English;2.83;80
Game of Death;nan;Robert Clouse, Bruce Lee;['Action', 'Thriller', 'Drama'];Cantonese;2.95;101
Raid on Rommel;nan;Henry Hathaway;['Action', 'War'];English;2.97;99
The Interview;nan;Evan Goldberg, Seth Rogen;['Comedy', 'Action'];English;3.01;113
Ironclad;nan;Jonathan English;['Romance', 'Adventure', 'Action', 'History'];English;2.89;121
GoBots: Battle of the Rock Lords;nan;Ray Patterson, Don Lusk;['Animation'];English;3.02;75
She's Out of My League;nan;Jim Field Smith;['Comedy', 'Romance'];English;2.8;104
Underworld: Evolution;nan;Len Wiseman;['Fantasy', 'Thriller', 'Action'];English;2.84;106
Get Smart;nan;Peter Segal;['Comedy', 'Action', 'Thriller'];English;2.9;110
Cobra;nan;George P. Cosmatos;['Action', 'Thriller', 'Crime'];English;2.98;87
The Business;nan;Nick Love;['Thriller', 'Drama', 'Action', 'Crime'];English;3.16;96
The Karate Kid Part II;nan;John G. Avildsen;['Adventure', 'Action', 'Family', 'Romance', 'Drama'];English;3.19;113
The Black Hole;nan;Gary Nelson;['Science Fiction', 'Adventure', 'Action'];English;2.92;98
Home;nan;Tim Johnson;['Comedy', 'Family', 'Science Fiction', 'Animation', 'Fantasy'];English;2.79;94
The Face of Fu Manchu;nan;Don Sharp;['Thriller', 'Crime'];English;2.91;96
Ultimate Avengers: The Movie;nan;Curt Geda, Steven E. Gordon;['Animation', 'Action', 'Adventure', 'Science Fiction', 'Family'];English;2.99;72
Step Up;nan;Anne Fletcher;['Romance', 'Crime', 'Drama', 'Music'];English;3.14;104
Awaydays;nan;Pat Holden;['Drama'];English;2.85;105
She;nan;Robert Day;['Romance', 'Fantasy', 'Adventure'];English;2.83;106
Pitch Perfect 2;nan;Elizabeth Banks;['Music', 'Comedy'];English;2.99;115
The Magnificent Seven Ride!;nan;George McCowan;['Western'];English;2.75;100
Freaks of Nature;nan;Robbie Pickering;['Comedy', 'Horror', 'Science Fiction'];English;2.88;92
Saludos Amigos;nan;Wilfred Jackson, Bill Roberts;['Music', 'Adventure', 'Animation'];English;2.72;42
The Man in the Iron Mask;nan;Randall Wallace;['Drama', 'Action', 'Adventure'];English;3.09;132
License to Drive;nan;Greg Beeman;['Comedy', 'Family'];English;3.11;90
Frankenstein Meets the Space Monster;nan;Robert Gaffney;['Science Fiction', 'Horror'];English;2.62;79
Crossing Over;nan;Wayne Kramer;['Crime', 'Drama'];English;2.87;113
Death Wish II;nan;Michael Winner;['Action', 'Crime', 'Drama', 'Thriller'];English;2.92;92
When a Stranger Calls;nan;Fred Walton;['Horror', 'Thriller'];English;3.08;97
Fright Night;nan;Craig Gillespie;['Horror', 'Comedy'];English;2.99;106
Space Pirate Captain Harlock;nan;Shinji Aramaki;['Science Fiction', 'Animation'];Japanese;3.12;115
Z for Zachariah;nan;Craig Zobel;['Science Fiction', 'Romance', 'Drama'];English;2.91;97
Rio;nan;Carlos Saldanha;['Adventure', 'Animation', 'Comedy', 'Family'];English;3.38;96
Farewell to the King;nan;John Milius;['Adventure', 'War'];English;3.24;117
Crank: High Voltage;nan;Mark Neveldine, Brian Taylor;['Thriller', 'Crime', 'Action'];English;3.01;96
Firebreather;nan;Peter Chung;['Family', 'Animation', 'Fantasy', 'Thriller', 'Action'];English;2.9;70
The Producers;nan;Susan Stroman;['Comedy'];English;3.26;135
Snake Eyes;nan;Brian De Palma;['Crime', 'Mystery', 'Thriller'];English;3.41;98
No Escape;nan;John Erick Dowdle;['Action', 'Thriller'];English;3.06;103
Guns of the Magnificent Seven;nan;Paul Wendkos;['Western'];English;2.92;105
Billion Dollar Brain;nan;Ken Russell;['Thriller'];English;3.08;111
This Is Where I Leave You;nan;Shawn Levy;['Comedy', 'Drama'];English;3.21;103
Hercules and the Amazon Women;nan;Bill L. Norton;['Adventure', 'Fantasy', 'TV Movie', 'Action'];English;3.02;91
Firepower;nan;Michael Winner;['Action', 'Adventure'];English;2.95;104
Horns;nan;Alexandre Aja;['Fantasy', 'Thriller', 'Drama'];English;2.88;120
Circle of Iron;nan;Richard Moore;['Fantasy', 'Adventure', 'Action'];English;2.97;102
The Lost Continent;nan;Michael Carreras;['Adventure', 'Fantasy'];English;2.95;89
The Heir Apparent: Largo Winch;nan;Jérôme Salle;['Action', 'Thriller', 'Adventure', 'Drama'];French;2.87;108
Premium Rush;nan;David Koepp;['Thriller', 'Crime', 'Action'];English;2.99;91
Pain & Gain;nan;Michael Bay;['Drama', 'Crime', 'Mystery', 'Comedy', 'Action'];English;3.05;130
Ip Man: The Final Fight;nan;Herman Yau;['Drama', 'Action'];Cantonese;2.93;100
Recess: School's Out;nan;Chuck Sheetz;['Comedy', 'Family', 'Animation'];English;3.25;82
Rambo: First Blood Part II;nan;George P. Cosmatos;['Action', 'War', 'Adventure', 'Thriller'];English;3.14;96
The Archer: Fugitive from the Empire;nan;Nicholas Corea;['TV Movie', 'Action', 'Adventure', 'Fantasy'];English;nan;95
Condorman;nan;Charles Jarrott;['Adventure', 'Comedy', 'Action'];English;2.83;90
Living Will...;nan;Matthew Lauyer;['Comedy'];English;nan;101
Dudes & Dragons;nan;Maclain Nelson, Stephen Shimek;['Fantasy', 'Comedy', 'Action'];English;2.9;114
Get Mean;nan;Ferdinando Baldi;['Western'];English;2.84;84
Trainwreck;nan;Judd Apatow;['Comedy', 'Romance'];English;2.72;125
Big Bad Mama;nan;Steve Carver;['Comedy', 'Crime', 'Action', 'Drama'];English;3.02;83
Hardcore Henry;nan;Ilya Naishuller;['Action', 'Science Fiction', 'Adventure'];English;3.19;96
Wrong Cops;nan;Quentin Dupieux;['Comedy', 'Crime'];English;3.2;83
The BFG;nan;Steven Spielberg;['Fantasy', 'Family', 'Adventure'];English;2.72;117
Black Death;nan;Christopher Smith;['History', 'Drama', 'Horror'];English;3.07;102
The Exterminator;nan;James Glickenhaus;['Action'];English;3.02;98
A Lot Like Love;nan;Nigel Cole;['Romance', 'Drama', 'Comedy'];English;3.26;107
The Lost World: Jurassic Park;nan;Steven Spielberg;['Science Fiction', 'Action', 'Adventure'];English;3.11;129
Red Dawn;nan;John Milius;['Thriller', 'Drama', 'Science Fiction', 'Action', 'War'];English;3.0;114
Starchaser: The Legend of Orin;nan;Steven Hahn;['Science Fiction', 'Animation', 'Adventure', 'Family'];English;3.02;107
House Party;nan;Reginald Hudlin;['Comedy', 'Drama'];English;3.25;100
The Night Before;nan;Jonathan Levine;['Adventure', 'Fantasy', 'Comedy'];English;3.07;101
Oblivion;nan;Joseph Kosinski;['Action', 'Adventure', 'Mystery', 'Science Fiction'];English;3.12;124
War of the Worlds;nan;Steven Spielberg;['Science Fiction', 'Adventure', 'Thriller'];English;3.31;117
Friday the 13th Part VI: Jason Lives;nan;Tom McLoughlin;['Thriller', 'Horror'];English;3.19;86
The Gauntlet;nan;Clint Eastwood;['Drama', 'Thriller', 'Action', 'Crime'];English;3.27;109
I'm Still Here;nan;Casey Affleck;['Music', 'Comedy', 'Drama'];English;3.26;107
A Time for Killing;nan;Phil Karlson;['Western', 'War'];English;3.08;88
The Score;nan;Frank Oz;['Action', 'Thriller', 'Crime', 'Drama', 'Mystery'];English;3.23;124
Sinbad: Legend of the Seven Seas;nan;Tim Johnson, Patrick Gilmore;['Comedy', 'Fantasy', 'Animation', 'Action', 'Family', 'Adventure'];English;3.48;90
When Animals Dream;nan;Jonas Alexander Arnby;['Drama', 'Horror', 'Mystery'];Danish;3.11;84
Force 10 from Navarone;nan;Guy Hamilton;['Adventure', 'Drama', 'War'];English;3.21;114
Ben Hur;nan;Steve Shill;['Drama'];English;3.14;180
The Mighty Ducks;nan;Stephen Herek;['Comedy', 'Family', 'Drama', 'Action'];English;3.32;101
30 Days of Night;nan;David Slade;['Horror', 'Thriller'];English;3.12;113
The Transporter;nan;Corey Yuen Kwai, Louis Leterrier;['Action', 'Crime', 'Thriller'];English;3.09;92
Conquest of the Earth;nan;Sidney Hayers, Sigmund Neufeld Jr.;['Adventure', 'Science Fiction', 'TV Movie'];English;3.01;96
Felony;nan;Matthew Saville;['Thriller', 'Mystery', 'Crime'];English;3.09;105
Everything Must Go;nan;Dan Rush;['Romance', 'Drama', 'Comedy'];English;3.05;97
The Amityville Horror;nan;Stuart Rosenberg;['Horror'];English;2.98;118
Doomed Megalopolis;nan;Kazuyoshi Katayama, Rintaro;['Animation'];Japanese;3.31;184
The Pirates;nan;Lee Suk-hoon;['Comedy', 'Action', 'Fantasy', 'Adventure'];Korean;3.09;130
D.E.B.S.;nan;Angela Robinson;['Comedy', 'Romance', 'Action'];English;3.7;91
American Flyers;nan;John Badham;['Drama'];English;3.31;113
Psych-Out;nan;Richard Rush;['Music', 'Drama', 'Thriller'];English;3.14;101
Analyze This;nan;Harold Ramis;['Crime', 'Comedy'];English;3.31;103
Above the Rim;nan;Jeff Pollack;['Crime', 'Drama', 'Thriller'];English;3.28;96
The Faculty;nan;Robert Rodriguez;['Horror', 'Mystery', 'Science Fiction'];English;3.35;104
Appleseed;nan;Shinji Aramaki;['Animation', 'Science Fiction', 'Action'];Japanese;3.18;101
Treasure Island;nan;Steve Barron;['Drama'];English;3.14;180
Dracula's Daughter;nan;Lambert Hillyer;['Drama', 'Horror', 'Fantasy'];English;3.23;68
Rambo;nan;Sylvester Stallone;['Action', 'War', 'Thriller'];English;3.12;92
Lemony Snicket's A Series of Unfortunate Events;nan;Brad Silberling;['Family', 'Adventure', 'Comedy'];English;3.3;108
Marley & Me;nan;David Frankel;['Comedy', 'Family'];English;3.37;115
The Dogs of War;nan;John Irvin;['Adventure', 'Action', 'Thriller'];English;3.21;118
Hot Shots! Part Deux;nan;Jim Abrahams;['Comedy', 'War', 'Action'];English;3.22;86
The Kiss of the Vampire;nan;Don Sharp;['Horror'];English;3.03;89
The Great Bear;nan;Esben Toft Jacobsen;['Animation', 'Adventure', 'Fantasy', 'Family'];Danish;3.07;75
Sinbad and the Eye of the Tiger;nan;Sam Wanamaker;['Fantasy', 'Adventure', 'Family', 'Science Fiction', 'Action'];English;3.16;113
The Matrix Reloaded;nan;Lilly Wachowski, Lana Wachowski;['Thriller', 'Action', 'Science Fiction', 'Adventure'];English;3.38;138
Ninja III: The Domination;nan;Sam Firstenberg;['Fantasy', 'Horror', 'Action'];English;3.1;92
Godzilla 1985;nan;Koji Hashimoto, R.J. Kizer;['Science Fiction', 'Action', 'Thriller'];English;3.13;87
Shooter;nan;Antoine Fuqua;['Thriller', 'Drama', 'Action'];English;3.18;124
The Hunger Games: Mockingjay – Part 1;nan;Francis Lawrence;['Thriller', 'Science Fiction', 'Adventure'];English;3.28;123
Electric Dreams;nan;Steve Barron;['Science Fiction', 'Comedy', 'Music'];English;3.36;96
Mars Attacks!;nan;Tim Burton;['Science Fiction', 'Fantasy', 'Comedy'];English;3.24;106
Goliath and the Dragon;nan;Vittorio Cottafavi;['Adventure', 'Fantasy', 'Action'];Italian;3.16;87
A Better Tomorrow III: Love and Death in Saigon;nan;Tsui Hark;['Action', 'Crime', 'Thriller'];Cantonese;3.37;119
Home Alone 2: Lost in New York;nan;Chris Columbus;['Comedy', 'Family', 'Adventure'];English;3.53;120
Marvin's Room;nan;Jerry Zaks;['Drama'];English;3.27;98
Heaven & Earth;nan;Oliver Stone;['History', 'Drama', 'War'];English;3.33;140
Hannie Caulder;nan;Burt Kennedy;['Crime', 'Drama', 'Western'];English;3.21;85
Trance;nan;Danny Boyle;['Thriller', 'Drama', 'Mystery', 'Crime'];English;3.14;101
Interview;nan;Steve Buscemi;['Drama'];English;3.25;84
Wicked City;nan;Yoshiaki Kawajiri;['Fantasy', 'Horror', 'Animation', 'Action'];Japanese;3.18;82
Elizabeth: The Golden Age;nan;Shekhar Kapur;['Drama', 'Romance', 'History'];English;3.29;114
The Hills Have Eyes;nan;Wes Craven;['Thriller', 'Horror'];English;3.1;90
Pee-wee's Big Holiday;nan;John Lee;['Comedy', 'Family', 'Adventure'];English;2.95;89
The Holiday;nan;Nancy Meyers;['Comedy', 'Romance'];English;3.56;136
The Invisible Man Returns;nan;Joe May;['Science Fiction', 'Mystery', 'Thriller', 'Horror'];English;3.2;81
Can't Buy Me Love;nan;Steve Rash;['Comedy', 'Romance', 'Drama'];English;3.22;94
Journey to Shiloh;nan;William Hale;['Western', 'Drama', 'War'];English;3.04;101
Wyrmwood: Road of the Dead;nan;Kiah Roache-Turner;['Action', 'Horror', 'Comedy'];English;3.09;98
The Kingdom;nan;Peter Berg;['Drama', 'Action', 'Thriller'];English;3.18;110
Raw Force;nan;Edward D. Murphy;['Action', 'Horror', 'Adventure'];English;2.97;86
Thrashin';nan;David Winters;['Action', 'Drama'];English;3.12;93
Legend;nan;Brian Helgeland;['Crime', 'Thriller'];English;3.25;132
Blood: The Last Vampire;nan;Hiroyuki Kitakubo;['Fantasy', 'Animation', 'Horror'];Japanese;3.34;48
Almost Dead;nan;Ruben Preuss;['Thriller', 'Mystery', 'Horror'];English;nan;92
The New York Ripper;nan;Lucio Fulci;['Crime', 'Mystery', 'Horror', 'Thriller'];Italian;3.31;93
Insidious;nan;James Wan;['Horror', 'Thriller'];English;3.23;102
Go West: A Lucky Luke Adventure;nan;Olivier Jean-Marie;['Adventure', 'Animation', 'Comedy', 'Western'];French;3.39;90
Death Note;nan;Shusuke Kaneko;['Mystery', 'Thriller', 'Fantasy'];Japanese;3.13;126
God Help the Girl;nan;Stuart Murdoch;['Drama', 'Comedy', 'Music'];English;3.31;111
Everest;nan;Baltasar Kormákur;['Drama', 'History', 'Adventure'];English;3.22;121
Big Eyes;nan;Tim Burton;['Drama'];English;3.37;106
Ghost in the Shell: The New Movie;nan;Kazuya Nomura, Kazuchika Kise;['Science Fiction', 'Animation'];Japanese;3.29;100
DuckTales: The Movie – Treasure of the Lost Lamp;nan;Bob Hathcock;['Family', 'Fantasy', 'Adventure', 'Comedy', 'Animation'];English;3.26;74
Aqua Teen Hunger Force Colon Movie Film for Theaters;nan;Matt Maiellaro, Dave Willis;['Comedy', 'Adventure', 'Fantasy', 'Science Fiction', 'Animation', 'Action'];English;3.44;86
Star Trek III: The Search for Spock;nan;Leonard Nimoy;['Science Fiction', 'Action', 'Thriller', 'Adventure'];English;3.26;105
Merlin;nan;Steve Barron;['Family'];English;3.31;182
The Blob;nan;Irvin S. Yeaworth Jr.;['Science Fiction', 'Horror'];English;3.06;82
The Desert Rats;nan;Robert Wise;['War', 'Action'];English;3.3;88
Belly;nan;Hype Williams;['Drama', 'Crime'];English;3.64;96
Preacherman;nan;Albert T. Viola;['Comedy', 'Drama'];English;nan;87
Hulk vs. Wolverine;nan;Frank Paur;['Science Fiction', 'Adventure', 'Action', 'Fantasy', 'Animation'];English;3.28;38
Invasion of Astro-Monster;nan;Ishirō Honda;['Action', 'Science Fiction'];Japanese;3.2;96
The Story of Robin Hood and His Merrie Men;nan;Ken Annakin;['Adventure', 'Action'];English;3.04;84
Seraphim Falls;nan;David Von Ancken;['Drama', 'Western', 'Action'];English;3.18;115
Night Shift;nan;Ron Howard;['Comedy'];English;3.23;106
Once Upon a Time in China and America;nan;Sammo Hung Kam-Bo;['Western', 'Action'];Cantonese;3.1;102
Flight of the Navigator;nan;Randal Kleiser;['Science Fiction', 'Family', 'Adventure'];English;3.32;90
The Boondock Saints;nan;Troy Duffy;['Action', 'Thriller', 'Crime'];English;3.4;108
The Last: Naruto the Movie;nan;Tsuneo Kobayashi;['Action', 'Animation', 'Romance'];Japanese;3.44;114
Captain Underpants: The First Epic Movie;nan;David Soren;['Family', 'Animation', 'Comedy', 'Action'];English;3.02;89
BraveStarr: The Legend;nan;Tom Tataranowicz;['Action', 'Science Fiction', 'Western', 'Animation'];English;3.33;91
Mallrats;nan;Kevin Smith;['Romance', 'Comedy'];English;3.39;94
The Duchess;nan;Saul Dibb;['History', 'Romance', 'Drama'];English;3.35;110
TPB AFK: The Pirate Bay - Away from Keyboard;nan;Simon Klose;['Documentary', 'Crime'];Swedish;3.47;82
Bridge to Terabithia;nan;Gábor Csupó;['Family', 'Adventure', 'Drama'];English;3.66;96
Ju-on: The Grudge;nan;Takashi Shimizu;['Horror'];Japanese;3.39;92
Man Up;nan;Ben Palmer;['Comedy', 'Romance'];English;3.3;88
Brave Story;nan;Koichi Chigira, Mahiro Maeda;['Animation', 'Mystery', 'Adventure', 'Fantasy'];Japanese;3.38;112
Cool Runnings;nan;Jon Turteltaub;['Adventure', 'Drama', 'Comedy'];English;3.53;98
Furious 7;nan;James Wan;['Action', 'Thriller', 'Crime'];English;3.27;137
Night of the Living Dead;nan;Tom Savini;['Horror'];English;3.4;88
While We're Young;nan;Noah Baumbach;['Comedy', 'Drama', 'Mystery'];English;3.27;97
Defiance;nan;Edward Zwick;['War', 'Drama', 'Action', 'History'];English;3.36;137
Seven Pounds;nan;Gabriele Muccino;['Drama'];English;3.43;123
What If;nan;Michael Dowse;['Drama', 'Romance', 'Comedy'];English;3.25;98
Turok: Son of Stone;nan;Dan Riba, Frank Squillace;['Action', 'Animation', 'Science Fiction'];English;3.23;73
Bloodsport;nan;Newt Arnold;['Drama', 'Action', 'Thriller'];English;3.37;92
Cry-Baby;nan;John Waters;['Comedy', 'Romance'];English;3.31;85
Afro Samurai: Resurrection;nan;Fuminori Kizaki;['TV Movie', 'Animation', 'Fantasy', 'Science Fiction', 'Adventure', 'Action', 'Drama'];English;3.5;101
Cannon Fodder;nan;Katsuhiro Otomo;['Animation', 'Science Fiction', 'War'];Japanese;3.64;22
The ABCs of Death;nan;Hélène Cattet, Jorge Michel Grau;['Horror'];English;2.47;129
Voyage of Time: The IMAX Experience;nan;Terrence Malick;['Documentary'];English;3.45;45
To the Wonder;nan;Terrence Malick;['Drama', 'Romance'];English;3.28;112
Vampire Academy;nan;Mark Waters;['Action', 'Comedy', 'Fantasy'];English;2.37;104
The Death of Stalin;nan;Armando Iannucci;['Drama', 'Comedy', 'History'];English;3.78;107
A Perfect Day;nan;Fernando León de Aranoa;['Drama', 'War', 'Comedy'];English;3.49;106
There Be Dragons;nan;Roland Joffé;['War', 'History', 'Drama'];English;2.83;112
A Most Wanted Man;nan;Anton Corbijn;['Thriller'];English;3.42;121
Passion;nan;Brian De Palma;['Mystery', 'Thriller', 'Drama', 'Crime'];English;2.89;101
The Time Traveler's Wife;nan;Robert Schwentke;['Drama', 'Fantasy', 'Romance'];English;3.13;108
The Vow;nan;Michael Sucsy;['Romance', 'Drama'];English;3.06;104
Every Thing Will Be Fine;nan;Wim Wenders;['Drama'];English;2.74;118
The Family Stone;nan;Thomas Bezucha;['Romance', 'Comedy', 'Drama'];English;3.09;103
Morning Glory;nan;Roger Michell;['Drama', 'Romance', 'Comedy'];English;3.06;107
The Lucky Ones;nan;Neil Burger;['History', 'Drama', 'Comedy'];English;3.15;113
Ghidorah, the Three-Headed Monster;nan;Ishirō Honda;['Action', 'Thriller', 'Science Fiction', 'Fantasy'];Japanese;3.39;92
Dreams;nan;Akira Kurosawa;['Drama', 'Fantasy'];Japanese;4.21;119
Matango;nan;Ishirō Honda;['Drama', 'Horror', 'Science Fiction', 'Thriller', 'Fantasy', 'Mystery'];Japanese;3.38;89
Frankenstein Conquers the World;nan;Ishirō Honda;['Horror', 'Science Fiction'];Japanese;3.08;90
Varan the Unbelievable;nan;Jerry A. Baerwitz, Ishirō Honda;['Horror', 'Science Fiction'];English;2.35;70
The Mysterians;nan;Ishirō Honda;['Action', 'Science Fiction', 'Drama', 'Thriller', 'War'];Japanese;3.09;89
Space Amoeba;nan;Ishirō Honda;['Adventure', 'Horror', 'Science Fiction'];Japanese;2.94;84
The War of the Gargantuas;nan;Ishirō Honda;['Science Fiction', 'Action', 'Horror'];Japanese;3.19;88
The H-Man;nan;Ishirō Honda;['Science Fiction', 'Horror'];Japanese;3.04;87
Mothra;nan;Ishirō Honda;['Science Fiction', 'Adventure', 'Fantasy'];Japanese;3.5;101
Rodan;nan;Ishirō Honda;['Science Fiction', 'Horror'];Japanese;3.21;72
Battle in Outer Space;nan;Ishirō Honda;['Action', 'Science Fiction'];Japanese;2.93;90
Gorath;nan;Ishirō Honda;['Thriller', 'Action', 'Science Fiction'];Japanese;2.91;88
Atragon;nan;Ishirō Honda;['Fantasy', 'Action', 'Science Fiction', 'Adventure'];Japanese;2.95;96
Latitude Zero;nan;Ishirō Honda;['Action', 'Adventure', 'Science Fiction'];English;3.13;89
The Human Vapor;nan;Ishirō Honda;['Crime', 'Science Fiction', 'Thriller', 'Drama', 'Romance', 'Horror'];Japanese;3.36;92
Half Human;nan;Ishirō Honda;['Science Fiction', 'Adventure', 'Horror'];Japanese;2.86;94
Destroy All Monsters;nan;Ishirō Honda;['Science Fiction', 'Action'];Japanese;3.28;89
All the King's Men;nan;Robert Rossen;['Drama'];English;3.62;109
Body and Soul;nan;Robert Rossen;['Drama'];English;3.76;104
Lilith;nan;Robert Rossen;['Drama', 'Thriller', 'Romance'];English;3.47;114
Johnny O'Clock;nan;Robert Rossen;['Crime', 'Drama'];English;3.31;95
The Big Sleep;nan;Howard Hawks;['Thriller', 'Crime', 'Mystery'];English;3.97;114
Gentlemen Prefer Blondes;nan;Howard Hawks;['Romance', 'Comedy'];English;3.84;91
Red River;nan;Howard Hawks;['Western'];English;4.0;133
Only Angels Have Wings;nan;Howard Hawks;['Drama', 'Romance', 'Adventure'];English;4.09;121
To Have and Have Not;nan;Howard Hawks;['Adventure', 'Romance', 'War'];English;3.9;100
Ball of Fire;nan;Howard Hawks;['Romance', 'Comedy', 'Crime'];English;3.95;111
Rio Lobo;nan;Howard Hawks;['Western'];English;3.31;116
Man's Favorite Sport?;nan;Howard Hawks;['Comedy', 'Romance'];English;3.6;120
Sergeant York;nan;Howard Hawks;['War', 'Drama'];English;3.56;134
April 9th;nan;Roni Ezra;['Drama', 'War', 'History'];Danish;3.38;93
Mamma Mia!;nan;Phyllida Lloyd;['Comedy', 'Romance'];English;3.82;108
Dinner for One;nan;Heinz Dunkhase;['Comedy'];English;3.67;18
Identity;nan;nan;['Drama'];English;2.95;5
The Pavement;nan;Taylor Engel;nan;English;3.53;4
The Birch;nan;Ben Franklin, Anthony Melton;['Horror', 'Fantasy'];English;3.25;4
Toy Masters;nan;Roger Lay, Jr., Corey Landis;['Documentary'];English;nan;105
Rewind This!;nan;Josh Johnson;['Documentary'];English;3.47;94
Next Floor;nan;Denis Villeneuve;['Comedy'];English;3.62;12
The Gunfighter;nan;Eric Kissack;['Western', 'Comedy'];English;3.7;9
Time Trap;nan;Michael Shanks;['Adventure', 'Comedy', 'Science Fiction'];English;3.3;8
Alone Time;nan;Rod Blackhurst;['Thriller', 'Drama', 'Adventure'];English;3.11;12
Rad;nan;Hal Needham;['Drama', 'Family'];English;3.24;93
Explorers;nan;Joe Dante;['Adventure', 'Family', 'Science Fiction'];English;3.2;109
Better Off Dead...;nan;Savage Steve Holland;['Romance', 'Comedy'];English;3.55;97
My Girl;nan;Howard Zieff;['Comedy', 'Drama'];English;3.71;103
Bicycle Thieves;nan;Vittorio De Sica;['Drama'];Italian;4.3;89
The Kid with a Bike;nan;Luc Dardenne, Jean-Pierre Dardenne;['Drama'];French;3.89;87
Wadjda;nan;Haifaa al-Mansour;['Drama'];Arabic;3.81;98
Frog Dreaming;nan;Brian Trenchard-Smith, Russell Hagg;['Drama', 'Adventure', 'Family'];English;2.93;93
The Paper Brigade;nan;Blair Treu;['Comedy', 'TV Movie', 'Adventure', 'Family'];English;3.14;90
Golden Boy;nan;Hiroyuki Kitakubo, Yasuhito Kikuchi;['Comedy', 'Animation'];Japanese;3.95;180
Hot Rod;nan;Akiva Schaffer;['Action', 'Comedy'];English;3.54;88
Tuff Turf;nan;Fritz Kiersch;['Drama', 'Romance', 'Action'];English;3.0;112
Dead Times;nan;René Laloux;['Animation', 'Drama'];French;3.52;10
I've Heard the Mermaids Singing;nan;Patricia Rozema;['Comedy', 'Drama'];English;3.56;81
The Commissar;nan;Aleksandr Askoldov;['Drama', 'War'];Russian;3.81;110
Pretty Poison;nan;Noel Black;['Thriller', 'Crime', 'Drama', 'Romance'];English;3.56;89
Private School;nan;Noel Black;['Comedy', 'Romance'];English;2.58;89
Skaterdater;nan;Noel Black;['Romance', 'Drama'];English;3.56;17
Mother;nan;Vsevolod Pudovkin;['Drama'];No spoken language;3.76;87
High School;nan;Frederick Wiseman;['Documentary'];English;3.88;75
Shoeshine;nan;Vittorio De Sica;['Drama'];Italian;4.06;91
Marat/Sade;nan;Peter Brook;['Music', 'Drama', 'History'];English;3.97;116
Suddenly;nan;Lewis Allen;['Crime', 'Thriller'];English;3.29;77
Freeway;nan;Matthew Bright;['Comedy', 'Drama', 'Thriller'];English;3.48;102
Permanent Midnight;nan;David Veloz;['Drama'];English;3.1;88
Behind Enemy Lines;nan;John Moore;['Drama', 'War', 'Action', 'Thriller'];English;2.99;106
Diner;nan;Barry Levinson;['Comedy', 'Drama'];English;3.56;110
The Natural;nan;Barry Levinson;['Drama'];English;3.54;137
Bugsy;nan;Barry Levinson;['Drama', 'Crime', 'Mystery'];English;3.34;136
Disclosure;nan;Barry Levinson;['Drama', 'Crime', 'Thriller'];English;2.85;128
Liberty Heights;nan;Barry Levinson;['Drama'];English;3.41;127
Jimmy Hollywood;nan;Barry Levinson;['Comedy'];English;2.71;112
Three O'Clock High;nan;Phil Joanou;['Comedy'];English;3.53;99
Final Analysis;nan;Phil Joanou;['Romance', 'Drama', 'Thriller'];English;2.84;124
State of Grace;nan;Phil Joanou;['Thriller', 'Drama', 'Crime'];English;3.6;135
Gridiron Gang;nan;Phil Joanou;['Crime', 'Drama'];English;3.25;125
Sex and the Single Girl;nan;Richard Quine;['Romance', 'Comedy'];English;3.21;110
How to Murder Your Wife;nan;Richard Quine;['Comedy'];English;2.93;118
Bell, Book and Candle;nan;Richard Quine;['Fantasy', 'Romance', 'Comedy'];English;3.44;106
It Happened to Jane;nan;Richard Quine;['Romance', 'Comedy'];English;3.22;97
The Notorious Landlady;nan;Richard Quine;['Mystery', 'Comedy'];English;3.36;123
The World of Suzie Wong;nan;Richard Quine;['Romance', 'Drama'];English;3.22;126
Drive a Crooked Road;nan;Richard Quine;['Crime', 'Thriller'];English;3.58;83
Pushover;nan;Richard Quine;['Crime', 'Thriller', 'Drama'];English;3.53;88
The Solid Gold Cadillac;nan;Richard Quine;['Romance', 'Comedy'];English;3.51;99
The Fiendish Plot of Dr. Fu Manchu;nan;Piers Haggard;['Comedy', 'Horror', 'Crime'];English;2.7;108
Hotel;nan;Richard Quine;['Drama'];English;3.25;124
Operation Mad Ball;nan;Richard Quine;['War', 'Comedy'];English;3.24;105
Little Darlings;nan;Ronald F. Maxwell;['Comedy', 'Drama'];English;3.45;95
The Night the Lights Went Out in Georgia;nan;Ronald F. Maxwell;['Music', 'Drama', 'Comedy'];English;3.16;112
The Parent Trap II;nan;Ronald F. Maxwell;['TV Movie', 'Comedy', 'Family'];English;2.8;81
Copperhead;nan;Ronald F. Maxwell;['History', 'War', 'Drama'];English;nan;120
Gods and Generals;nan;Ronald F. Maxwell;['History', 'War', 'Drama'];English;2.68;219
Valley Girl;nan;Martha Coolidge;['Romance', 'Comedy'];English;3.14;99
Real Genius;nan;Martha Coolidge;['Comedy', 'Romance', 'Science Fiction'];English;3.48;106
Lost in Yonkers;nan;Martha Coolidge;['Drama'];English;3.29;114
Rambling Rose;nan;Martha Coolidge;['Drama'];English;3.17;112
If These Walls Could Talk 2;nan;Jane Anderson, Martha Coolidge;['Romance', 'Drama'];English;3.38;96
The Prince & Me;nan;Martha Coolidge;['Comedy', 'Romance'];English;2.73;111
Material Girls;nan;Martha Coolidge;['Comedy', 'Romance', 'Family'];English;2.44;97
Introducing Dorothy Dandridge;nan;Martha Coolidge;['Drama', 'TV Movie'];English;3.44;115
Out to Sea;nan;Martha Coolidge;['Comedy', 'Romance'];English;2.81;106
Plain Clothes;nan;Martha Coolidge;['Comedy', 'Action', 'Crime', 'Romance', 'Thriller', 'Mystery'];English;3.18;98
Joy of Sex;nan;Martha Coolidge;['Comedy', 'Romance'];English;2.5;93
Bare Essentials;nan;Martha Coolidge;['TV Movie', 'Comedy'];English;nan;94
Angie;nan;Martha Coolidge;['Drama', 'Romance', 'Comedy'];English;3.03;108
Jim, the World's Greatest;nan;Craig Mitchell, Don Coscarelli;['Drama'];English;nan;94
Survival Quest;nan;Don Coscarelli;['Adventure', 'Action'];English;3.16;96
Kenny & Company;nan;Don Coscarelli;['Drama', 'Comedy'];English;3.58;90
Phantasm III: Lord of the Dead;nan;Don Coscarelli;['Horror', 'Action', 'Science Fiction'];English;3.01;91
A Bucket of Blood;nan;Roger Corman;['Horror', 'Comedy'];English;3.56;66
The Masque of the Red Death;nan;Roger Corman;['Drama', 'Horror'];English;3.62;90
The Pit and the Pendulum;nan;Roger Corman;['Mystery', 'Drama', 'Horror'];English;3.53;80
House of Usher;nan;Roger Corman;['Drama', 'Horror'];English;3.49;79
The Little Shop of Horrors;nan;Roger Corman;['Horror', 'Fantasy', 'Comedy'];English;3.19;72
X: The Man with the X-Ray Eyes;nan;Roger Corman;['Science Fiction', 'Horror', 'Thriller'];English;3.45;79
The Trip;nan;Roger Corman;['Drama'];English;3.33;85
Tales of Terror;nan;Roger Corman;['Comedy', 'Thriller', 'Horror', 'Mystery'];English;3.34;89
The Haunted Palace;nan;Roger Corman;['Horror'];English;3.48;87
The Tomb of Ligeia;nan;Roger Corman;['Horror'];English;3.27;81
The Terror;nan;Roger Corman;['Mystery', 'Horror'];English;2.74;79
The Raven;nan;Roger Corman;['Fantasy', 'Comedy', 'Horror', 'Drama'];English;3.24;86
The Wild Angels;nan;Roger Corman;['Action', 'Drama'];English;3.04;87
The Intruder;nan;Roger Corman;['Drama'];English;3.81;84
The Premature Burial;nan;Roger Corman;['Horror'];English;3.22;81
Creature from the Haunted Sea;nan;Roger Corman;['Horror', 'Comedy'];English;2.16;61
Bloody Mama;nan;Roger Corman;['Drama', 'Crime'];English;3.04;90
Frankenstein Unbound;nan;Roger Corman;['Horror', 'Science Fiction'];English;2.83;85
The Wasp Woman;nan;Roger Corman;['Horror', 'Science Fiction'];English;2.57;61
The Rocketeer;nan;Joe Johnston;['Science Fiction', 'Adventure', 'Family', 'Action'];English;3.41;108
A Prophet;nan;Jacques Audiard;['Crime', 'Drama'];French;4.17;155
Breach;nan;Billy Ray;['Thriller', 'Drama', 'Crime', 'History'];English;3.37;110
Naked;nan;Mike Leigh;['Comedy', 'Drama'];English;4.05;131
Naked;nan;Doris Dörrie;['Drama', 'Comedy'];German;3.13;100
Top Secret!;nan;Jim Abrahams, David Zucker;['Comedy'];English;3.72;90
The Best Years of Our Lives;nan;William Wyler;['Drama', 'Romance', 'War'];English;4.23;171
Funny Girl;nan;William Wyler;['Romance', 'Comedy', 'Drama'];English;3.93;155
The Last Castle;nan;Rod Lurie;['Thriller', 'Drama', 'Action'];English;3.31;131
Straw Dogs;nan;Rod Lurie;['Drama', 'Thriller'];English;2.68;110
Deterrence;nan;Rod Lurie;['Drama', 'Thriller', 'Action', 'Mystery'];English;3.24;101
Killing Reagan;nan;Rod Lurie;['TV Movie', 'Drama'];English;nan;100
Resurrecting the Champ;nan;Rod Lurie;['Drama'];English;3.11;112
Nothing But the Truth;nan;Rod Lurie;['Drama', 'Thriller'];English;3.36;108
Amanda Knox;nan;Rod Blackhurst, Brian McGinn;['Crime', 'Documentary'];English;3.34;92
Here Alone;nan;Rod Blackhurst;['Thriller', 'Horror', 'Science Fiction'];English;2.81;97
Night Swim;nan;Rod Blackhurst, Bryce McGuire;['Horror'];English;2.81;4
Secret in Their Eyes;nan;Billy Ray;['Mystery', 'Crime', 'Thriller'];English;2.83;111
The Last Seduction;nan;John Dahl;['Drama', 'Romance', 'Thriller', 'Crime'];English;3.56;110
Before the Devil Knows You're Dead;nan;Sidney Lumet;['Crime', 'Drama', 'Thriller'];English;3.72;117
The Wiz;nan;Sidney Lumet;['Adventure', 'Music', 'Fantasy'];English;3.36;134
The Rules of Attraction;nan;Roger Avary;['Drama', 'Comedy', 'Romance'];English;3.32;110
Killing Zoe;nan;Roger Avary;['Crime', 'Action', 'Drama', 'Thriller'];English;3.2;96
Sullivan's Travels;nan;Preston Sturges;['Comedy', 'Romance', 'Adventure'];English;3.99;91
The Lady Eve;nan;Preston Sturges;['Romance', 'Comedy'];English;3.96;97
The Palm Beach Story;nan;Preston Sturges;['Comedy', 'Romance'];English;3.8;88
Unfaithfully Yours;nan;Preston Sturges;['Romance', 'Comedy'];English;3.8;105
Larry Crowne;nan;Tom Hanks;['Romance', 'Comedy', 'Drama'];English;2.73;98
Mystic River;nan;Clint Eastwood;['Thriller', 'Mystery', 'Crime', 'Drama'];English;3.85;138
The Hudsucker Proxy;nan;Joel Coen;['Drama', 'Fantasy', 'Comedy'];English;3.69;111
Four Lions;nan;Chris Morris;['Crime', 'Drama', 'Comedy'];English;3.89;97
The Lost Weekend;nan;Billy Wilder;['Drama'];English;3.98;101
Harold and Maude;nan;Hal Ashby;['Drama', 'Comedy', 'Romance'];English;4.11;91
Betty Blue;nan;Jean-Jacques Beineix;['Romance', 'Drama'];French;3.89;120
The Beguiled;nan;Don Siegel;['Drama', 'Thriller', 'War'];English;3.7;105
Big Wednesday;nan;John Milius;['Drama', 'Comedy'];English;3.74;120
Breakin';nan;Joel Silberg;['Music', 'Romance', 'Drama'];English;3.11;90
Cockfighter;nan;Monte Hellman;['Drama'];English;3.58;83
The Ghost and Mrs. Muir;nan;Joseph L. Mankiewicz;['Fantasy', 'Romance', 'Drama'];English;3.91;105
The Girl on a Motorcycle;nan;Jack Cardiff;['Romance', 'Drama', 'Action', 'Thriller'];English;2.91;91
House of Games;nan;David Mamet;['Drama', 'Crime', 'Thriller'];English;3.71;102
Ghosts... of the Civil Dead;nan;John Hillcoat;['Crime', 'Drama'];English;3.58;93
Far from Heaven;nan;Todd Haynes;['Drama', 'Romance'];English;3.82;107
Hush... Hush, Sweet Charlotte;nan;Robert Aldrich;['Horror', 'Mystery', 'Thriller'];English;3.71;133
Light Sleeper;nan;Paul Schrader;['Drama', 'Crime'];English;3.7;103
Going Places;nan;Bertrand Blier;['Comedy', 'Drama'];French;3.48;117
Martin;nan;George A. Romero;['Drama', 'Horror'];English;3.73;95
The Naked Kiss;nan;Samuel Fuller;['Crime', 'Drama'];English;3.82;93
Mudhoney;nan;Russ Meyer;['Drama'];English;3.36;92
Mommie Dearest;nan;Frank Perry;['Drama'];English;3.4;128
To Sleep with Anger;nan;Charles Burnett;['Drama'];English;3.9;101
Walk on the Wild Side;nan;Edward Dmytryk;['Drama'];English;3.31;114
A Woman Under the Influence;nan;John Cassavetes;['Drama'];English;4.4;155
Wise Blood;nan;John Huston;['Comedy', 'Drama'];English;3.55;106
The Wild One;nan;László Benedek;['Drama'];English;3.29;79
Spanking the Monkey;nan;David O. Russell;['Drama', 'Comedy'];English;3.19;106
I ♥ Huckabees;nan;David O. Russell;['Comedy', 'Romance'];English;3.36;106
Accidental Love;nan;David O. Russell;['Comedy', 'Romance'];English;1.98;100
Flirting with Disaster;nan;David O. Russell;['Comedy'];English;3.44;93
Daddy Longlegs;nan;Benny Safdie, Josh Safdie;['Drama', 'Comedy'];English;3.79;99
Black Robe;nan;Bruce Beresford;['Adventure', 'Drama', 'History'];English;3.38;101
Cinderella;nan;Hamilton Luske, Clyde Geronimi;['Fantasy', 'Animation', 'Family', 'Romance'];English;3.53;74
The Cranes Are Flying;nan;Mikhail Kalatozov;['Romance', 'War', 'Drama'];Russian;4.43;97
Dogma;nan;Kevin Smith;['Adventure', 'Comedy', 'Fantasy'];English;3.52;130
A Double Life;nan;George Cukor;['Drama', 'Thriller'];English;3.57;104
Dog Soldiers;nan;Neil Marshall;['Thriller', 'Action', 'Horror'];English;3.37;105
F for Fake;nan;Orson Welles;['Documentary'];French;4.2;89
Faces;nan;John Cassavetes;['Drama'];English;3.92;130
Following;nan;Christopher Nolan;['Drama', 'Thriller'];English;3.48;69
Freaked;nan;Alex Winter, Tom Stern;['Science Fiction', 'Comedy', 'Horror'];English;3.58;80
Heavy Traffic;nan;Ralph Bakshi;['Comedy', 'Drama', 'Animation'];English;3.49;76
The Real Blonde;nan;Tom DiCillo;['Romance', 'Comedy', 'Drama'];English;3.06;105
Johnny Suede;nan;Tom DiCillo;['Romance', 'Comedy'];English;3.02;97
When You're Strange;nan;Tom DiCillo;['Music', 'Documentary'];English;3.73;86
Box of Moonlight;nan;Tom DiCillo;['Comedy', 'Drama'];English;3.55;112
Delirious;nan;Tom DiCillo;['Romance', 'Drama', 'Comedy'];English;3.19;107
Simon Killer;nan;Antonio Campos;['Drama', 'Thriller'];English;3.38;105
The Eyes of My Mother;nan;Nicolas Pesce;['Drama', 'Horror'];English;3.37;76
James White;nan;Josh Mond;['Drama'];English;3.77;87
Mary Last Seen;nan;Sean Durkin;['Drama'];English;3.33;14
Martha Marcy May Marlene;nan;Sean Durkin;['Thriller', 'Drama'];English;3.61;101
The Lost Skeleton Returns Again;nan;Larry Blamire;['Comedy', 'Horror'];English;3.33;93
Dark and Stormy Night;nan;Larry Blamire;['Mystery', 'Comedy', 'Thriller', 'Horror'];English;3.46;93
Trail of the Screaming Forehead;nan;Larry Blamire;['Comedy', 'Science Fiction'];English;3.16;81
After Life;nan;Hirokazu Kore-eda;['Fantasy', 'Drama'];Japanese;4.15;118
Like Father, Like Son;nan;Hirokazu Kore-eda;['Drama'];Japanese;4.17;120
Our Little Sister;nan;Hirokazu Kore-eda;['Drama'];Japanese;4.1;127
Still Walking;nan;Hirokazu Kore-eda;['Drama', 'Family'];Japanese;4.33;114
Nobody Knows;nan;Hirokazu Kore-eda;['Drama'];Japanese;4.38;141
I Wish;nan;Hirokazu Kore-eda;['Drama'];Japanese;3.92;127
Distance;nan;Hirokazu Kore-eda;['Drama'];Japanese;3.63;132
Prince of the City;nan;Sidney Lumet;['Crime', 'Thriller', 'Drama'];English;3.81;167
It's Complicated;nan;Nancy Meyers;['Romance', 'Comedy'];English;3.07;121
Any Given Sunday;nan;Oliver Stone;['Drama'];English;3.4;163
Airport;nan;George Seaton;['Drama', 'Thriller', 'Action'];English;3.2;137
Bachelor Party;nan;Neal Israel;['Comedy'];English;2.93;105
Bad Boys;nan;Michael Bay;['Comedy', 'Action', 'Thriller', 'Crime'];English;3.24;119
Black Dog;nan;Kevin Hooks;['Action'];English;2.73;88
Black Dragons;nan;William Nigh;['War', 'Horror'];English;2.58;64
The Car;nan;Elliot Silverstein;['Action', 'Thriller', 'Mystery', 'Horror'];English;3.05;96
Charlie's Angels;nan;McG;['Thriller', 'Crime', 'Adventure', 'Comedy', 'Action'];English;3.16;98
City Hall;nan;Harold Becker;['Thriller', 'Drama'];English;2.93;111
The Family Man;nan;Brett Ratner;['Romance', 'Fantasy', 'Drama', 'Comedy'];English;3.29;125
Fantastic Four;nan;Josh Trank;['Science Fiction', 'Adventure', 'Action'];English;1.34;100
Fun with Dick and Jane;nan;Dean Parisot;['Comedy', 'Crime'];English;2.87;90
Grumpy Old Men;nan;Donald Petrie;['Comedy'];English;3.36;103
Home Alone;nan;Chris Columbus;['Family', 'Comedy'];English;3.83;103
I, Robot;nan;Alex Proyas;['Action', 'Science Fiction'];English;3.17;115
Jingle All the Way;nan;Brian Levant;['Adventure', 'Comedy', 'Family'];English;2.91;89
Joe Kidd;nan;John Sturges;['Western'];English;3.13;88
Johnny Dangerously;nan;Amy Heckerling;['Comedy', 'Crime'];English;3.21;90
King Kong;nan;Ernest B. Schoedsack, Merian C. Cooper;['Adventure', 'Fantasy', 'Horror'];English;3.85;104
King Ralph;nan;David S. Ward;['Comedy'];English;2.7;97
McLintock!;nan;Andrew V. McLaglen;['Western', 'Comedy'];English;3.19;127
RoboCop;nan;José Padilha;['Action', 'Science Fiction', 'Crime'];English;2.36;118
The Santa Clause 2;nan;Michael Lembeck;['Fantasy', 'Comedy', 'Family'];English;2.78;104
The Seven-Ups;nan;Philip D'Antoni;['Drama', 'Action', 'Crime', 'Thriller'];English;3.43;103
Volcano;nan;Mick Jackson;['Science Fiction', 'Drama', 'Action', 'Thriller'];English;2.61;104
War-Gods of the Deep;nan;Jacques Tourneur;['Horror', 'Adventure', 'Science Fiction'];English;2.75;84
WarGames;nan;John Badham;['Thriller', 'Science Fiction', 'Drama'];English;3.5;114
Wag the Dog;nan;Barry Levinson;['Comedy', 'Drama'];English;3.54;97
White Line Fever;nan;Jonathan Kaplan;['Action', 'Drama', 'Romance', 'Crime'];English;3.12;90
Medicine for Melancholy;nan;Barry Jenkins;['Drama', 'Romance'];English;3.34;88
Sleepwalk with Me;nan;Mike Birbiglia;['Comedy'];English;3.43;81
I Do... Until I Don't;nan;Lake Bell;['Comedy'];English;2.63;103
Worst Enemy;nan;Lake Bell;['Comedy'];English;nan;13
Alien from the Deep;nan;Antonio Margheriti;['Horror', 'Science Fiction'];Italian;2.65;91
And God Said to Cain;nan;Antonio Margheriti;['Horror', 'Mystery', 'Western'];Italian;3.52;101
Castle of Blood;nan;Antonio Margheriti;['Horror', 'Thriller'];Italian;3.41;91
Cannibal Apocalypse;nan;Antonio Margheriti;['Horror', 'Crime', 'Thriller'];Italian;2.99;96
Yor, the Hunter from the Future;nan;Antonio Margheriti;['Science Fiction', 'Fantasy', 'Action'];Italian;2.59;98
Seven Deaths in the Cat's Eyes;nan;Antonio Margheriti;['Thriller', 'Mystery', 'Horror', 'Crime'];Italian;2.92;95
Horror Castle;nan;Antonio Margheriti;['Crime', 'Horror'];Italian;3.2;84
Killer Fish;nan;Antonio Margheriti;['Action', 'Adventure', 'Thriller'];English;2.23;100
The Stranger and the Gunfighter;nan;Antonio Margheriti;['Western', 'Action', 'Comedy'];English;3.16;107
The Last Hunter;nan;Antonio Margheriti;['Action', 'War'];Italian;3.21;96
Naked You Die;nan;Antonio Margheriti;['Mystery', 'Thriller', 'Horror'];Italian;3.0;94
Death Rage;nan;Antonio Margheriti;['Thriller', 'Action', 'Crime'];Italian;3.06;98
Code Name: Wild Geese;nan;Antonio Margheriti;['Action'];Italian;3.04;101
Web of the Spider;nan;Antonio Margheriti;['Horror'];Italian;3.0;102
Vengeance;nan;Antonio Margheriti;['Western', 'Drama'];Italian;3.29;81
Assignment: Outer Space;nan;Antonio Margheriti;['Science Fiction', 'Adventure'];Italian;2.73;73
Snow Devils;nan;Antonio Margheriti;['Adventure', 'Science Fiction'];Italian;2.72;90
Commando Leopard;nan;Antonio Margheriti;['Action'];Italian;3.08;103
The Squeeze;nan;Antonio Margheriti;['Action'];English;3.17;99
The Commander;nan;Antonio Margheriti;['Action', 'War'];German;3.04;105
The Ark of the Sun God;nan;Antonio Margheriti;['Adventure', 'Action', 'Crime'];Italian;3.01;98
Battle of the Worlds;nan;Antonio Margheriti;['Thriller', 'Science Fiction'];Italian;2.91;84
Lightning Bolt;nan;Antonio Margheriti;['Action', 'Thriller'];Italian;3.04;90
War Between the Planets;nan;Antonio Margheriti;['Science Fiction'];Italian;2.9;80
War of the Planets;nan;Antonio Margheriti;['Science Fiction'];Italian;2.98;96
The Hunters of the Golden Cobra;nan;Antonio Margheriti;['War', 'Action', 'Adventure', 'Crime'];Italian;3.1;95
The Unnaturals;nan;Antonio Margheriti;['Horror', 'Thriller', 'Crime'];Italian;3.14;83
The Last Blood;nan;Antonio Margheriti;['War', 'Action'];Italian;3.19;93
Giants of Rome;nan;Antonio Margheriti;['Drama', 'Action', 'Adventure'];Italian;nan;95
Tiger Joe;nan;Antonio Margheriti;['Action', 'War'];Italian;nan;96
Jungle Raiders;nan;Antonio Margheriti;['Action', 'Adventure'];Italian;3.06;95
Dynamite Joe;nan;Antonio Margheriti;['Western'];Italian;nan;98
Killers Are Challenged;nan;Antonio Margheriti;['Action', 'Adventure'];Italian;nan;84
The Golden Arrow;nan;Antonio Margheriti;['Adventure', 'Fantasy'];Italian;nan;91
Virtual Weapon;nan;Antonio Margheriti;['Comedy', 'Crime'];Italian;nan;90
The Slave Merchants;nan;Antonio Margheriti;['Fantasy', 'Action', 'Adventure'];Italian;nan;114
Mr. Hercules Against Karate;nan;Antonio Margheriti;['Comedy', 'Action'];Italian;nan;103
The Killing of a Chinese Bookie;nan;John Cassavetes;['Crime', 'Drama', 'Thriller'];English;3.9;135
Shadows;nan;John Cassavetes;['Drama'];English;3.69;87
Love Streams;nan;John Cassavetes;['Drama'];English;4.19;141
Husbands;nan;John Cassavetes;['Comedy', 'Drama'];English;3.81;131
Gloria;nan;John Cassavetes;['Thriller', 'Crime', 'Drama'];English;3.78;123
Minnie and Moskowitz;nan;John Cassavetes;['Romance', 'Drama', 'Comedy'];English;3.88;115
Too Late Blues;nan;John Cassavetes;['Drama', 'Music'];English;3.51;103
A Child Is Waiting;nan;John Cassavetes;['Drama'];English;3.41;102
Big Trouble;nan;John Cassavetes;['Crime', 'Comedy'];English;2.69;93
Mikey and Nicky;nan;Elaine May;['Drama', 'Crime'];English;4.06;106
A New Leaf;nan;Elaine May;['Romance', 'Comedy'];English;3.93;102
The Heartbreak Kid;nan;Elaine May;['Romance', 'Comedy'];English;3.94;105
Alice;nan;Woody Allen;['Romance', 'Fantasy', 'Comedy', 'Drama'];English;3.31;102
At Long Last Love;nan;Peter Bogdanovich;['Comedy', 'Music', 'Romance'];English;3.25;125
Kelly & Cal;nan;Jen McGowan;['Comedy', 'Drama'];English;3.21;107
The Client List;nan;Eric Laneuville;['Drama', 'TV Movie'];English;2.41;88
Texasville;nan;Peter Bogdanovich;['Drama', 'Romance'];English;3.39;123
Daisy Miller;nan;Peter Bogdanovich;['Romance', 'Drama', 'Comedy'];English;3.24;91
Once Upon a Crime;nan;Eugene Levy;['Mystery', 'Comedy', 'Crime'];English;2.72;94
The Lady Vanishes;nan;Anthony Page;['Romance', 'Comedy', 'Thriller', 'Mystery'];English;3.05;97
Making 'Taxi Driver';nan;Laurent Bouzereau;['Documentary'];English;3.86;71
Barry Munday;nan;Chris D'Arienzo;['Comedy', 'Drama', 'Romance'];English;2.95;95
You Get Me;nan;Brent Bonacorso;['Drama', 'Romance', 'Thriller'];English;1.8;89
Rip Tide;nan;Rhiannon Bannenberg;['Family', 'Drama'];English;2.05;85
Shot Caller;nan;Ric Roman Waugh;['Crime', 'Thriller', 'Drama'];English;3.53;121
Dave;nan;Ivan Reitman;['Comedy'];English;3.43;110
Fun with Dick and Jane;nan;Ted Kotcheff;['Comedy', 'Crime'];English;3.06;95
Grumpier Old Men;nan;Howard Deutch;['Comedy', 'Romance'];English;3.13;101
The Haunting;nan;Jan de Bont;['Fantasy', 'Horror', 'Mystery', 'Thriller'];English;2.33;113
The Horse in the Gray Flannel Suit;nan;Norman Tokar;['Drama', 'Comedy', 'Family'];English;3.13;113
My Cousin Vinny;nan;Jonathan Lynn;['Comedy'];English;3.91;120
My Cousin Rachel;nan;Roger Michell;['Romance', 'Drama'];English;2.97;106
My Cousin Rachel;nan;Henry Koster;['Drama', 'Mystery', 'Romance'];English;3.48;98
Roadhouse 66;nan;John Mark Robinson;['Action', 'Comedy'];English;3.08;90
Kid;nan;John Mark Robinson;['Thriller', 'Action'];English;3.15;91
Sleepaway Camp III: Teenage Wasteland;nan;Michael A. Simpson;['Horror', 'Comedy'];English;2.48;79
The First Power;nan;Robert Resnikoff;['Thriller', 'Horror', 'Crime'];English;2.74;98
Fast Food;nan;Michael A. Simpson;['Comedy'];English;2.82;88
Waxwork II: Lost in Time;nan;Anthony Hickox;['Comedy', 'Horror', 'Fantasy'];English;2.75;104
That Guy Dick Miller;nan;Elijah Drenner;['Documentary'];English;3.65;91
Wild Card;nan;Simon West;['Thriller', 'Action', 'Crime'];English;2.53;92
The Mechanic;nan;Simon West;['Crime', 'Action', 'Thriller'];English;2.86;93
Stolen;nan;Simon West;['Crime', 'Thriller', 'Action'];English;2.38;96
Stratton;nan;Simon West;['Action', 'Thriller'];English;2.2;94
Gun Shy;nan;Simon West;['Adventure', 'Crime', 'Action', 'Thriller', 'Comedy'];English;2.44;91
The Adventures of Ford Fairlane;nan;Renny Harlin;['Mystery', 'Adventure', 'Action', 'Thriller', 'Crime', 'Comedy'];English;2.94;104
The Covenant;nan;Renny Harlin;['Horror', 'Fantasy', 'Action', 'Adventure'];English;2.22;97
Mindhunters;nan;Renny Harlin;['Crime', 'Thriller', 'Mystery'];English;2.94;106
Exorcist: The Beginning;nan;Renny Harlin;['Horror'];English;2.14;114
Driven;nan;Renny Harlin;['Action', 'Drama'];English;2.26;116
Prison;nan;Renny Harlin;['Drama', 'Crime', 'Horror', 'Thriller'];English;3.02;102
Cleaner;nan;Renny Harlin;['Thriller', 'Crime', 'Mystery'];English;2.73;88
5 Days of War;nan;Renny Harlin;['Drama', 'War'];English;2.77;113
Born American;nan;Renny Harlin;['Thriller', 'Action', 'Drama'];English;2.89;97
Speechless;nan;Ron Underwood;['Romance', 'Comedy'];English;2.88;99
Never Sleep Again: The Elm Street Legacy;nan;Daniel Farrands, Andrew Kasch;['Documentary'];English;3.94;240
Private Resort;nan;George Bowers;['Comedy'];English;2.49;82
One Night at McCool's;nan;Harald Zwart;['Comedy', 'Crime'];English;2.86;93
Casual Sex?;nan;Geneviève Robert;['Romance', 'Comedy'];English;2.73;88
Pretty in Pink;nan;Howard Deutch;['Comedy', 'Romance', 'Drama'];English;3.32;97
Making the Grade;nan;Dorian Walker;['Comedy'];English;2.98;105
Brain Smasher... A Love Story;nan;Albert Pyun;['Romance', 'Action', 'Comedy'];English;2.95;88
The Dark Backward;nan;Adam Rifkin;['Comedy'];English;3.2;101
The Chumscrubber;nan;Arie Posin;['Comedy', 'Drama'];English;3.21;108
Down Periscope;nan;David S. Ward;['Comedy'];English;2.78;92
Dragon: The Bruce Lee Story;nan;Rob Cohen;['Drama', 'History', 'Action'];English;3.35;119
Sabrina;nan;Sydney Pollack;['Drama', 'Romance'];English;3.19;127
What Women Want;nan;Nancy Meyers;['Comedy', 'Romance'];English;2.81;127
The Blackcoat's Daughter;nan;Osgood Perkins;['Mystery', 'Horror'];English;3.2;93
Band of the Hand;nan;Paul Michael Glaser;['Action'];English;3.13;109
Dead Shack;nan;Peter Ricq;['Comedy', 'Horror', 'Thriller', 'Action'];English;2.73;85
Live Wire;nan;Christian Duguay;['Thriller', 'Action', 'Drama'];English;3.07;85
After the Ball;nan;Sean Garrity;['Comedy'];English;2.66;101
Archie: To Riverdale and Back Again;nan;Dick Lowry;['Comedy', 'TV Movie'];English;2.73;100
Wonder Wheel;nan;Woody Allen;['Drama', 'Romance'];English;2.93;101
What Maisie Knew;nan;David Siegel, Scott McGehee;['Drama'];English;3.63;99
The Savages;nan;Tamara Jenkins;['Comedy', 'Drama'];English;3.67;114
Maid in Manhattan;nan;Wayne Wang;['Drama', 'Romance', 'Comedy'];English;2.79;105
Tallulah;nan;Siân Heder;['Drama', 'Comedy'];English;3.32;111
Naomi and Ely's No Kiss List;nan;Kristin Hanggi;['Romance', 'Comedy'];English;2.16;89
Adam;nan;Max Mayer;['Romance', 'Drama'];English;3.29;99
Mickey Blue Eyes;nan;Kelly Makin;['Comedy', 'Romance', 'Crime'];English;2.82;102
Phoebe in Wonderland;nan;Daniel Barnz;['Drama'];English;3.6;100
PCU;nan;Hart Bochner;['Comedy'];English;3.11;81
5 Flights Up;nan;Richard Loncraine;['Drama'];English;3.0;92
Peace, Love & Misunderstanding;nan;Bruce Beresford;['Drama', 'Romance', 'Comedy'];English;2.7;96
Lullaby;nan;Andrew Levitas;['Drama'];English;3.03;117
Seven Minutes in Heaven;nan;Linda Feferman;['Comedy', 'Drama', 'Romance'];English;2.97;88
Prince: Sign O' the Times;nan;Prince;['Documentary', 'Music'];English;4.12;84
Justice League: Crisis on Two Earths;nan;Sam Liu, Lauren Montgomery;['Science Fiction', 'Action', 'Fantasy', 'Adventure', 'Animation'];English;3.39;75
Sharknado 2: The Second One;nan;Anthony C. Ferrante;['Thriller', 'Science Fiction', 'TV Movie'];English;1.94;86
Eight Legged Freaks;nan;Ellory Elkayem;['Horror', 'Thriller', 'Comedy', 'Action'];English;2.58;99
Thinner;nan;Tom Holland;['Horror', 'Fantasy'];English;2.71;92
Start the Revolution Without Me;nan;Bud Yorkin;['Comedy', 'History'];English;3.2;90
Death Smiles on a Murderer;nan;Joe D'Amato;['Horror'];Italian;3.12;88
Deadly Sweet;nan;Tinto Brass;['Thriller', 'Mystery'];Italian;3.15;107
The Legend of Blood Castle;nan;Jorge Grau;['Horror'];Spanish;3.2;90
The Double;nan;Romolo Guerrieri;['Mystery', 'Thriller', 'Drama'];Italian;3.21;88
The 10th Victim;nan;Elio Petri;['Drama', 'Science Fiction', 'Comedy'];Italian;3.52;92
Blood and Roses;nan;Roger Vadim;['Horror', 'Romance'];French;3.34;79
The Indian Fighter;nan;André de Toth;['Western'];English;3.27;88
The V.I.P.s;nan;Anthony Asquith;['Drama'];English;3.01;119
Woman Times Seven;nan;Vittorio De Sica;['Comedy', 'Drama'];English;3.08;100
If It's Tuesday, This Must Be Belgium;nan;Mel Stuart;['Adventure', 'Romance', 'Comedy'];English;3.21;105
The Big Night;nan;Mauro Bolognini;['Drama'];Italian;3.52;95
4:44 Last Day on Earth;nan;Abel Ferrara;['Drama', 'Science Fiction'];English;3.24;82
Mister Lonely;nan;Harmony Korine;['Comedy', 'Drama'];English;3.53;112
Invocation of My Demon Brother;nan;Kenneth Anger;['Horror'];No spoken language;3.6;12
The Detective;nan;Gordon Douglas;['Drama', 'Crime', 'Mystery'];English;3.25;114
The Todd Killings;nan;Barry Shear;['Thriller'];English;3.26;93
Django Kill... If You Live, Shoot!;nan;Giulio Questi;['Action', 'Horror', 'Western'];Italian;3.31;117
Roy Colt and Winchester Jack;nan;Mario Bava;['Comedy', 'Western'];Italian;2.91;85
Confessions of a Police Captain;nan;Damiano Damiani;['Crime', 'Drama'];Italian;3.83;101
Commandos;nan;Armando Crispino;['Action', 'War'];Italian;3.24;112
Scorpion with Two Tails;nan;Sergio Martino;['Horror'];Italian;2.74;94
Kiss the Girls and Make Them Die;nan;Dino Maiuri, Henry Levin;['Action', 'Comedy'];English;3.26;106
The Five Days;nan;Dario Argento;['History', 'Comedy', 'Drama'];Italian;3.09;122
Bluebeard;nan;Edward Dmytryk;['Comedy', 'Thriller', 'Horror'];English;3.11;125
Marriage Italian Style;nan;Vittorio De Sica;['Romance', 'Drama', 'Comedy'];Italian;3.76;102
Animal Kingdom;nan;David Michôd;['Drama', 'Crime'];English;3.75;113
Mississippi Grind;nan;Ryan Fleck, Anna Boden;['Comedy', 'Drama'];English;3.33;108
Starred Up;nan;David Mackenzie;['Drama'];English;3.85;106
Una;nan;Benedict Andrews;['Thriller', 'Drama'];English;3.07;94
Knowing;nan;Alex Proyas;['Mystery', 'Science Fiction', 'Thriller', 'Action'];English;2.69;121
Adore;nan;Anne Fontaine;['Drama'];English;2.63;100
Killer Elite;nan;Gary McKendry;['Action', 'Adventure', 'Thriller'];English;2.73;116
I Am Heath Ledger;nan;Derik Murray, Adrian Buitenhuis;['Documentary'];English;3.87;90
Vertical Limit;nan;Martin Campbell;['Adventure', 'Thriller', 'Action'];English;2.79;124
Quigley Down Under;nan;Simon Wincer;['Western'];English;3.31;119
Beautiful Kate;nan;Rachel Ward;['Drama'];English;3.36;90
Idiot Box;nan;David Caesar;['Drama', 'Thriller', 'Comedy'];English;3.35;85
The Big Steal;nan;Nadia Tass;['Comedy'];English;3.45;99
Spotswood;nan;Mark Joffe;['Comedy', 'Drama'];English;3.27;95
Metal Skin;nan;Geoffrey Wright;['Drama', 'Action'];English;3.33;115
Needle;nan;John V. Soto;['Thriller', 'Horror', 'Mystery'];English;2.68;90
Sample People;nan;Clinton Smith;['Drama'];English;2.98;93
Guns for Hire;nan;Katherine Brooks, Donna Robinson;['Comedy', 'Thriller', 'Drama'];English;nan;83
Bubble Boy;nan;Blair Hayes;['Romance', 'Adventure', 'Comedy'];English;2.86;84
Foxfire;nan;Annette Haywood-Carter;['Drama', 'Thriller', 'Action'];English;3.45;102
Lost & Found;nan;Jeff Pollack;['Romance', 'Comedy'];English;2.43;95
Taking Woodstock;nan;Ang Lee;['Comedy', 'Drama', 'Music'];English;3.14;120
They Came Together;nan;David Wain;['Comedy'];English;3.17;83
The Loft;nan;Erik Van Looy;['Thriller'];English;2.59;108
The Narrow World;nan;Brent Bonacorso;['Science Fiction'];English;3.31;15
The DUFF;nan;Ari Sandel;['Comedy', 'Romance'];English;2.56;100
Boo! A Madea Halloween;nan;Tyler Perry;['Comedy'];English;2.34;103
Wonder;nan;Stephen Chbosky;['Family', 'Drama'];English;3.54;113
Rent;nan;Chris Columbus;['Romance', 'Drama'];English;3.39;135
Money Talks;nan;Brett Ratner;['Crime', 'Comedy', 'Action'];English;2.95;97
The Breadwinner;nan;Nora Twomey;['Family', 'Drama', 'Animation', 'War'];English;4.07;94
All the Money in the World;nan;Ridley Scott;['Crime', 'Thriller', 'History'];English;3.19;132
Abacus: Small Enough to Jail;nan;Steve James;['Documentary'];English;3.56;88
Coco;nan;Lee Unkrich;['Adventure', 'Animation', 'Music', 'Family'];English;4.12;105
The Disaster Artist;nan;James Franco;['Drama', 'Comedy'];English;3.56;104
DeKalb Elementary;nan;Reed Van Dyk;['Drama'];English;3.71;20
Darkest Hour;nan;Joe Wright;['Drama', 'History'];English;3.52;125
Dear Basketball;nan;Glen Keane;['History', 'Animation'];English;3.64;6
Edith+Eddie;nan;Laura Checkoway;['Documentary'];English;3.52;30
The Eleven O'Clock;nan;Derin Seale;['Comedy'];English;3.69;13
Faces Places;nan;Agnès Varda, JR;['Documentary'];French;4.14;94
A Fantastic Woman;nan;Sebastián Lelio;['Drama'];Spanish;3.71;104
Ferdinand;nan;Carlos Saldanha;['Family', 'Adventure', 'Comedy', 'Animation'];English;2.99;108
The Florida Project;nan;Sean Baker;['Drama'];English;4.1;112
Garden Party;nan;Vincent Bayoux, Gabriel Grapperon;['Comedy', 'Animation'];No spoken language;3.7;7
The Greatest Showman;nan;Michael Gracey;['Drama'];English;3.46;105
The Insult;nan;Ziad Doueiri;['Drama', 'Crime'];Arabic;3.74;112
Icarus;nan;Bryan Fogel;['Documentary'];English;3.95;121
I, Tonya;nan;Craig Gillespie;['Drama', 'Comedy'];English;3.86;120
Heroin(e);nan;Elaine McMillion Sheldon;['Crime', 'Documentary'];English;3.53;39
Heaven is a Traffic Jam on the 405;nan;Frank Stiefel;['Documentary'];English;3.84;40
Knife Skills;nan;Thomas Lennon;['Documentary'];English;3.5;40
Lady Bird;nan;Greta Gerwig;['Comedy', 'Drama'];English;3.84;94
Last Men in Aleppo;nan;Steen Johannessen, Feras Fayyad;['Documentary'];Arabic;3.76;101
Marshall;nan;Reginald Hudlin;['Drama'];English;3.44;118
Loving Vincent;nan;Hugh Welchman, DK Welchman;['Drama', 'Animation', 'History', 'Mystery'];English;3.99;95
Loveless;nan;Andrey Zvyagintsev;['Drama'];Russian;3.9;122
Lou;nan;Dave Mullins;['Comedy', 'Family', 'Animation', 'Fantasy'];No spoken language;3.68;6
Mudbound;nan;Dee Rees;['Drama'];English;3.75;135
On Body and Soul;nan;Ildikó Enyedi;['Fantasy', 'Romance', 'Drama'];Hungarian;3.75;116
Negative Space;nan;Ru Kuwahata, Max Porter;['Drama', 'Animation'];English;3.98;6
Phantom Thread;nan;Paul Thomas Anderson;['Drama', 'Romance'];English;4.15;130
My Nephew Emmett;nan;Kevin Wilson, Jr.;['Drama', 'History'];English;3.37;19
The Post;nan;Steven Spielberg;['History', 'Drama'];English;3.47;116
The Square;nan;Ruben Östlund;['Drama'];Swedish;3.62;151
Victoria & Abdul;nan;Stephen Frears;['Drama', 'History'];English;3.1;112
Watu Wote: All of Us;nan;Katja Benrath;['Drama'];Swahili;3.67;22
Traffic Stop;nan;Kate Davis, David Heilbroner;['Documentary'];English;3.23;31
Three Billboards Outside Ebbing, Missouri;nan;Martin McDonagh;['Crime', 'Drama'];English;4.05;115
Strong Island;nan;Yance Ford;['Documentary'];English;3.47;107
Revolting Rhymes;nan;Jakob Schuh;['Animation', 'Family'];English;3.66;60
Roman J. Israel, Esq.;nan;Dan Gilroy;['Crime', 'Thriller', 'Drama'];English;3.13;122
The Shape of Water;nan;Guillermo del Toro;['Fantasy', 'Drama', 'Romance'];English;3.66;123
The Silent Child;nan;Chris Overton;['Drama'];English;3.69;20
Metalstorm: The Destruction of Jared-Syn;nan;Charles Band;['Fantasy', 'Science Fiction'];English;2.51;84
Somersault;nan;Cate Shortland;['Romance', 'Drama'];English;3.43;105
Johnny Got His Gun;nan;Dalton Trumbo;['Drama', 'War'];English;3.94;112
The President's Last Bang;nan;Im Sang-soo;['Comedy', 'History', 'Drama', 'Thriller'];Korean;3.58;102
Slice;nan;Austin Vesely;['Horror', 'Comedy'];English;2.22;82
Butcher, Baker, Nightmare Maker;nan;William Asher;['Horror', 'Thriller'];English;3.32;96
The Shells;nan;Max Finneran;['Science Fiction', 'Horror'];English;nan;89
30 Years of Garbage: The Garbage Pail Kids Story;nan;Jeff Zapata, Joe Simko;['Documentary'];English;3.4;120
Sylvio;nan;Albert Birney, Kentucker Audley;['Comedy'];English;3.39;80
City Baby;nan;David F. Morgan;['Comedy', 'Drama'];English;nan;88
PG 16...;nan;Andrey Kavun;['Comedy', 'Romance', 'Drama'];Russian;nan;89
Bareilly Ki Barfi;nan;Ashwiny Iyer Tiwari;['Romance', 'Comedy'];Hindi;3.42;123
Jucy;nan;Louise Alston;['Comedy'];English;nan;90
Charlie, Trevor And A Girl Savannah;nan;Ty Hodges;['Drama'];English;nan;95
The Villainess;nan;Jung Byung-gil;['Action', 'Drama', 'Crime', 'Thriller'];Korean;3.38;129
The Past Is a Grotesque Animal;nan;Jason Miller;['Documentary', 'Music'];English;3.45;77
Alabama's Ghost;nan;Fredric Hobbs;['Comedy', 'Horror'];English;3.18;96
Evolution;nan;Lucile Hadžihalilović;['Horror', 'Drama', 'Mystery'];French;3.28;81
Night People;nan;Gerard Lough;['Thriller', 'Science Fiction', 'Horror'];English;nan;108
Janie;nan;Jack Bravman, Roberta Findlay;['Horror'];English;3.23;65
Thirst Street;nan;Nathan Silver;['Drama', 'Comedy', 'Romance'];English;3.29;83
Tragedy Girls;nan;Tyler MacIntyre;['Comedy', 'Horror'];English;2.98;98
S de Sofia;nan;Gabe Gabrielle, João Arthur;['Crime'];Portuguese;nan;nan
River City Panic;nan;Tyler Amm;['Adventure', 'Fantasy', 'Comedy'];English;nan;65
The Psycho Lover;nan;Robert Vincent O'Neil;['Horror'];English;nan;80
Social Suicide;nan;Bruce Webb;['Romance', 'Drama', 'Thriller'];English;nan;92
The Whisperer in Darkness;nan;Sean Branney;['Thriller', 'Mystery', 'Science Fiction', 'Horror'];English;3.31;104
Prince;nan;Sam de Jong;['Comedy', 'Drama'];Dutch;3.37;78
Arianna;nan;Carlo Lavagna;['Drama'];Italian;3.34;84
Weirdos;nan;Bruce McDonald;['Drama'];English;3.3;84
How the Sky Will Melt;nan;Matthew Wade;['Mystery', 'Horror', 'Drama'];English;nan;90
Evil Judgment;nan;Claudio Castravelli;['Horror', 'Thriller', 'Drama', 'Crime', 'Mystery'];English;2.92;93
The Laundryman;nan;Chung Lee;['Crime', 'Fantasy', 'Thriller', 'Comedy'];Chinese;3.26;112
This Is Everything: Gigi Gorgeous;nan;Barbara Kopple;['Documentary'];English;3.32;91
Social Butterfly;nan;Lauren Wolkstein;['Mystery', 'Drama'];English;3.16;14
Six Swedish Girls at a Pump;nan;Erwin C. Dietrich;['Comedy'];German;2.94;85
Psycho Girls;nan;Jerry Ciccoritti;['Comedy', 'Horror'];English;2.96;92
In the Mood;nan;Phil Alden Robinson;['Romance', 'Comedy'];English;3.26;98
Galactic Gigolo;nan;Gorman Bechard;['Science Fiction', 'Comedy'];English;2.84;80
Exhibition;nan;Joanna Hogg;['Drama'];English;3.33;104
Hot Splash;nan;James Ingrassia;['Comedy'];English;nan;89
Scalps;nan;Claudio Fragasso, Bruno Mattei;['Drama', 'Western', 'Action'];Italian;3.04;102
Up Yours;nan;John Hayes, Eddie Ryder;['Comedy'];English;nan;87
Taste the Blood of Dracula;nan;Peter Sasdy;['Horror'];English;3.17;95
Run;nan;Philippe Lacôte;['Thriller', 'Drama'];French;nan;100
The Cocktail Hostesses;nan;Stephen C. Apostolof;['Comedy'];English;nan;80
Two on a Guillotine;nan;William Conrad;['Horror', 'Mystery'];English;3.11;107
A Girl Cut in Two;nan;Claude Chabrol;['Drama', 'Comedy', 'Thriller'];French;3.23;115
Cool It, Carol!;nan;Pete Walker;['Comedy', 'Drama'];English;3.18;101
Blood Shack;nan;Ray Dennis Steckler;['Horror'];English;2.5;70
Black Site Delta;nan;Jesse Gustafson;['Action'];English;nan;87
Spread;nan;David Mackenzie;['Comedy', 'Romance'];English;2.36;98
I Eat Your Skin;nan;Del Tenney;['Horror'];English;2.18;84
Scared to Death;nan;Christy Cabanne;['Thriller', 'Mystery', 'Comedy', 'Horror'];English;2.33;68
Don't Go in the Woods;nan;James Bryan;['Horror'];English;2.26;82
Star Kid;nan;Manny Coto;['Science Fiction', 'Adventure', 'Action', 'Family'];English;2.43;101
Creature;nan;William Malone;['Science Fiction', 'Horror'];English;2.5;97
The Drownsman;nan;Chad Archibald;['Horror', 'Fantasy', 'Thriller'];English;2.57;88
Dreamaniac;nan;David DeCoteau;['Horror'];English;2.48;82
Narcopolis;nan;Justin Trefgarne;['Mystery', 'Science Fiction', 'Thriller'];English;2.84;96
Deadly Friend;nan;Wes Craven;['Horror', 'Science Fiction'];English;2.85;91
Fender Bender;nan;Mark Pavia;['Thriller', 'Horror'];English;2.57;91
The Great Alligator;nan;Sergio Martino;['Mystery', 'Horror'];Italian;2.55;88
Slaughter Hotel;nan;Fernando Di Leo;['Horror', 'Thriller', 'Mystery'];Italian;2.69;97
Mutant Hunt;nan;Tim Kincaid;['Thriller', 'Action', 'Horror', 'Science Fiction'];English;2.47;76
Get the Girl;nan;Eric England;['Action', 'Crime', 'Thriller', 'Comedy'];English;2.84;87
Burying the Ex;nan;Joe Dante;['Comedy', 'Horror'];English;2.61;89
Inseminoid;nan;Norman J. Warren;['Horror', 'Science Fiction'];English;2.36;93
Zapped!;nan;Robert J. Rosenthal;['Comedy'];English;2.39;98
Fucking Berlin;nan;Florian Gottschick;['Romance', 'Drama'];German;2.56;94
Magnesium;nan;Sam de Jong;['Drama'];Dutch;nan;21
Havoc;nan;Barbara Kopple;['Drama', 'Crime'];English;2.36;86
Breathe;nan;Mélanie Laurent;['Drama'];French;3.75;91
The Strange Ones;nan;Christopher Radcliff, Lauren Wolkstein;['Drama', 'Thriller'];English;2.93;82
Collective: Unconscious;nan;Lily Baldwin, Lauren Wolkstein;['Mystery', 'Drama', 'Fantasy', 'Horror'];English;3.29;81
The Strange Ones;nan;Lauren Wolkstein, Christopher Radcliff;['Mystery', 'Drama'];English;3.38;14
Cigarette Candy;nan;Lauren Wolkstein;nan;English;nan;13
Disconnected;nan;Gorman Bechard;['Horror'];English;2.9;82
You Are Alone;nan;Gorman Bechard;['Drama'];English;3.19;84
Cemetery High;nan;Gorman Bechard;['Horror', 'Comedy'];English;2.77;80
Friends (With Benefits);nan;Gorman Bechard;['Romance', 'Comedy'];English;nan;94
Broken Side of Time;nan;Gorman Bechard;['Drama'];English;nan;126
Twenty Questions;nan;Gorman Bechard;['Documentary'];English;nan;60
Blood Sisters;nan;Roberta Findlay;['Horror', 'Thriller'];English;2.64;86
Prime Evil;nan;Roberta Findlay;['Horror', 'Mystery', 'Thriller'];English;2.65;83
Doom Asylum;nan;Richard Friedman;['Comedy', 'Horror'];English;2.59;79
Don't Knock Twice;nan;Caradog W. James;['Horror'];English;2.22;93
Murder on the Orient Express;nan;Kenneth Branagh;['Crime', 'Mystery', 'Drama'];English;3.1;114
I Am the Pretty Thing That Lives in the House;nan;Osgood Perkins;['Horror', 'Mystery'];English;2.5;89
Planet Earth II;nan;Elizabeth White, Justin Anderson;['Family', 'Documentary'];English;4.63;298
Blue Planet II;nan;Alastair Fothergill;['Family', 'Documentary'];English;4.53;364
The Grand Budapest Hotel;nan;Wes Anderson;['Drama', 'Comedy'];English;4.24;100
Billy Star;nan;Kevin Abstract;['Romance', 'Drama', 'Music'];English;3.8;94
Brawl in Cell Block 99;nan;S. Craig Zahler;['Crime', 'Thriller', 'Action'];English;3.71;132
Revenge;nan;Coralie Fargeat;['Action', 'Horror', 'Drama', 'Thriller'];French;3.51;109
The Void;nan;Steven Kostanski, Jeremy Gillespie;['Horror', 'Science Fiction', 'Mystery'];English;3.01;90
Reality+;nan;Coralie Fargeat;['Science Fiction'];French;3.28;22
Rings;nan;F. Javier Gutiérrez;['Horror'];English;1.74;102
Summertime;nan;Gabriele Muccino;['Drama', 'Romance'];Italian;3.02;103
My Name Is Maya;nan;Tommaso Agnese;['Drama'];Italian;nan;94
8 Mile;nan;Curtis Hanson;['Drama', 'Music'];English;3.6;111
Cold Mountain;nan;Anthony Minghella;['War', 'History', 'Romance', 'Adventure'];English;3.44;154
The Vault;nan;Dan Bush;['Horror', 'Thriller'];English;2.19;91
Hustle & Flow;nan;Craig Brewer;['Crime', 'Music', 'Drama'];English;3.6;116
The Devil's Tomb;nan;Jason Connery;['Horror', 'Science Fiction', 'Action', 'Thriller'];English;2.25;90
Jerry Maguire;nan;Cameron Crowe;['Romance', 'Comedy', 'Drama'];English;3.59;139
Rat Race;nan;Jerry Zucker;['Adventure', 'Comedy'];English;3.12;112
Men of Honor;nan;George Tillman Jr.;['Drama'];English;3.47;129
Norbit;nan;Brian Robbins;['Comedy'];English;2.17;102
Red Tails;nan;Anthony Hemingway;['War', 'Adventure', 'Action', 'Drama', 'History'];English;2.81;125
Van Wilder 2: The Rise of Taj;nan;Mort Nathan;['Romance', 'Comedy'];English;2.18;97
Son of the Mask;nan;Lawrence Guterman;['Adventure', 'Comedy', 'Family', 'Fantasy'];English;1.24;94
Once Upon a Time in Venice;nan;Mark Cullen, Robb Cullen;['Thriller', 'Action', 'Comedy', 'Mystery'];English;2.35;94
Epic Movie;nan;Jason Friedberg, Aaron Seltzer;['Comedy', 'Fantasy', 'Adventure'];English;1.29;85
The Layover;nan;William H. Macy;['Comedy', 'Romance'];English;1.89;88
The Best Little Whorehouse in Texas;nan;Colin Higgins;['Comedy'];English;3.48;115
House IV;nan;Lewis Abernathy;['Comedy', 'Thriller', 'Horror'];English;2.18;94
The Nest;nan;Terence H. Winkless;['Thriller', 'Horror', 'Science Fiction'];English;2.88;89
Saturday the 14th;nan;Howard R. Cohen;['Comedy', 'Fantasy', 'Horror'];English;2.41;76
Never Too Young to Die;nan;Gil Bettman;['Drama', 'Action', 'Adventure'];English;2.88;92
Exterminator 2;nan;Mark Buntzman;['Action', 'Crime'];English;2.64;89
Captain America;nan;Albert Pyun;['Science Fiction', 'War', 'Action', 'Adventure'];English;1.86;97
Future Force;nan;David A. Prior;['Science Fiction', 'Action', 'Crime'];English;2.4;84
Killpoint;nan;Frank Harris;['Drama', 'Action'];English;2.95;80
Black Cougar;nan;Silvio DiSalvatore;['Action', 'Science Fiction', 'Adventure'];English;nan;106
Hollywood Cop;nan;Amir Shervan;['Action'];English;2.57;106
2019: After the Fall of New York;nan;Sergio Martino;['Action', 'Science Fiction'];Italian;3.02;96
Hands of Steel;nan;Sergio Martino;['Science Fiction', 'Action'];Italian;2.91;94
Island of the Fishmen;nan;Sergio Martino;['Science Fiction', 'Horror'];Italian;2.81;93
Castello Cavalcanti;nan;Wes Anderson;['Comedy'];English;3.58;8
Sabotage;nan;Alfred Hitchcock;['Crime', 'Thriller', 'Drama'];English;3.52;77
White Zombie;nan;Victor Halperin;['Horror'];English;3.12;67
Sister Street Fighter;nan;Kazuhiko Yamaguchi;['Crime', 'Action'];Japanese;3.38;86
Return of the Street Fighter;nan;Shigehiro Ozawa;['Drama', 'Crime', 'Action', 'Thriller'];Japanese;3.24;83
Woman of Fire;nan;Kim Ki-young;['Crime', 'Drama', 'Horror'];Korean;3.52;100
A Short Vision;nan;Peter Foldès, Joan Foldes;['Drama', 'War', 'Animation'];English;3.7;6
Donald in Mathmagic Land;nan;Hamilton Luske, Les Clark;['Family', 'Animation', 'Comedy', 'Fantasy'];English;3.77;27
Super Size Me;nan;Morgan Spurlock;['Documentary'];English;3.06;100
The True Glory;nan;Garson Kanin, Carol Reed;['Documentary', 'War'];English;3.42;87
Tunisian Victory;nan;Frank Capra, John Huston;['Documentary', 'War'];English;3.31;75
The Confrontation;nan;Miklós Jancsó;['Drama'];Hungarian;3.6;82
David Bowie & The Story of Ziggy Stardust;nan;James Hale;['Documentary', 'Music'];English;3.56;57
Nico Icon;nan;Susanne Ofteringer;['Documentary'];English;3.56;70
Report from the Aleutians;nan;John Huston;['War', 'Documentary', 'History'];English;3.22;47
Plagues and Pleasures on the Salton Sea;nan;Jeff Springer, Chris Metzler;['Documentary'];English;3.49;74
Mustang;nan;Deniz Gamze Ergüven;['Drama'];Turkish;4.15;97
Miss Stevens;nan;Julia Hart;['Drama', 'Comedy'];English;3.27;86
Water Lilies;nan;Céline Sciamma;['Drama', 'Romance'];French;3.52;85
Starlet;nan;Sean Baker;['Drama'];English;3.87;103
I Will Follow;nan;Ava DuVernay;['Drama', 'Romance'];English;3.26;76
Two Days, One Night;nan;Jean-Pierre Dardenne, Luc Dardenne;['Drama'];French;3.89;95
Oslo, August 31st;nan;Joachim Trier;['Drama'];Norwegian;4.1;94
Always Shine;nan;Sophia Takal;['Thriller', 'Drama', 'Horror', 'Mystery'];English;3.22;85
Chungking Express;nan;Wong Kar-wai;['Comedy', 'Drama', 'Romance'];Cantonese;4.29;103
Tomboy;nan;Céline Sciamma;['Drama'];French;3.98;82
Frances Ha;nan;Noah Baumbach;['Drama', 'Comedy'];English;4.04;86
Phoenix;nan;Christian Petzold;['Drama'];German;4.0;98
Weekend;nan;Andrew Haigh;['Romance', 'Drama'];English;3.94;96
Another Earth;nan;Mike Cahill;['Science Fiction', 'Drama'];English;3.47;92
Kumiko, the Treasure Hunter;nan;David Zellner;['Drama'];English;3.57;104
Cake;nan;Daniel Barnz;['Drama'];English;3.07;102
Still Alice;nan;Richard Glatzer, Wash Westmoreland;['Drama'];English;3.72;100
The Fits;nan;Anna Rose Holmer;['Drama'];English;3.6;72
Lovesong;nan;So Yong Kim;['Romance', 'Drama'];English;3.39;85
Short Term 12;nan;Destin Daniel Cretton;['Drama'];English;4.16;96
Melancholia;nan;Lars von Trier;['Drama', 'Science Fiction'];English;3.84;130
Pariah;nan;Dee Rees;['Drama'];English;4.02;86
Cameraperson;nan;Kirsten Johnson;['Documentary'];English;4.13;102
Polytechnique;nan;Denis Villeneuve;['Drama', 'Crime', 'Thriller'];French;3.69;77
The Piano;nan;Jane Campion;['Romance', 'Drama'];English;3.86;120
Appropriate Behavior;nan;Desiree Akhavan;['Drama', 'Romance', 'Comedy'];English;3.43;90
Lore;nan;Cate Shortland;['Drama', 'Thriller', 'War'];German;3.65;109
A Separation;nan;Asghar Farhadi;['Drama'];Persian (Farsi);4.37;123
Junebug;nan;Phil Morrison;['Drama', 'Comedy'];English;3.53;106
With Every Heartbeat;nan;Alexandra-Therese Keining;['Romance', 'Drama'];Swedish;3.37;107
Girlhood;nan;Céline Sciamma;['Drama'];French;3.72;112
Doubt;nan;John Patrick Shanley;['Drama'];English;3.93;104
Sunshine Cleaning;nan;Christine Jeffs;['Comedy', 'Drama'];English;3.34;91
Alps;nan;Yorgos Lanthimos;['Drama'];Greek (modern);3.31;94
Nocturama;nan;Bertrand Bonello;['Drama', 'Thriller'];French;3.62;130
Wild;nan;Jean-Marc Vallée;['Drama'];English;3.63;115
Loving;nan;Jeff Nichols;['Drama', 'Romance'];English;3.52;123
Celeste & Jesse Forever;nan;Lee Toland Krieger;['Drama', 'Comedy', 'Romance'];English;3.31;91
Ida;nan;Paweł Pawlikowski;['Drama'];Polish;4.04;82
Shopping;nan;Paul W. S. Anderson;['Crime', 'Drama', 'Action'];English;3.15;105
Death Race;nan;Paul W. S. Anderson;['Thriller', 'Action', 'Science Fiction'];English;2.72;105
Soldier;nan;Paul W. S. Anderson;['Drama', 'Fantasy', 'Action', 'Science Fiction'];English;2.85;99
The Sight;nan;Paul W. S. Anderson;['Horror', 'Mystery', 'Thriller', 'TV Movie'];English;3.06;86
Resident Evil: Afterlife;nan;Paul W. S. Anderson;['Action', 'Science Fiction', 'Adventure', 'Horror'];English;2.5;97
Mortal Kombat;nan;Paul W. S. Anderson;['Action', 'Fantasy'];English;2.71;101
Killing American Style;nan;Amir Shervan;['Action', 'Crime', 'Thriller'];English;2.47;101
Young Rebels;nan;Amir Shervan;['Action'];English;2.95;88
Maniac Cop;nan;William Lustig;['Action', 'Horror', 'Crime', 'Mystery'];English;3.07;85
Maniac Cop 3: Badge of Silence;nan;Alan Smithee, William Lustig;['Horror', 'Action'];English;2.58;85
Beastmaster 2: Through the Portal of Time;nan;Sylvio Tabet;['Adventure', 'Fantasy', 'Science Fiction', 'Action'];English;2.69;107
K-19: The Widowmaker;nan;Kathryn Bigelow;['War', 'Mystery', 'History', 'Thriller', 'Drama'];English;3.16;138
Abraxas, Guardian of the Universe;nan;Damian Lee;['Science Fiction'];English;1.89;90
Criminal;nan;Ariel Vromen;['Science Fiction', 'Crime', 'Action'];English;2.61;113
The Iceman;nan;Ariel Vromen;['Drama', 'Crime', 'Thriller'];English;3.17;105
Danika;nan;Ariel Vromen;['Thriller', 'Drama', 'Mystery', 'Horror'];English;2.82;79
Revolutionary Road;nan;Sam Mendes;['Romance', 'Drama'];English;3.58;119
Jonah Hex;nan;Jimmy Hayward;['Fantasy', 'Drama', 'Western', 'Thriller', 'Action'];English;1.76;82
Machine Gun Preacher;nan;Marc Forster;['Action', 'Thriller', 'Crime'];English;2.96;129
Young Ones;nan;Jake Paltrow;['Drama', 'Western', 'Science Fiction', 'Action'];English;3.02;100
Cecil B. Demented;nan;John Waters;['Crime', 'Comedy', 'Action'];English;3.8;88
Chain Reaction;nan;Andrew Davis;['Drama', 'Science Fiction', 'Action', 'Thriller'];English;2.66;107
Frank & Lola;nan;Matthew Ross;['Romance', 'Drama', 'Mystery'];English;2.9;88
Complete Unknown;nan;Joshua Marston;['Drama', 'Mystery', 'Thriller'];English;2.93;90
The Woodsman;nan;Nicole Kassell;['Crime', 'Drama'];English;3.44;87
She's Funny That Way;nan;Peter Bogdanovich;['Romance', 'Comedy'];English;3.06;93
Kangaroo Jack;nan;David McNally;['Crime', 'Action', 'Comedy', 'Family', 'Adventure'];English;1.95;89
Freeheld;nan;Peter Sollett;['Drama', 'Romance'];English;3.22;103
Elvis & Nixon;nan;Liza Johnson;['Drama', 'Comedy', 'History'];English;3.03;86
Bug;nan;William Friedkin;['Drama', 'Thriller', 'Horror'];English;3.52;98
Shotgun Stories;nan;Jeff Nichols;['Drama', 'Thriller'];English;3.71;92
The Runaways;nan;Floria Sigismondi;['Music', 'Drama', 'History'];English;3.36;106
Bad Lieutenant: Port of Call – New Orleans;nan;Werner Herzog;['Crime', 'Drama'];English;3.6;122
Bad Boys II;nan;Michael Bay;['Action', 'Crime', 'Comedy'];English;3.22;146
The Harvest;nan;John McNaughton;['Horror', 'Mystery', 'Thriller'];English;2.85;104
Salt and Fire;nan;Werner Herzog;['Thriller', 'Drama'];English;2.54;98
High Crimes;nan;Carl Franklin;['Mystery', 'Drama', 'Thriller', 'Crime'];English;2.98;115
Let's Go to Prison;nan;Bob Odenkirk;['Comedy', 'Crime'];English;2.75;89
The Current War;nan;Alfonso Gomez-Rejon;['Drama', 'History'];English;3.1;108
13;nan;Gela Babluani;['Thriller', 'Drama'];English;2.71;91
Criminal;nan;Gregory Jacobs;['Action', 'Thriller', 'Comedy'];English;3.04;87
Dead Birds;nan;Alex Turner;['Horror', 'Western', 'Thriller'];English;2.68;91
The Greatest;nan;Shana Feste;['Drama'];English;3.14;99
Lucky You;nan;Curtis Hanson;['Drama', 'Romance'];English;2.77;124
Wolves;nan;Bart Freundlich;['Drama'];English;3.05;109
Return;nan;Liza Johnson;['Drama'];English;3.31;97
The Missing Person;nan;Noah Buschel;['Comedy', 'Mystery', 'Thriller', 'Drama'];English;3.34;95
Grand Theft Parsons;nan;David Caffrey;['Comedy', 'Drama', 'Adventure'];English;2.93;88
Chicago Cab;nan;Mary Cybulski, John Tintori;['Comedy', 'Drama'];English;3.21;96
Scary Movie 4;nan;David Zucker;['Comedy'];English;2.29;83
Grown Ups 2;nan;Dennis Dugan;['Comedy'];English;2.7;101
Good Burger;nan;Brian Robbins;['Comedy', 'Family'];English;3.14;95
Freddy Got Fingered;nan;Tom Green;['Comedy'];English;2.93;87
When in Rome;nan;Mark Steven Johnson;['Romance', 'Fantasy', 'Comedy'];English;2.62;91
Steel;nan;Kenneth Johnson;['Science Fiction', 'Action', 'Fantasy', 'Adventure', 'Crime', 'Drama'];English;1.7;97
After the Sunset;nan;Brett Ratner;['Crime', 'Comedy', 'Action', 'Drama'];English;2.8;97
Blue Chips;nan;William Friedkin;['Drama'];English;3.25;108
The Kid & I;nan;Penelope Spheeris;['Comedy', 'Family'];English;2.9;93
The Hooping Life;nan;Amy Goldstein;['Documentary'];English;nan;70
Scarlet Street;nan;Fritz Lang;['Crime', 'Drama'];English;3.95;103
The Woman in the Window;nan;Fritz Lang;['Crime', 'Thriller', 'Drama'];English;3.7;107
Secret Beyond the Door;nan;Fritz Lang;['Mystery', 'Drama', 'Romance', 'Thriller'];English;3.46;99
Man Hunt;nan;Fritz Lang;['War', 'Thriller'];English;3.46;105
Father of the Bride;nan;Vincente Minnelli;['Comedy', 'Drama', 'Romance'];English;3.49;92
Little Women;nan;George Cukor;['Drama', 'Family'];English;3.48;115
Hollow Triumph;nan;Steve Sekely, Paul Henreid;['Crime', 'Thriller'];English;3.36;83
The 5th Wave;nan;J Blakeson;['Action', 'Science Fiction', 'Adventure'];English;2.24;112
Bokeh;nan;Geoffrey Orthwein, Andrew Sullivan;['Science Fiction', 'Drama', 'Thriller'];English;2.65;104
The Tribes of Palos Verdes;nan;Brendan Malloy, Emmett Malloy;['Drama'];English;3.18;104
The Scent of Rain & Lightning;nan;Blake Robbins;['Mystery', 'Drama', 'Western'];English;3.1;100
At Any Price;nan;Ramin Bahrani;['Drama', 'Thriller'];English;2.7;105
Labor Day;nan;Jason Reitman;['Drama', 'Thriller', 'Romance'];English;3.05;111
Echoes of War;nan;Kane Senes;['Drama', 'Western', 'Thriller'];English;nan;100
Thoroughbreds;nan;Cory Finley;['Thriller', 'Drama'];English;3.54;92
I Kill Giants;nan;Anders Walter;['Fantasy', 'Drama'];English;3.01;106
Mobile Suit Gundam I;nan;Ryoji Fujiwara, Yoshiyuki Tomino;['Action', 'Science Fiction', 'Animation'];Japanese;3.56;139
Ali Wong: Baby Cobra;nan;Jaime Eliezer Karas;['Comedy'];English;3.62;60
First Girl I Loved;nan;Kerem Sanga;['Drama', 'Romance'];English;2.88;91
Crimson Peak;nan;Guillermo del Toro;['Horror', 'Mystery', 'Thriller', 'Drama', 'Romance'];English;3.39;118
Hot Summer Nights;nan;Elijah Bynum;['Drama', 'Crime'];English;2.9;107
Below Her Mouth;nan;April Mullen;['Drama', 'Romance'];English;2.07;92
The Garden of Words;nan;Makoto Shinkai;['Romance', 'Drama', 'Animation'];Japanese;3.44;46
High School Musical 3: Senior Year;nan;Kenny Ortega;['Family', 'Romance', 'Drama', 'Music', 'Comedy'];English;3.2;112
Project X;nan;Nima Nourizadeh;['Comedy'];English;3.29;88
Maximum Ride;nan;Jay Martin;['Fantasy', 'Comedy', 'Science Fiction', 'Adventure', 'Action', 'Thriller'];English;1.6;88
Motu Patlu: King of Kings;nan;Suhas Kadav;['Family', 'Animation', 'Adventure', 'Comedy'];Hindi;nan;109
Conan the Destroyer;nan;Richard Fleischer;['Action', 'Adventure', 'Fantasy'];English;2.88;103
Death Race 2;nan;Roel Reiné;['Thriller', 'Action', 'Science Fiction'];English;2.32;100
The Devil's Own;nan;Alan J. Pakula;['Crime', 'Drama', 'Thriller'];English;2.93;107
Mad Max Beyond Thunderdome;nan;George Ogilvie, George Miller;['Adventure', 'Science Fiction', 'Action'];English;2.96;107
Oh, God!;nan;Carl Reiner;['Fantasy', 'Comedy'];English;3.17;98
Oh, God! Book II;nan;Gilbert Cates;['Comedy', 'Fantasy'];English;2.67;94
Police Academy 2: Their First Assignment;nan;Jerry Paris;['Crime', 'Comedy'];English;2.83;87
We Are Marshall;nan;McG;['History', 'Drama'];English;3.29;124
It's a Disaster;nan;Todd Berger;['Comedy'];English;3.28;90
The Scenesters;nan;Todd Berger;['Crime', 'Mystery', 'Comedy', 'Thriller'];English;nan;101
Money Train;nan;Joseph Ruben;['Crime', 'Action', 'Comedy'];English;2.78;110
Man of Steel;nan;Zack Snyder;['Action', 'Adventure', 'Science Fiction'];English;3.03;143
Annihilation;nan;Alex Garland;['Horror', 'Science Fiction'];English;3.57;115
Near Dark;nan;Kathryn Bigelow;['Horror'];English;3.53;94
Byzantium;nan;Neil Jordan;['Thriller', 'Drama', 'Fantasy'];English;3.31;118
The Director and the Jedi;nan;Anthony Wonke;['Documentary'];English;3.83;95
Mobile Suit Gundam II: Soldiers of Sorrow;nan;Yoshiyuki Tomino, Yoshikazu Yasuhiko;['Animation', 'Action', 'Science Fiction'];Japanese;3.57;135
Space Runaway Ideon: Contact;nan;Yoshiyuki Tomino, Toshifumi Takizawa;['Science Fiction', 'Animation'];Japanese;3.26;85
Swan Lake;nan;Kimio Yabuki;['Adventure', 'Animation', 'Fantasy'];Japanese;3.42;75
Orlando;nan;Sally Potter;['Fantasy', 'Drama'];English;3.89;90
Nebraska;nan;Alexander Payne;['Adventure', 'Drama'];English;3.96;115
About Schmidt;nan;Alexander Payne;['Comedy', 'Drama'];English;3.62;125
Less Than Zero;nan;Marek Kanievska;['Romance', 'Drama', 'Crime'];English;3.17;98
The Dirties;nan;Matt Johnson;['Comedy', 'Crime', 'Drama'];English;3.66;83
Life;nan;Anton Corbijn;['Drama'];English;3.03;112
The Rover;nan;David Michôd;['Drama', 'Crime'];English;3.44;103
On the Road;nan;Walter Salles;['Adventure', 'Drama'];English;2.87;142
Jumper;nan;Doug Liman;['Adventure', 'Science Fiction', 'Action'];English;2.65;88
Cosmopolis;nan;David Cronenberg;['Drama'];English;2.99;109
Clouds of Sils Maria;nan;Olivier Assayas;['Drama'];English;3.68;124
Café Society;nan;Woody Allen;['Drama', 'Romance', 'Comedy'];English;3.12;97
Diary of a Wimpy Kid: The Long Haul;nan;David Bowers;['Comedy', 'Adventure', 'Family'];English;1.44;91
Max Steel;nan;Stewart Hendler;['Action', 'Science Fiction', 'Adventure'];English;1.68;92
Jumanji;nan;Joe Johnston;['Fantasy', 'Family', 'Adventure'];English;3.63;104
Pitch Perfect 3;nan;Trish Sie;['Music', 'Comedy'];English;2.57;93
Jumanji: Welcome to the Jungle;nan;Jake Kasdan;['Action', 'Fantasy', 'Adventure', 'Comedy'];English;3.09;119
Hostiles;nan;Scott Cooper;['Western', 'History', 'Drama'];English;3.54;134
The Good, the Bad and the Ugly;nan;Sergio Leone;['Western'];Italian;4.5;161
Mishima: A Life in Four Chapters;nan;Paul Schrader;['Drama'];Japanese;4.42;121
The Thin Blue Line;nan;Errol Morris;['Crime', 'Documentary'];English;4.06;103
Dead Poets Society;nan;Peter Weir;['Drama'];English;4.31;128
Brideshead Revisited;nan;Charles Sturridge, Michael Lindsay-Hogg;['Drama'];English;4.22;659
Baraka;nan;Ron Fricke;['Documentary'];No spoken language;4.32;97
When We Were Kings;nan;Leon Gast;['Documentary', 'Music', 'History', 'TV Movie'];English;4.1;89
Fallen Angels;nan;Wong Kar-wai;['Crime', 'Romance', 'Action'];Cantonese;4.18;98
Porco Rosso;nan;Hayao Miyazaki;['Family', 'Adventure', 'Comedy', 'Animation'];Japanese;4.01;93
The Glass Shield;nan;Charles Burnett;['Drama', 'Thriller', 'Crime', 'Action'];English;3.47;109
Vincent;nan;Tim Burton;['Fantasy', 'Animation'];English;4.04;6
Pee-wee's Big Adventure;nan;Tim Burton;['Comedy', 'Adventure', 'Family'];English;3.49;91
Sweeney Todd: The Demon Barber of Fleet Street;nan;Tim Burton;['Drama', 'Horror'];English;3.52;116
Big Fish;nan;Tim Burton;['Drama', 'Adventure', 'Fantasy'];English;3.91;125
Frankenweenie;nan;Tim Burton;['Drama', 'Family', 'Horror', 'Fantasy', 'Science Fiction'];English;3.52;29
Planes, Trains and Automobiles;nan;John Hughes;['Comedy'];English;3.76;93
Uncle Buck;nan;John Hughes;['Drama', 'Comedy', 'Family'];English;3.48;100
She's Having a Baby;nan;John Hughes;['Comedy', 'Romance', 'Drama'];English;3.0;106
The Rainbow Thief;nan;Alejandro Jodorowsky;['Fantasy', 'Drama'];English;3.01;87
Endless Poetry;nan;Alejandro Jodorowsky;['Fantasy', 'Drama'];Spanish;3.9;128
Santa Sangre;nan;Alejandro Jodorowsky;['Horror', 'Thriller', 'Drama'];English;4.03;122
The Dance of Reality;nan;Alejandro Jodorowsky;['Fantasy', 'Drama'];Spanish;3.84;130
A Single Spark;nan;Park Kwang-su;['Drama'];Korean;3.61;92
Samurai X: Trust & Betrayal;nan;Kazuhiro Furuhashi, Akira Shimizu;['Animation'];Japanese;4.23;120
Green Fish;nan;Lee Chang-dong;['Drama'];Korean;3.59;111
A Brand New Life;nan;Ounie Lecomte;['Drama'];Korean;3.73;92
A Close Shave;nan;Nick Park;['Family', 'Comedy', 'Animation'];English;4.15;30
Fantastic Mr. Fox;nan;Wes Anderson;['Family', 'Adventure', 'Comedy', 'Animation'];English;4.28;87
The Wrong Trousers;nan;Nick Park;['Family', 'Animation', 'Comedy'];English;4.35;30
Another Country;nan;Marek Kanievska;['Drama', 'Romance'];English;3.35;87
Welcome to Leith;nan;Michael Beach Nichols, Christopher K. Walker;['Crime', 'Thriller', 'Documentary'];English;3.53;85
Cartel Land;nan;Matthew Heineman;['Drama', 'Documentary'];English;3.74;100
Barfly;nan;Barbet Schroeder;['Drama', 'Romance', 'Comedy'];English;3.55;100
The Wrestler;nan;Darren Aronofsky;['Drama', 'Romance'];English;4.07;109
The Pope of Greenwich Village;nan;Stuart Rosenberg;['Comedy', 'Crime', 'Action'];English;3.41;121
Sin City;nan;Robert Rodriguez, Frank Miller;['Thriller', 'Crime', 'Action'];English;3.69;124
F.T.W.;nan;Michael Karbelnikoff;['Drama', 'Romance', 'Crime'];English;nan;100
Girl, Interrupted;nan;James Mangold;['Drama'];English;3.93;127
Ewoks: The Battle for Endor;nan;Jim Wheat, Ken Wheat;['Family', 'Fantasy', 'Adventure', 'Science Fiction', 'TV Movie'];English;2.46;100
Fantastic Voyage;nan;Richard Fleischer;['Science Fiction', 'Adventure'];English;3.4;100
Some Kind of Wonderful;nan;Howard Deutch;['Drama', 'Romance'];English;3.29;95
Risky Business;nan;Paul Brickman;['Drama', 'Comedy', 'Romance'];English;3.42;98
2010;nan;Peter Hyams;['Science Fiction', 'Thriller'];English;3.2;116
Max Headroom: 20 Minutes into the Future;nan;Annabel Jankel, Rocky Morton;['Science Fiction', 'TV Movie', 'Comedy'];English;3.41;57
Phantasm IV: Oblivion;nan;Don Coscarelli;['Science Fiction', 'Horror'];English;2.76;90
Vision Quest;nan;Harold Becker;['Romance', 'Drama'];English;3.29;105
The Ewok Adventure;nan;John Korty;['Science Fiction', 'TV Movie', 'Fantasy', 'Adventure', 'Family'];English;2.38;96
Sneakers;nan;Phil Alden Robinson;['Crime', 'Comedy', 'Drama'];English;3.54;126
Godzilla;nan;Ishirō Honda;['Horror', 'Thriller', 'Science Fiction'];Japanese;4.05;96
Star Trek: The Motion Picture;nan;Robert Wise;['Mystery', 'Science Fiction', 'Adventure'];English;3.18;131
Say Anything...;nan;Cameron Crowe;['Romance', 'Drama', 'Comedy'];English;3.6;100
Short Circuit;nan;John Badham;['Comedy', 'Science Fiction', 'Family'];English;3.22;98
A Bay of Blood;nan;Mario Bava;['Thriller', 'Horror'];Italian;3.37;85
Humongous;nan;Paul Lynch;['Horror'];English;2.65;94
Bloody Moon;nan;Jesús Franco;['Horror', 'Thriller'];German;2.98;90
The Final Girls;nan;Todd Strauss-Schulson;['Comedy', 'Horror'];English;3.17;91
Hatchet;nan;Adam Green;['Horror', 'Comedy'];English;2.83;84
Friday the 13th;nan;Marcus Nispel;['Thriller', 'Horror'];English;2.53;97
Friday the 13th Part 2;nan;Steve Miner;['Horror', 'Thriller'];English;3.0;86
The Proposal;nan;Anne Fletcher;['Romance', 'Drama', 'Comedy'];English;3.35;108
The Omen;nan;Richard Donner;['Thriller', 'Horror'];English;3.62;111
Sorcerer;nan;William Friedkin;['Drama', 'Thriller', 'Adventure'];English;4.25;121
Bananas;nan;Woody Allen;['Comedy'];English;3.39;82
The Crazies;nan;George A. Romero;['Horror', 'Science Fiction', 'Action', 'Thriller'];English;3.18;103
The Way of the Dragon;nan;Bruce Lee;['Action', 'Crime'];Cantonese;3.58;100
The Poseidon Adventure;nan;Ronald Neame;['Thriller', 'Drama', 'Adventure'];English;3.5;117
The Stepford Wives;nan;Bryan Forbes;['Mystery', 'Science Fiction', 'Horror', 'Thriller'];English;3.73;117
Macbeth;nan;Roman Polanski;['War', 'Drama'];English;3.72;141
Let's Scare Jessica to Death;nan;John D. Hancock;['Mystery', 'Drama', 'Horror'];English;3.5;89
The Kentucky Fried Movie;nan;John Landis;['Comedy'];English;3.13;83
Time After Time;nan;Nicholas Meyer;['Drama', 'Comedy', 'Science Fiction', 'Thriller', 'Adventure'];English;3.49;112
Meatballs;nan;Ivan Reitman;['Comedy'];English;3.03;92
Charlotte's Web;nan;Iwao Takamoto, Charles August Nichols;['Animation', 'Family', 'Music'];English;3.41;94
Over the Edge;nan;Jonathan Kaplan;['Crime', 'Drama'];English;3.78;95
A Charlie Brown Thanksgiving;nan;Bill Melendez, Phil Roman;['TV Movie', 'Family', 'Animation', 'Comedy'];English;3.86;25
French Connection II;nan;John Frankenheimer;['Thriller', 'Action', 'Drama', 'Crime'];English;3.36;119
Two Mules for Sister Sara;nan;Don Siegel;['Adventure', 'Western', 'Romance'];English;3.52;114
The Mechanic;nan;Michael Winner;['Action', 'Thriller'];English;3.4;99
Empire of Passion;nan;Nagisa Ōshima;['Romance', 'Drama', 'Horror'];Japanese;3.65;105
The Twelve Tasks of Asterix;nan;René Goscinny, Albert Uderzo;['Family', 'Comedy', 'Adventure', 'Animation'];French;3.88;82
The Witch Who Came from the Sea;nan;Matt Cimber;['Drama', 'Horror'];English;3.21;88
Equinox;nan;Jack Woods, Dennis Muren;['Horror', 'Adventure'];English;2.85;82
Sugar & Spice;nan;Francine McDougall;['Crime', 'Drama', 'Comedy'];English;3.46;81
The Bay;nan;Barry Levinson;['Thriller', 'Horror', 'Science Fiction'];English;3.01;84
The Twelve Chairs;nan;Mel Brooks;['Drama', 'Comedy'];English;3.28;94
Silent Movie;nan;Mel Brooks;['Comedy'];English;3.42;87
High Anxiety;nan;Mel Brooks;['Thriller', 'Mystery', 'Comedy'];English;3.29;94
Darling;nan;John Schlesinger;['Drama', 'Romance'];English;3.57;122
Demon Seed;nan;Donald Cammell;['Science Fiction', 'Horror'];English;3.13;94
Shampoo;nan;Hal Ashby;['Comedy', 'Drama'];English;3.43;110
The Go-Between;nan;Joseph Losey;['Drama', 'Romance'];English;3.66;116
Far from the Madding Crowd;nan;John Schlesinger;['Drama', 'Romance', 'History'];English;3.64;166
Afterglow;nan;Alan Rudolph;['Comedy', 'Drama', 'Romance'];English;3.12;119
Blades of Glory;nan;Will Speck, Josh Gordon;['Comedy'];English;3.08;93
Jabberwocky;nan;Terry Gilliam;['Fantasy', 'Comedy'];English;3.1;105
The Man Who Killed Don Quixote;nan;Terry Gilliam;['Adventure', 'Comedy'];English;3.22;133
Tideland;nan;Terry Gilliam;['Thriller', 'Science Fiction', 'Drama', 'Fantasy'];English;3.14;120
The Fisher King;nan;Terry Gilliam;['Drama', 'Comedy'];English;3.88;138
Femme Fatale;nan;Brian De Palma;['Thriller', 'Mystery', 'Crime'];English;3.42;114
Obsession;nan;Brian De Palma;['Drama', 'Thriller', 'Mystery'];English;3.52;99
Morgan;nan;Luke Scott;['Thriller', 'Horror', 'Science Fiction'];English;2.62;92
Island of Lost Souls;nan;Erle C. Kenton;['Horror', 'Science Fiction'];English;3.68;71
Dr. Jekyll and Mr. Hyde;nan;Rouben Mamoulian;['Drama', 'Horror', 'Science Fiction'];English;3.76;98
The Fly;nan;Kurt Neumann;['Science Fiction', 'Drama', 'Horror'];English;3.5;94
Honey, I Shrunk the Kids;nan;Joe Johnston;['Family', 'Science Fiction', 'Adventure', 'Comedy'];English;3.17;93
Species;nan;Roger Donaldson;['Action', 'Horror', 'Science Fiction'];English;2.73;108
The Mist;nan;Frank Darabont;['Thriller', 'Science Fiction', 'Horror'];English;3.43;126
Mimic;nan;Guillermo del Toro;['Horror', 'Science Fiction'];English;2.97;105
Midnight Express;nan;Alan Parker;['Drama', 'Crime'];English;3.72;121
The Black Corsair;nan;Sergio Sollima;['Adventure', 'Action'];Italian;3.31;126
Bullet Ballet;nan;Shinya Tsukamoto;['Crime', 'Thriller', 'Drama'];Japanese;3.87;87
Revolver;nan;Guy Ritchie;['Crime', 'Thriller', 'Mystery', 'Drama'];English;2.92;111
Cleopatra;nan;Joseph L. Mankiewicz;['History', 'Drama', 'Romance'];English;3.52;251
Flipper's New Adventure;nan;Leon Benson;['Adventure', 'Family'];English;nan;94
Frenzy;nan;Alfred Hitchcock;['Thriller', 'Crime', 'Horror'];English;3.69;116
Death on the Nile;nan;John Guillermin;['Mystery'];English;3.61;140
Sunday Bloody Sunday;nan;John Schlesinger;['Drama'];English;3.6;110
The Towering Inferno;nan;John Guillermin;['Action', 'Thriller', 'Drama'];English;3.47;165
King Kong Lives;nan;John Guillermin;['Fantasy', 'Action', 'Adventure'];English;2.19;105
Rapture;nan;John Guillermin;['Romance', 'Drama'];English;3.64;105
Sheena;nan;John Guillermin;['Fantasy', 'Adventure', 'Action'];English;2.46;117
Shaft in Africa;nan;John Guillermin;['Thriller', 'Crime', 'Drama', 'Adventure', 'Action'];English;3.03;112
El Condor;nan;John Guillermin;['Action', 'Western'];English;3.19;102
The Blue Max;nan;John Guillermin;['War', 'Adventure', 'Action', 'Drama'];English;3.4;156
Never Let Go;nan;John Guillermin;['Crime', 'Thriller'];English;3.49;90
Town on Trial;nan;John Guillermin;['Mystery', 'Crime'];English;3.31;95
The Bridge at Remagen;nan;John Guillermin;['Action', 'War'];English;3.36;117
Into the Blue;nan;John Stockwell;['Adventure', 'Crime', 'Thriller', 'Action'];English;2.64;110
The Mod Squad;nan;Scott Silver;['Mystery', 'Thriller', 'Drama', 'Action'];English;2.34;92
American Gangster;nan;Ridley Scott;['Crime', 'Drama'];English;3.88;157
Milk;nan;Gus Van Sant;['Drama', 'History'];English;3.77;128
Men in Black 3;nan;Barry Sonnenfeld;['Comedy', 'Action', 'Science Fiction'];English;3.13;106
Hollow Man;nan;Paul Verhoeven;['Thriller', 'Science Fiction', 'Action'];English;2.82;112
Only the Brave;nan;Joseph Kosinski;['Drama', 'Action'];English;3.83;133
You Will Meet a Tall Dark Stranger;nan;Woody Allen;['Comedy', 'Romance', 'Drama'];English;2.9;98
A Nightmare on Elm Street 3: Dream Warriors;nan;Chuck Russell;['Thriller', 'Fantasy', 'Horror'];English;3.52;96
True Romance;nan;Tony Scott;['Romance', 'Crime', 'Action'];English;3.94;118
A Glimpse Inside the Mind of Charles Swan III;nan;Roman Coppola;['Comedy'];English;2.18;86
The Indian Runner;nan;Sean Penn;['Drama'];English;3.51;127
Goodbye Lover;nan;Roland Joffé;['Thriller', 'Mystery', 'Comedy', 'Crime'];English;2.81;102
MadHouse;nan;Tom Ropelewski;['Comedy'];English;2.63;90
Class of 1999;nan;Mark L. Lester;['Action', 'Science Fiction'];English;3.21;99
Fire in the Sky;nan;Rob Lieberman;['Science Fiction', 'Thriller', 'Mystery', 'Drama', 'Fantasy'];English;3.21;109
Four Friends;nan;Arthur Penn;['Comedy', 'Romance', 'Drama'];English;3.42;115
Epoch;nan;Matt Codd;['Science Fiction'];English;2.77;96
The Super Cops;nan;Gordon Parks;['Thriller', 'Crime', 'Comedy', 'Drama', 'Action'];English;3.38;90
Nickelodeon;nan;Peter Bogdanovich;['Comedy'];English;3.32;126
Lepke;nan;Menahem Golan;['Drama', 'Crime'];English;nan;110
The Yards;nan;James Gray;['Thriller', 'Drama', 'Crime'];English;3.48;115
You Were Never Really Here;nan;Lynne Ramsay;['Drama', 'Thriller', 'Crime'];English;3.69;89
Caddyshack;nan;Harold Ramis;['Comedy'];English;3.38;98
Casper;nan;Brad Silberling;['Fantasy', 'Comedy', 'Family'];English;3.09;100
Little Nicky;nan;Steven Brill;['Comedy', 'Fantasy'];English;2.4;90
Rover Dangerfield;nan;James L. George, Bob Seeley;['Comedy', 'Family', 'Animation'];English;2.71;74
Casper: A Spirited Beginning;nan;Sean McNamara;['Adventure', 'Comedy', 'Fantasy', 'Family'];English;2.37;90
The Man with One Red Shoe;nan;Stan Dragoti;['Comedy', 'Action'];English;2.76;90
Animal House;nan;John Landis;['Comedy'];English;3.45;109
Machete Kills;nan;Robert Rodriguez;['Thriller', 'Action', 'Crime'];English;2.59;107
Little Fockers;nan;Paul Weitz, Greg Glienna;['Romance', 'Comedy'];English;2.44;98
The Love Guru;nan;Marco Schnabel;['Comedy', 'Romance'];English;1.52;87
Fantastic Four;nan;Tim Story;['Science Fiction', 'Action', 'Fantasy'];English;2.56;106
Valentine's Day;nan;Garry Marshall;['Comedy', 'Romance'];English;2.69;125
Barely Lethal;nan;Kyle Newman;['Adventure', 'Comedy', 'Romance', 'Action'];English;2.34;98
Stretch;nan;Joe Carnahan;['Action', 'Thriller', 'Comedy'];English;3.1;94
Good Luck Chuck;nan;Mark Helfrich;['Romance', 'Comedy'];English;2.1;101
Spy Kids: All the Time in the World;nan;Robert Rodriguez;['Fantasy', 'Drama', 'Action', 'Science Fiction', 'Adventure', 'Family', 'Comedy'];English;1.69;89
Some Kind of Beautiful;nan;Tom Vaughan;['Romance', 'Comedy'];English;2.39;99
The Killer Inside Me;nan;Michael Winterbottom;['Drama', 'Thriller', 'Crime'];English;2.9;109
Ride Along;nan;Tim Story;['Comedy', 'Action'];English;2.68;99
Think Like a Man;nan;Tim Story;['Comedy', 'Romance'];English;2.93;122
The Legend of Zorro;nan;Martin Campbell;['Western', 'Adventure', 'Action'];English;2.84;129
The Foreigner;nan;Martin Campbell;['Action', 'Crime', 'Thriller'];English;3.18;113
No Escape;nan;Martin Campbell;['Drama', 'Action', 'Thriller', 'Science Fiction'];English;3.01;118
Cast a Deadly Spell;nan;Martin Campbell;['Horror', 'Fantasy', 'TV Movie', 'Comedy', 'Mystery'];English;3.19;96
Beyond Borders;nan;Martin Campbell;['Drama', 'Romance', 'War', 'Adventure'];English;3.02;127
Criminal Law;nan;Martin Campbell;['Romance', 'Thriller', 'Drama'];English;2.77;114
Edge of Darkness;nan;Martin Campbell;['Crime', 'Mystery', 'Thriller', 'Drama'];English;3.01;117
Poultrygeist: Night of the Chicken Dead;nan;Lloyd Kaufman;['Horror', 'Fantasy', 'Comedy', 'Science Fiction', 'Music'];English;2.97;103
Skiptrace;nan;Renny Harlin;['Action', 'Adventure', 'Crime', 'Comedy'];English;2.49;107
Japanese Spiderman: Episode 0;nan;Koichi Takemoto;['Action', 'Science Fiction', 'Adventure'];Japanese;3.36;24
I Am Not Madame Bovary;nan;Feng Xiaogang;['Drama', 'Comedy'];Chinese;3.54;128
League of Gods;nan;Koan Hui On;['Fantasy', 'Action'];Chinese;2.46;130
Sacrifice;nan;Chen Kaige;['Thriller', 'Drama', 'Action', 'History'];Chinese;3.17;128
The White Haired Witch of Lunar Kingdom;nan;Jacob Cheung;['Fantasy'];Chinese;2.87;104
Unity;nan;Shaun Monson;['Documentary'];English;3.15;99
Buddha Mountain;nan;Li Yu;['Drama'];Chinese;3.6;105
My Way;nan;Kang Je-kyu;['Action', 'Drama', 'History', 'War'];Korean;3.61;137
Flash Point;nan;Wilson Yip;['Action'];Cantonese;3.36;88
Shaolin;nan;Benny Chan Muk-Sing;['Drama', 'Action'];Chinese;3.29;131
Shinjuku Incident;nan;Derek Yee Tung-Sing;['Action', 'Thriller', 'Drama', 'Crime'];Cantonese;3.26;119
Lost in Beijing;nan;Li Yu;['Drama', 'Romance'];Chinese;3.42;112
Men in Black II;nan;Barry Sonnenfeld;['Science Fiction', 'Comedy', 'Action'];English;3.0;88
Nine Lives;nan;Barry Sonnenfeld;['Fantasy', 'Family', 'Comedy'];English;1.93;86
What Richard Did;nan;Lenny Abrahamson;['Drama'];English;3.36;87
A Nos Amours;nan;Maurice Pialat;['Drama', 'Romance'];French;3.86;102
Attack on Titan;nan;Shinji Higuchi;['Horror', 'Action', 'Science Fiction'];Japanese;2.85;98
GetEven;nan;John De Hart, James Paradise;['Action', 'Thriller'];English;2.83;89
The Twilight Saga: New Moon;nan;Chris Weitz;['Romance', 'Adventure', 'Drama', 'Fantasy'];English;2.69;131
High School Musical;nan;Kenny Ortega;['Music', 'Comedy', 'Family', 'TV Movie', 'Romance', 'Drama'];English;3.25;98
Salò, or the 120 Days of Sodom;nan;Pier Paolo Pasolini;['War', 'Horror', 'Drama'];Italian;3.12;116
The Passion of the Christ;nan;Mel Gibson;['Drama'];Hebrew (modern);3.42;127
Grown Ups;nan;Dennis Dugan;['Comedy'];English;3.14;102
Dirty Grandpa;nan;Dan Mazer;['Comedy'];English;2.33;102
Just Go with It;nan;Dennis Dugan;['Comedy', 'Romance'];English;3.12;117
You Don't Mess with the Zohan;nan;Dennis Dugan;['Action', 'Comedy'];English;2.47;113
The Other Woman;nan;Nick Cassavetes;['Comedy', 'Romance'];English;3.01;109
If I Stay;nan;R. J. Cutler;['Drama'];English;2.85;106
The Cat in the Hat;nan;Bo Welch;['Comedy', 'Family', 'Fantasy', 'Adventure'];English;2.64;81
The Human Centipede (First Sequence);nan;Tom Six;['Horror'];English;1.89;91
House of 1000 Corpses;nan;Rob Zombie;['Horror'];English;3.2;89
Lady in the Water;nan;M. Night Shyamalan;['Fantasy', 'Mystery', 'Drama'];English;2.51;110
Scooby-Doo 2: Monsters Unleashed;nan;Raja Gosnell;['Fantasy', 'Mystery', 'Comedy', 'Adventure'];English;3.2;93
The Host;nan;Andrew Niccol;['Science Fiction', 'Action', 'Adventure'];English;2.42;125
The Book of Henry;nan;Colin Trevorrow;['Crime', 'Drama', 'Thriller'];English;2.59;105
Dear John;nan;Lasse Hallström;['Romance', 'Drama', 'War'];English;2.79;108
The Ugly Truth;nan;Robert Luketic;['Comedy', 'Romance'];English;2.6;96
Orbit Ever After;nan;Jamie Magnus Stone;['Comedy', 'Romance', 'Science Fiction'];English;3.44;20
NADIA;nan;Teddy Nygh;['Drama'];English;3.18;17
Colette;nan;Wash Westmoreland;['History', 'Drama'];English;3.43;112
Jimmy's Hall;nan;Ken Loach;['Drama', 'History'];English;3.41;106
Apple Tree Yard;nan;nan;['Drama', 'Mystery'];English;3.46;232
Batman and Harley Quinn;nan;Sam Liu;['Adventure', 'Crime', 'Comedy', 'Animation'];English;2.58;74
Smash Palace;nan;Roger Donaldson;['Drama', 'Thriller'];English;3.56;108
Meet the Feebles;nan;Peter Jackson;['Music', 'Comedy'];English;3.34;93
We Need to Talk About Kevin;nan;Lynne Ramsay;['Drama', 'Thriller'];English;3.81;113
Throw Momma from the Train;nan;Danny DeVito;['Comedy', 'Thriller', 'Crime'];English;3.18;88
Precious;nan;Lee Daniels;['Drama'];English;3.68;110
Psycho;nan;Alfred Hitchcock;['Mystery', 'Thriller', 'Horror'];English;4.32;109
Arena;nan;Peter Manoogian;['Science Fiction', 'Action', 'Horror'];English;2.89;94
Arena;nan;Jonah Loop;['Science Fiction', 'Thriller', 'Action'];English;2.07;94
Arthur;nan;Steve Gordon;['Romance', 'Drama', 'Comedy'];English;3.34;97
Arthur;nan;Jason Winer;['Romance', 'Comedy'];English;2.37;110
Back to School;nan;Alan Metter;['Comedy'];English;3.17;96
The Big Brawl;nan;Robert Clouse;['Comedy', 'Action'];English;2.9;95
Book of Blood;nan;John Harrison;['Drama', 'Horror', 'Thriller', 'Mystery'];English;2.55;96
Cahill: United States Marshal;nan;Andrew V. McLaglen;['Drama', 'Western'];English;3.07;103
Caveman;nan;Carl Gottlieb;['Comedy', 'Adventure'];English;2.66;91
Teenage Cave Man;nan;Roger Corman;['Adventure', 'Science Fiction'];English;2.46;65
Chaos;nan;Tony Giglio;['Action', 'Crime', 'Drama'];English;2.8;106
Charlie Countryman;nan;Fredrik Bond;['Drama', 'Romance', 'Thriller', 'Action', 'Comedy'];English;3.1;108
Charlie;nan;Malcolm Needs;['Drama', 'Crime', 'Thriller', 'Action'];English;nan;95
The China Syndrome;nan;James Bridges;['Drama', 'Thriller'];English;3.78;122
Coogan's Bluff;nan;Don Siegel;['Drama', 'Crime', 'Thriller', 'Action'];English;3.11;93
Days of Thunder;nan;Tony Scott;['Drama', 'Adventure', 'Action'];English;3.11;107
Dragon Wars: D-War;nan;Shim Hyung-rae;['Drama', 'Horror', 'Fantasy', 'Action', 'Science Fiction', 'Thriller'];Korean;1.81;90
Earthquake;nan;Mark Robson;['Drama', 'Thriller', 'Action'];English;2.93;123
Failure to Launch;nan;Tom Dey;['Comedy', 'Romance'];English;2.53;97
The Fast and the Furious: Tokyo Drift;nan;Justin Lin;['Crime', 'Action', 'Drama', 'Thriller'];English;3.21;104
The Giant Gila Monster;nan;Ray Kellogg;['Horror', 'Science Fiction'];English;2.22;74
The Fatal Hour;nan;William Nigh;['Thriller', 'Mystery'];English;2.87;68
Hercules and the Princess of Troy;nan;Albert Band;['TV Movie', 'Adventure'];English;nan;47
Land of the Lost;nan;Brad Silberling;['Action', 'Science Fiction', 'Comedy', 'Adventure'];English;2.49;102
Machete;nan;Robert Rodriguez, Ethan Maniquis;['Comedy', 'Action', 'Thriller'];English;3.07;105
McQ;nan;John Sturges;['Mystery', 'Thriller', 'Action', 'Crime', 'Drama'];English;3.04;111
Bad Day at Black Rock;nan;John Sturges;['Thriller', 'Drama', 'Crime', 'Western', 'Mystery'];English;3.93;81
Gunfight at the O.K. Corral;nan;John Sturges;['Western', 'Drama'];English;3.52;122
Ice Station Zebra;nan;John Sturges;['Adventure', 'Thriller', 'Action'];English;3.2;149
The Old Man and the Sea;nan;John Sturges;['Adventure', 'Drama'];English;3.28;86
The Law and Jake Wade;nan;John Sturges;['Western'];English;3.47;86
Marooned;nan;John Sturges;['Science Fiction', 'Drama', 'Adventure'];English;2.93;134
Mystery Street;nan;John Sturges;['Thriller', 'Crime'];English;3.43;93
The Eagle Has Landed;nan;John Sturges;['Action', 'Drama', 'Adventure', 'War', 'Thriller'];English;3.36;135
Saddle the Wind;nan;Robert Parrish;['Western'];English;3.35;84
Never So Few;nan;John Sturges;['War', 'Drama', 'Adventure'];English;3.01;125
Escape from Fort Bravo;nan;John Sturges;['Western'];English;3.36;99
Hour of the Gun;nan;John Sturges;['Western'];English;3.3;100
The Satan Bug;nan;John Sturges;['Thriller', 'Science Fiction', 'Mystery'];English;3.07;114
Jeopardy;nan;John Sturges;['Drama', 'Thriller', 'Crime'];English;3.31;69
Backlash;nan;John Sturges;['Western'];English;3.37;84
The People Against O'Hara;nan;John Sturges;['Drama', 'Crime'];English;3.34;102
Chino;nan;John Sturges, Duilio Coletti;['Action', 'Western', 'Adventure', 'Drama'];Italian;3.04;98
Underwater!;nan;John Sturges;['Adventure', 'Action'];English;3.0;99
Fast Five;nan;Justin Lin;['Crime', 'Action', 'Thriller'];English;3.48;130
Mesa of Lost Women;nan;Ron Ormond, Herbert Tevos;['Science Fiction', 'Horror'];English;2.1;69
Necessary Roughness;nan;Stan Dragoti;['Comedy'];English;2.9;108
Next;nan;Lee Tamahori;['Thriller', 'Science Fiction', 'Action'];English;2.46;96
The Strange Vice of Mrs Wardh;nan;Sergio Martino;['Mystery', 'Crime', 'Horror'];Italian;3.6;98
Pornostar;nan;Toshiaki Toyoda;['Drama', 'Crime'];Japanese;3.52;98
Race with the Devil;nan;Jack Starrett;['Action', 'Thriller', 'Horror'];English;3.37;88
Righteous Kill;nan;Jon Avnet;['Drama', 'Crime', 'Mystery', 'Action', 'Thriller'];English;2.46;101
Robert;nan;Andrew Jones;['Horror'];English;1.43;90
Shin Godzilla;nan;Shinji Higuchi, Hideaki Anno;['Action', 'Horror', 'Science Fiction'];Japanese;3.87;120
The Sicilian;nan;Michael Cimino;['Thriller', 'Drama', 'Crime'];English;2.99;116
Surviving the Game;nan;Ernest R. Dickerson;['Adventure', 'Drama', 'Crime', 'Thriller', 'Action'];English;3.11;96
Fast & Furious;nan;Justin Lin;['Action', 'Crime', 'Thriller', 'Drama'];English;2.9;107
Blue Crush;nan;John Stockwell;['Adventure', 'Drama', 'Romance'];English;2.99;104
The Assignment;nan;Walter Hill;['Thriller', 'Action', 'Crime'];English;2.11;95
Battle: Los Angeles;nan;Jonathan Liebesman;['Science Fiction', 'Action'];English;2.37;116
I Am Evel Knievel;nan;Derik Murray, David Ray;['Documentary'];English;3.33;94
Planet Hulk;nan;Sam Liu;['Science Fiction', 'Fantasy', 'Animation', 'Action'];English;3.19;81
Hulk vs. Thor;nan;Sam Liu;['Fantasy', 'Action', 'Animation', 'Science Fiction'];English;2.97;45
Justice League: Gods and Monsters;nan;Sam Liu;['Adventure', 'Action', 'Fantasy', 'Animation', 'Science Fiction'];English;3.23;76
Justice League vs. Teen Titans;nan;Sam Liu;['Fantasy', 'Comedy', 'Adventure', 'Science Fiction', 'Drama', 'Animation', 'Action'];English;3.11;78
Teen Titans: The Judas Contract;nan;Sam Liu;['Science Fiction', 'Action', 'Animation'];English;3.17;84
All Star Superman;nan;Sam Liu;['Science Fiction', 'Action', 'Adventure', 'Animation'];English;3.32;76
Superman/Batman: Public Enemies;nan;Sam Liu;['Drama', 'Animation', 'Adventure', 'Science Fiction'];English;3.22;67
Thor: Tales of Asgard;nan;Sam Liu;['Adventure', 'Action', 'Animation'];English;2.84;77
Spider-Man 2;nan;Sam Raimi;['Action', 'Science Fiction', 'Adventure'];English;3.9;127
When Harry Met Sally...;nan;Rob Reiner;['Drama', 'Romance', 'Comedy'];English;4.06;96
Nosferatu;nan;F. W. Murnau;['Horror', 'Fantasy'];No spoken language;3.83;95
Thirst;nan;Park Chan-wook;['Horror', 'Drama', 'Thriller'];Korean;3.78;134
Homeward Bound: The Incredible Journey;nan;Duwayne Dunham;['Comedy', 'Adventure', 'Family'];English;3.48;84
The Fox and the Hound;nan;Ted Berman, Art Stevens;['Adventure', 'Drama', 'Family', 'Animation'];English;3.69;82
Best in Show;nan;Christopher Guest;['Comedy'];English;3.87;90
Turner & Hooch;nan;Roger Spottiswoode;['Action', 'Thriller', 'Comedy', 'Crime', 'Family'];English;3.08;97
I Am Legend;nan;Francis Lawrence;['Thriller', 'Drama', 'Science Fiction'];English;3.42;101
Hachi: A Dog's Tale;nan;Lasse Hallström;['Drama', 'Family'];English;3.82;93
Beethoven;nan;Brian Levant;['Family', 'Comedy'];English;2.82;87
Cujo;nan;Lewis Teague;['Horror', 'Thriller'];English;2.99;93
The Great Escape;nan;John Sturges;['Drama', 'War', 'Adventure'];English;4.15;173
Paddington 2;nan;Paul King;['Family', 'Adventure', 'Comedy'];English;4.16;104
Cool Hand Luke;nan;Stuart Rosenberg;['Crime', 'Action', 'Drama'];English;4.15;127
A Man Escaped;nan;Robert Bresson;['Drama', 'Thriller'];French;4.35;101
The Great Dictator;nan;Charlie Chaplin;['War', 'Comedy'];English;4.32;125
Good Will Hunting;nan;Gus Van Sant;['Drama'];English;4.34;127
All the President's Men;nan;Alan J. Pakula;['Thriller', 'Mystery', 'History', 'Drama'];English;4.16;138
State of Play;nan;Kevin Macdonald;['Mystery', 'Thriller', 'Crime'];English;3.33;127
Broadcast News;nan;James L. Brooks;['Comedy', 'Romance'];English;4.01;133
Cinema Paradiso;nan;Giuseppe Tornatore;['Drama', 'Romance'];Italian;4.48;155
A Quiet Place;nan;John Krasinski;['Drama', 'Science Fiction', 'Horror'];English;3.65;91
Black Panther;nan;Ryan Coogler;['Adventure', 'Science Fiction', 'Action'];English;3.66;135
Locks;nan;Ryan Coogler;['Drama'];English;3.58;6
Hello, My Name Is Doris;nan;Michael Showalter;['Drama', 'Romance', 'Comedy'];English;3.29;95
The Baxter;nan;Michael Showalter;['Romance', 'Comedy'];English;3.33;91
Central Intelligence;nan;Rawson Marshall Thurber;['Comedy', 'Action'];English;2.7;107
Sex Tape;nan;Jake Kasdan;['Comedy'];English;2.03;94
The Five-Year Engagement;nan;Nicholas Stoller;['Romance', 'Comedy'];English;2.83;124
Bad Milo!;nan;Jacob Vaughan;['Comedy', 'Horror'];English;2.81;85
Ruby Sparks;nan;Jonathan Dayton, Valerie Faris;['Comedy', 'Drama', 'Fantasy', 'Romance'];English;3.59;104
The Monster;nan;Bryan Bertino;['Drama', 'Horror'];English;2.64;91
Fracture;nan;Gregory Hoblit;['Thriller'];English;3.36;113
Our Brand Is Crisis;nan;David Gordon Green;['Drama', 'Comedy'];English;2.88;108
Olive Kitteridge;nan;Lisa Cholodenko;['Drama'];English;4.2;239
In Your Eyes;nan;Brin Hill;['Drama', 'Science Fiction', 'Romance'];English;3.22;105
In the Valley of Elah;nan;Paul Haggis;['Drama', 'Crime', 'Thriller', 'History', 'Mystery'];English;3.44;124
Me and Orson Welles;nan;Richard Linklater;['Drama', 'Comedy', 'History'];English;3.23;114
Happythankyoumoreplease;nan;Josh Radnor;['Comedy', 'Drama', 'Romance'];English;3.13;100
My Blind Brother;nan;Sophie Goodhart;['Drama', 'Comedy', 'Romance'];English;3.07;85
The Exploding Girl;nan;Bradley Rust Gray;['Drama'];English;3.24;80
Some Girl(s);nan;Daisy von Scherler Mayer;['Comedy', 'Drama'];English;2.19;90
The Private Lives of Pippa Lee;nan;Rebecca Miller;['Drama', 'Romance', 'Comedy'];English;3.03;98
The Pretty One;nan;Jenée LaMarque;['Drama', 'Comedy'];English;3.02;90
I Hate Valentine's Day;nan;Nia Vardalos;['Romance', 'Comedy'];English;2.37;98
August;nan;Austin Chick;['Drama'];English;2.93;88
Crash;nan;David Cronenberg;['Thriller', 'Drama'];English;3.68;100
Thirteen;nan;Catherine Hardwicke;['Drama'];English;3.49;100
Top of the Lake;nan;Jane Campion, Garth Davis;['Crime', 'Drama'];nan;3.92;350
Spielberg;nan;Susan Lacy;['Documentary'];English;3.8;140
Always;nan;Steven Spielberg;['Fantasy', 'Drama', 'Romance'];English;2.93;122
A Life Less Ordinary;nan;Danny Boyle;['Comedy', 'Fantasy', 'Romance'];English;3.09;103
Copycat;nan;Jon Amiel;['Mystery', 'Thriller', 'Horror', 'Crime', 'Drama'];English;3.26;124
Manglehorn;nan;David Gordon Green;['Drama'];English;2.98;97
Moonlight Mile;nan;Brad Silberling;['Romance', 'Drama'];English;3.17;117
Jesus' Son;nan;Alison Maclean;['Comedy', 'Drama', 'Romance'];English;3.57;107
Home for the Holidays;nan;Jodie Foster;['Comedy', 'Romance', 'Drama'];English;3.3;103
Little Black Book;nan;Nick Hurran;['Romance', 'Comedy', 'Drama'];English;2.91;111
Swing Shift;nan;Jonathan Demme;['Drama', 'Romance', 'War'];English;3.18;100
Won't Back Down;nan;Daniel Barnz;['Drama'];English;2.89;121
Nine Lives;nan;Rodrigo García;['Romance', 'Drama'];English;3.37;115
Strange Weather;nan;Katherine Dieckmann;['Drama'];English;3.16;95
Bonnie & Clyde;nan;Bruce Beresford;['Drama', 'Crime'];English;3.2;176
Paradise;nan;Diablo Cody;['Drama', 'Comedy'];English;2.61;87
The Big White;nan;Mark Mylod;['Comedy', 'Crime', 'Drama'];English;3.08;100
Things You Can Tell Just by Looking at Her;nan;Rodrigo García;['Drama', 'Romance'];English;3.15;109
Trespassing Bergman;nan;Jane Magnusson, Hynek Pallas;['History', 'Documentary'];English;3.52;108
Living Out Loud;nan;Richard LaGravenese;['Comedy', 'Romance', 'Drama'];English;3.42;100
Once Around;nan;Lasse Hallström;['Drama', 'Romance', 'Comedy'];English;3.37;115
Jackie;nan;Antoinette Beumer;['Drama'];Dutch;3.3;100
Levity;nan;Ed Solomon;['Crime', 'Drama'];English;3.08;100
The Positively True Adventures of the Alleged Texas Cheerleader-Murdering Mom;nan;Michael Ritchie;['Drama', 'TV Movie', 'Comedy'];English;3.34;99
The Devil Wears Prada;nan;David Frankel;['Comedy', 'Drama'];English;3.81;109
Blow-Up;nan;Michelangelo Antonioni;['Mystery', 'Drama', 'Thriller'];English;3.82;111
Iris;nan;Albert Maysles;['Documentary'];English;3.61;83
Brüno;nan;Larry Charles;['Comedy'];English;2.93;83
The Incredibles;nan;Brad Bird;['Animation', 'Family', 'Adventure', 'Action'];English;4.07;115
Paris Is Burning;nan;Jennie Livingston;['Documentary'];English;4.52;78
The Dressmaker;nan;Jocelyn Moorhouse;['Western', 'Drama', 'Comedy'];English;3.38;118
Anesthesia;nan;Tim Blake Nelson;['Drama', 'Thriller'];English;2.92;90
The Outcasts;nan;Peter Hutchings;['Comedy'];English;2.12;95
A Birder's Guide to Everything;nan;Rob Meyer;['Comedy'];English;3.19;86
Happy Death Day;nan;Christopher Landon;['Mystery', 'Horror', 'Comedy'];English;3.01;97
Flipped;nan;Rob Reiner;['Drama', 'Romance'];English;3.73;89
Earth to Echo;nan;Dave Green;['Family', 'Science Fiction', 'Adventure'];English;2.98;89
Perfect High;nan;Vanessa Parise;['Drama', 'TV Movie'];English;2.48;88
Jack of the Red Hearts;nan;Janet Grillo;['Drama', 'Family'];English;3.3;102
Good Kids;nan;Chris McCoy;['Comedy'];English;2.8;86
H8RZ;nan;Derrick Borte;['Action', 'Thriller', 'Drama'];English;nan;94
In a Valley of Violence;nan;Ti West;['Action', 'Western'];English;3.13;104
Anna;nan;Jorge Dorado;['Thriller', 'Drama'];English;3.04;99
6 Years;nan;Hannah Fidell;['Drama', 'Romance'];English;2.46;84
Higher Ground;nan;Vera Farmiga;['Drama', 'Thriller'];English;3.33;109
At Middleton;nan;Adam Rodgers;['Comedy', 'Romance'];English;3.09;101
Share;nan;Pippa Bianco;['Drama'];English;3.26;13
Jamesy Boy;nan;Trevor White;['Crime', 'Drama', 'Romance'];English;3.04;109
Big Daddy;nan;Dennis Dugan;['Comedy', 'Drama'];English;3.2;93
17 Again;nan;Burr Steers;['Comedy', 'Fantasy', 'Drama', 'Romance'];English;2.82;102
How to Be Single;nan;Christian Ditter;['Comedy', 'Romance'];English;2.79;110
Blockers;nan;Kay Cannon;['Comedy'];English;2.97;102
Funny People;nan;Judd Apatow;['Comedy', 'Drama'];English;3.06;146
I Love You Phillip Morris;nan;Glenn Ficarra, John Requa;['Drama', 'Romance', 'Crime', 'Comedy'];English;3.4;98
George of the Jungle;nan;Sam Weisman;['Comedy', 'Romance', 'Family', 'Adventure'];English;2.76;92
Orange County;nan;Jake Kasdan;['Comedy', 'Drama'];English;3.04;82
Mr. Peabody & Sherman;nan;Rob Minkoff;['Adventure', 'Family', 'Animation'];English;3.23;92
Drillbit Taylor;nan;Steven Brill;['Comedy'];English;2.58;102
Beverly Hills Chihuahua;nan;Raja Gosnell;['Family', 'Comedy', 'Romance', 'Adventure'];English;2.48;91
The Comedian;nan;Taylor Hackford;['Comedy'];English;2.62;120
Stealing Harvard;nan;Bruce McCulloch;['Drama', 'Comedy', 'Action', 'Crime'];English;2.55;85
She's the One;nan;Edward Burns;['Romance', 'Comedy'];English;2.76;96
Little Birds;nan;Elgin James;['Drama'];English;3.13;94
Blood Beach;nan;Jeffrey Bloom;['Science Fiction', 'Horror'];English;2.36;92
Contamination;nan;Luigi Cozzi;['Horror', 'Science Fiction'];Italian;2.65;95
Gung Ho;nan;Ron Howard;['Drama', 'Comedy'];English;3.05;111
Blue Thunder;nan;John Badham;['Action', 'Thriller', 'Drama'];English;3.18;110
Fright Night Part 2;nan;Tommy Lee Wallace;['Comedy', 'Horror'];English;3.07;104
I, Desire;nan;John Llewellyn Moxey;['Horror', 'Thriller', 'Crime', 'TV Movie'];English;nan;95
Child's Play 3;nan;Jack Bender;['Horror', 'Thriller'];English;2.55;90
Next of Kin;nan;Tony Williams;['Mystery', 'Horror'];English;3.38;86
Cry for the Strangers;nan;Peter Medak;['Thriller', 'TV Movie', 'Horror'];English;nan;97
Don't Go to Sleep;nan;Richard Lang;['TV Movie', 'Horror'];English;3.22;93
Frightmare;nan;Norman Thaddeus Vane;['Comedy', 'Horror'];English;2.63;86
Beachhead;nan;Stuart Heisler;['War'];English;nan;90
Witchboard;nan;Kevin Tenney;['Mystery', 'Horror', 'Thriller'];English;2.79;98
The Rachel Papers;nan;Damian Harris;['Comedy', 'Romance'];English;3.04;95
The Heavenly Kid;nan;Cary Medoway;['Fantasy', 'Comedy', 'Romance'];English;3.02;90
Dance 'Til Dawn;nan;Paul Schneider;['TV Movie', 'Family', 'Comedy'];English;3.24;100
My Science Project;nan;Jonathan R. Betuel;['Science Fiction', 'Comedy', 'Fantasy', 'Family'];English;2.87;94
Weekend Pass;nan;Lawrence Bassoff;['Comedy'];English;2.82;89
The Pirate Movie;nan;Ken Annakin;['Action', 'Family', 'Comedy', 'Romance', 'Drama', 'Music'];English;2.82;105
Hell High;nan;Douglas Grossman;['Horror'];English;2.69;84
Night of the Demons;nan;Kevin Tenney;['Comedy', 'Horror'];English;3.09;90
Made in Britain;nan;Alan Clarke;['Drama', 'Crime', 'TV Movie'];English;3.67;76
My Mom's a Werewolf;nan;Michael Fischa;['Comedy', 'Horror'];English;2.56;88
The Octagon;nan;Eric Karson;['Action', 'Thriller', 'Adventure'];English;2.53;104
Suburbia;nan;Penelope Spheeris;['Thriller', 'Drama', 'Music'];English;3.49;94
Class of 1984;nan;Mark L. Lester;['Thriller', 'Drama', 'Action', 'Crime'];English;3.26;98
Jocks;nan;Steve Carver;['Comedy'];English;2.71;91
Spookies;nan;Genie Joseph, Brendan Faulkner;['Horror'];English;2.63;85
Fade to Black;nan;Vernon Zimmerman;['Drama', 'Horror', 'Comedy', 'Thriller'];English;3.23;102
The Day After;nan;Nicholas Meyer;['TV Movie', 'Drama', 'Science Fiction'];English;3.43;127
Ruckus;nan;Max Kleven;['Action', 'Drama', 'Comedy', 'Thriller'];English;3.06;93
Girls Just Want to Have Fun;nan;Alan Metter;['Music', 'Romance', 'Comedy', 'Family'];English;3.17;87
Flashpoint;nan;William Tannen;['Action', 'Thriller', 'Mystery', 'Drama', 'Crime'];English;3.15;94
Cutting Class;nan;Rospo Pallenberg;['Comedy', 'Horror', 'Mystery', 'Crime'];English;2.54;91
The Cellar;nan;Kevin Tenney;['Horror'];English;2.62;86
The Babysitter;nan;Peter Medak;['TV Movie', 'Thriller', 'Drama'];English;3.1;96
Hangar 18;nan;James L. Conway;['Science Fiction', 'Thriller', 'Action'];English;2.69;97
The Day Time Ended;nan;"John ""Bud"" Cardos";['Horror', 'Adventure', 'Science Fiction'];English;1.96;80
Time Walker;nan;Tom Kennedy;['Horror', 'Science Fiction'];English;2.32;83
Wavelength;nan;Mike Gray;['Science Fiction'];English;3.1;87
Lensman;nan;Yoshiaki Kawajiri, Kazuyuki Hirokawa;['Action', 'Science Fiction', 'Animation'];Japanese;3.23;107
Parasite;nan;Charles Band;['Science Fiction', 'Horror'];English;2.4;85
Zone Troopers;nan;Danny Bilson;['Adventure', 'War', 'Action', 'Science Fiction'];English;2.87;86
Annihilator;nan;Michael Chapman;['Science Fiction', 'Mystery', 'TV Movie', 'Horror'];English;3.04;99
2020 Texas Gladiators;nan;Joe D'Amato, George Eastman;['Action', 'Science Fiction'];Italian;2.77;91
The Vindicator;nan;Jean-Claude Lord;['Action', 'Horror', 'Science Fiction'];English;2.75;93
Rock & Rule;nan;Clive A. Smith;['Animation', 'Adventure', 'Fantasy'];English;3.27;77
Star Crystal;nan;Lance Lindsay;['Science Fiction', 'Horror'];English;2.64;91
Scared to Death;nan;William Malone;['Science Fiction', 'Horror'];English;2.37;93
Robot Holocaust;nan;Tim Kincaid;['Science Fiction'];English;2.11;79
Pumaman;nan;Alberto De Martino;['Science Fiction', 'Action'];Italian;1.98;97
Lorca and the Outlaws;nan;Roger Christian;['Science Fiction'];English;nan;95
Battle Angel;nan;Hiroshi Fukutomi;['Animation'];Japanese;3.49;60
Beyond the Rising Moon;nan;Philip J. Cook;['Thriller', 'Science Fiction'];English;nan;84
Godkiller: Walk Among Us;nan;Matt Pizzolo;['Science Fiction', 'Animation'];English;3.07;73
Magic Tree House;nan;Hiroshi Nishikiori;['Fantasy', 'Family', 'Animation', 'Science Fiction', 'Adventure'];Japanese;nan;105
Lady Death;nan;Andy Orjuela;['Animation', 'Horror', 'Fantasy', 'Action', 'Science Fiction'];English;2.89;77
The Chilling;nan;Deland Nuse, Jack A. Sunseri;['Science Fiction', 'Horror'];English;2.72;90
Wyrd Sisters;nan;Jean Flynn;['Animation', 'Comedy'];English;3.4;156
Legend of Crystania: The Motion Picture;nan;Ryutaro Nakamura;['Fantasy', 'Animation', 'Action'];Japanese;nan;78
Sea Prince and the Fire Child;nan;Masami Hata;['Family', 'Fantasy', 'Romance', 'Animation'];Japanese;3.55;108
Baoh: The Visitor;nan;Hiroyuki Yokoyama;['Animation', 'Science Fiction', 'Horror', 'Action'];Japanese;3.25;50
Demon City Shinjuku;nan;Yoshiaki Kawajiri;['Fantasy', 'Animation', 'Action', 'Horror'];Japanese;3.11;80
Blood Reign: Curse of the Yoma;nan;Takashi Anno;['Science Fiction', 'Fantasy', 'Horror', 'Animation'];Japanese;3.3;100
Slayers: The Motion Picture;nan;Hiroshi Watanabe, Kazuo Yamazaki;['Animation', 'Adventure', 'Comedy', 'Fantasy'];Japanese;3.39;75
The E.Y.E.S. of Mars;nan;Iku Suzuki;['Science Fiction', 'Animation'];Japanese;nan;80
Bride of Chucky;nan;Ronny Yu;['Comedy', 'Horror'];English;3.17;89
Beyond the Darkness;nan;Joe D'Amato;['Horror'];Italian;3.26;94
The Blade Master;nan;Joe D'Amato;['Adventure', 'Fantasy', 'Action'];Italian;2.0;92
Papaya: Love Goddess of the Cannibals;nan;Joe D'Amato;['Horror', 'Romance'];Italian;2.85;86
Killing Birds;nan;Claudio Lattanzi, Joe D'Amato;['Horror'];Italian;2.24;92
The Devil's Wedding Night;nan;Joe D'Amato, Luigi Batzella;['Horror'];Italian;2.96;83
Emanuelle Around the World;nan;Joe D'Amato;['Adventure', 'Drama', 'Horror'];Italian;3.06;102
Caligula: The Untold Story;nan;Joe D'Amato;['Horror', 'Drama', 'History'];Italian;2.9;109
Anastasia;nan;Don Bluth, Gary Goldman;['Animation', 'Fantasy', 'Adventure', 'Family'];English;3.84;94
The Butler;nan;Lee Daniels;['Drama'];English;3.4;132
Grand Piano;nan;Eugenio Mira;['Mystery', 'Thriller'];English;3.13;90
1408;nan;Mikael Håfström;['Horror', 'Mystery'];English;3.2;112
2012;nan;Roland Emmerich;['Adventure', 'Action', 'Science Fiction'];English;2.5;158
High Fidelity;nan;Stephen Frears;['Drama', 'Comedy', 'Music', 'Romance'];English;3.62;113
Adult World;nan;Scott Coffey;['Comedy'];English;2.93;107
The Sure Thing;nan;Rob Reiner;['Romance', 'Comedy'];English;3.48;100
One Crazy Summer;nan;Savage Steve Holland;['Romance', 'Family', 'Comedy'];English;3.15;93
Dragon Blade;nan;Daniel Lee;['History', 'Action', 'Fantasy', 'Adventure'];Chinese;2.51;127
Pushing Tin;nan;Mike Newell;['Comedy', 'Drama'];English;2.86;124
America's Sweethearts;nan;Joe Roth;['Comedy', 'Romance'];English;2.7;102
Pi;nan;Darren Aronofsky;['Drama', 'Thriller', 'Mystery'];English;3.73;84
El Mariachi;nan;Robert Rodriguez;['Action', 'Crime', 'Western', 'Thriller'];Spanish;3.42;81
The Blair Witch Project;nan;Daniel Myrick, Eduardo Sánchez;['Mystery', 'Horror'];English;3.3;81
Mystery Team;nan;Dan Eckman;['Comedy', 'Crime', 'Mystery', 'Thriller'];English;3.35;97
Zero Day;nan;Ben Coccio;['Drama', 'Crime'];English;3.81;92
Darling;nan;Mickey Keating;['Horror', 'Thriller'];English;2.92;78
Two Hands;nan;Gregor Jordan;['Thriller', 'Comedy', 'Crime'];English;3.56;103
Nightbeast;nan;Don Dohler;['Science Fiction', 'Horror'];English;2.72;81
The Zodiac Killer;nan;Tom Hanson;['Thriller', 'Horror', 'Crime'];English;2.52;87
Boys and Girls;nan;Robert Iscove;['Romance', 'Drama', 'Comedy'];English;2.67;94
Basquiat;nan;Julian Schnabel;['Drama', 'History'];English;3.41;107
Another Me;nan;Isabel Coixet;['Drama', 'Horror', 'Mystery', 'Thriller'];English;2.13;86
Antitrust;nan;Peter Howitt;['Action', 'Drama', 'Crime'];English;2.77;108
Precious Cargo;nan;Max Adams;['Action', 'Thriller', 'Crime'];English;2.12;99
The Last Time I Committed Suicide;nan;Stephen Kay;['Drama'];English;2.76;94
Northfork;nan;Michael Polish;['Fantasy', 'Drama'];English;3.33;103
The Zookeeper's Wife;nan;Niki Caro;['War', 'Drama', 'History'];English;3.41;126
Alien Nation;nan;Graham Baker;['Science Fiction', 'Thriller', 'Crime'];English;3.16;91
Bend It Like Beckham;nan;Gurinder Chadha;['Comedy', 'Romance', 'Drama'];English;3.42;112
Super 8;nan;J.J. Abrams;['Science Fiction', 'Mystery', 'Thriller'];English;3.5;112
What About Bob?;nan;Frank Oz;['Comedy'];English;3.49;100
Winterbeast;nan;Christopher Thies;['Horror', 'Comedy'];English;2.81;76
McFarland, USA;nan;Niki Caro;['Drama', 'Family'];English;3.57;128
North Country;nan;Niki Caro;['Drama'];English;3.51;126
The Vintner's Luck;nan;Niki Caro;['Fantasy', 'Drama', 'Romance'];English;3.15;121
Jailbreakers;nan;William Friedkin;['TV Movie', 'Crime', 'Drama'];English;2.84;76
Burning Palms;nan;Christopher Landon;['Thriller', 'Comedy'];English;2.82;112
Blood Lake: Attack of the Killer Lampreys;nan;James Cullen Bressack;['Horror', 'TV Movie', 'Thriller'];English;2.4;90
Jay and Silent Bob Strike Back;nan;Kevin Smith;['Adventure', 'Comedy'];English;3.19;104
Blindfold: Acts of Obsession;nan;Lawrence L. Simeone;['Thriller', 'TV Movie', 'Crime'];English;nan;93
Hardcore;nan;Paul Schrader;['Drama', 'Mystery', 'Crime'];English;3.77;108
Dominion: Prequel to The Exorcist;nan;Paul Schrader;['Horror'];English;2.33;116
Adam Resurrected;nan;Paul Schrader;['Drama', 'War'];English;3.1;107
Dying of the Light;nan;Paul Schrader;['Thriller', 'Drama'];English;2.67;94
First Reformed;nan;Paul Schrader;['Drama'];English;4.04;113
He Said, She Said;nan;Ken Kwapis, Marisa Silver;['Comedy', 'Drama', 'Romance'];English;2.84;115
Patriots Day;nan;Peter Berg;['Crime', 'History', 'Drama', 'Thriller', 'Action'];English;3.48;133
The River Wild;nan;Curtis Hanson;['Drama', 'Thriller', 'Adventure'];English;3.31;111
Death Sentence;nan;James Wan;['Action', 'Thriller', 'Drama', 'Crime'];English;3.19;105
Picture Perfect;nan;Glenn Gordon Caron;['Comedy', 'Romance', 'Drama'];English;2.75;105
Beauty Shop;nan;Bille Woodruff;['Romance', 'Comedy'];English;3.17;105
Murder in the First;nan;Marc Rocco;['Drama', 'Crime'];English;3.47;122
Drunk Stoned Brilliant Dead: The Story of the National Lampoon;nan;Douglas Tirola;['Comedy', 'History', 'Documentary'];English;3.51;93
In the Cut;nan;Jane Campion;['Mystery', 'Thriller', 'Drama', 'Romance'];English;3.29;119
My Dog Skip;nan;Jay Russell;['Family', 'Comedy', 'Drama'];English;3.2;95
The Darkness;nan;Greg McLean;['Thriller', 'Horror'];English;1.82;92
Stir of Echoes;nan;David Koepp;['Mystery', 'Horror', 'Thriller'];English;3.27;99
The Air I Breathe;nan;Jieho Lee;['Crime', 'Drama', 'Thriller'];English;2.92;95
Trapped;nan;Luis Mandoki;['Action', 'Drama', 'Thriller', 'Crime'];English;2.81;106
Where the Truth Lies;nan;Atom Egoyan;['Thriller', 'Drama', 'Mystery'];English;3.13;107
Taking Chance;nan;Ross Katz;['War', 'TV Movie', 'Drama'];English;3.4;77
The Air Up There;nan;Paul Michael Glaser;['Family', 'Comedy'];English;2.65;107
Novocaine;nan;David Atkins;['Comedy', 'Crime', 'Thriller'];English;2.93;95
My One and Only;nan;Richard Loncraine;['Drama', 'Comedy'];English;3.12;108
Jayne Mansfield's Car;nan;Billy Bob Thornton;['Romance', 'Drama'];English;3.16;122
Only When I Laugh;nan;Glenn Jordan;['Comedy', 'Drama'];English;3.23;120
Elephant White;nan;Prachya Pinkaew;['Fantasy', 'Action', 'Crime', 'Thriller'];English;2.62;91
White Water Summer;nan;Jeff Bleckner;['Drama', 'Adventure'];English;3.11;90
The Tiger's Tail;nan;John Boorman;['Comedy', 'Drama', 'Crime'];English;3.21;107
Where the Heart Is;nan;John Boorman;['Comedy', 'Drama'];English;3.14;107
Beyond Rangoon;nan;John Boorman;['Thriller', 'Drama'];English;3.16;100
Leo the Last;nan;John Boorman;['Comedy', 'Drama'];English;3.32;104
Catch Us If You Can;nan;John Boorman;['Comedy', 'Music'];English;3.22;87
In My Country;nan;John Boorman;['Drama', 'Romance'];English;3.11;103
Queen & Country;nan;John Boorman;['Drama'];English;3.0;114
The General;nan;John Boorman;['Drama', 'Crime'];English;3.62;124
Lumière & Company;nan;John Boorman, Michael Haneke;['Documentary', 'Drama'];French;3.5;88
Hell in the Pacific;nan;John Boorman;['Drama', 'War', 'Adventure'];English;3.73;103
The Tailor of Panama;nan;John Boorman;['Drama', 'Thriller'];English;3.06;109
Hope and Glory;nan;John Boorman;['Drama', 'Family', 'War'];English;3.67;113
Exorcist II: The Heretic;nan;John Boorman;['Horror'];English;2.0;118
Extraordinary Tales;nan;Raúl García;['Horror', 'Animation', 'Mystery'];English;3.32;73
Silent House;nan;Chris Kentis, Laura Lau;['Mystery', 'Drama', 'Horror'];English;2.59;85
Jeruzalem;nan;Yoav Paz, Doron Paz;['Thriller', 'Science Fiction', 'Horror', 'Action'];English;2.27;87
Carnage Park;nan;Mickey Keating;['Action', 'Crime', 'Horror', 'Thriller'];English;2.65;81
The White Ribbon;nan;Michael Haneke;['Drama', 'Mystery'];German;4.22;144
Fanny and Alexander;nan;Ingmar Bergman;['Mystery', 'Drama', 'Fantasy'];Swedish;4.42;188
L'Atalante;nan;Jean Vigo;['Romance', 'Drama', 'Comedy'];French;3.98;89
Brief Encounter;nan;David Lean;['Romance', 'Drama'];English;4.32;86
Brief Encounter;nan;Alan Bridges;['TV Movie', 'Drama'];English;3.11;103
Yesterday, Today and Tomorrow;nan;Vittorio De Sica;['Romance', 'Comedy'];Italian;3.73;119
Quo Vadis;nan;Mervyn LeRoy;['History', 'Drama', 'Romance'];English;3.42;171
The Ladykillers;nan;Alexander Mackendrick;['Comedy', 'Crime'];English;3.79;91
Get Carter;nan;Mike Hodges;['Thriller', 'Crime'];English;3.73;112
Rancho Notorious;nan;Fritz Lang;['Western', 'Drama'];English;3.57;86
Grand Illusion;nan;Jean Renoir;['War', 'Drama', 'History'];French;4.2;114
Three Kings;nan;David O. Russell;['Comedy', 'War', 'Action'];English;3.51;114
A Touch of Zen;nan;King Hu;['Fantasy', 'Action', 'Adventure'];Chinese;4.11;180
Ong Bak;nan;Prachya Pinkaew;['Action', 'Adventure', 'Thriller', 'Crime'];Thai;3.58;105
Dont Look Back;nan;D. A. Pennebaker;['Documentary', 'Music'];English;4.13;96
Buena Vista Social Club;nan;Wim Wenders;['Music', 'Documentary'];English;3.92;105
Buena Vista Social Club: Adios;nan;Lucy Walker;['Documentary', 'Music'];English;3.49;110
Control;nan;Anton Corbijn;['Drama'];English;3.9;121
Blackboard Jungle;nan;Richard Brooks;['Crime', 'Drama'];English;3.5;101
The Believer;nan;Henry Bean;['Drama'];English;3.46;98
The Drop;nan;Michaël R. Roskam;['Drama', 'Crime'];English;3.48;106
Selena;nan;Gregory Nava;['Music', 'Drama', 'History'];English;3.6;127
Sweet Home Alabama;nan;Andy Tennant;['Comedy', 'Romance'];English;2.83;108
Roger & Me;nan;Michael Moore;['Documentary', 'Comedy', 'History'];English;3.78;91
Grizzly Man;nan;Werner Herzog;['Documentary'];English;4.13;103
Goodnight Mommy;nan;Severin Fiala, Veronika Franz;['Thriller', 'Mystery', 'Horror'];German;3.37;100
Gerald's Game;nan;Mike Flanagan;['Drama', 'Thriller', 'Horror'];English;3.1;104
Black Christmas;nan;Bob Clark;['Thriller', 'Horror', 'Mystery'];English;3.83;98
The Brood;nan;David Cronenberg;['Science Fiction', 'Horror'];English;3.6;92
Cemetery Man;nan;Michele Soavi;['Comedy', 'Horror'];Italian;3.72;103
The Changeling;nan;Peter Medak;['Horror'];English;3.58;105
From Beyond;nan;Stuart Gordon;['Horror', 'Science Fiction'];English;3.52;85
Spetters;nan;Paul Verhoeven;['Romance', 'Drama'];Dutch;3.55;120
Matchstick Men;nan;Ridley Scott;['Drama', 'Crime', 'Thriller', 'Comedy'];English;3.6;116
White Squall;nan;Ridley Scott;['Drama', 'Adventure'];English;3.18;129
La Femme Nikita;nan;Luc Besson;['Thriller', 'Action'];French;3.62;117
Idiocracy;nan;Mike Judge;['Science Fiction', 'Comedy', 'Adventure'];English;2.96;84
Cronos;nan;Guillermo del Toro;['Horror', 'Thriller', 'Drama'];Spanish;3.42;94
The Tenant;nan;Roman Polanski;['Thriller', 'Mystery', 'Drama', 'Horror'];English;3.87;126
The Company of Wolves;nan;Neil Jordan;['Fantasy', 'Horror'];English;3.45;95
Night of the Comet;nan;Thom Eberhardt;['Comedy', 'Science Fiction', 'Horror'];English;3.29;95
Dead Snow;nan;Tommy Wirkola;['Horror', 'Comedy'];Norwegian;2.98;88
The Serpent and the Rainbow;nan;Wes Craven;['Horror', 'Thriller'];English;3.26;98
Dolls;nan;Stuart Gordon;['Fantasy', 'Horror'];English;3.29;77
Dead of Night;nan;Alberto Cavalcanti, Charles Crichton;['Thriller', 'Horror'];English;3.75;103
Dead of Night;nan;Bob Clark;['Horror'];English;3.5;88
Magic;nan;Richard Attenborough;['Drama', 'Horror'];English;3.46;107
Pin;nan;Sandor Stern;['Thriller', 'Horror'];English;3.38;103
Stranger Than Paradise;nan;Jim Jarmusch;['Comedy', 'Drama'];English;3.89;86
The Harder They Come;nan;Perry Henzell;['Music', 'Crime', 'Drama'];English;3.69;103
Rocco and His Brothers;nan;Luchino Visconti;['Romance', 'Drama'];Italian;4.31;178
Withnail & I;nan;Bruce Robinson;['Comedy', 'Drama'];English;3.96;108
Torrey Pines;nan;Clyde Petersen;['Drama', 'Adventure', 'Animation'];English;nan;60
King of Devil's Island;nan;Marius Holst;['Drama', 'Action'];Norwegian;3.72;117
Mood Indigo;nan;Michel Gondry;['Drama', 'Fantasy'];French;3.47;131
Tales from the Darkside: The Movie;nan;John Harrison;['Comedy', 'Horror', 'Fantasy', 'Thriller'];English;3.16;93
Something Wicked This Way Comes;nan;Jack Clayton;['Fantasy', 'Horror', 'Mystery'];English;3.34;95
The Hole;nan;Joe Dante;['Fantasy', 'Adventure', 'Thriller'];English;2.76;92
The Watcher in the Woods;nan;John Hough;['Fantasy', 'Thriller', 'Horror'];English;3.07;83
Nightmares;nan;Joseph Sargent;['Science Fiction', 'Horror'];English;2.92;99
Horrors of Spider Island;nan;Fritz Böttger;['Horror'];German;1.95;89
Colossus of the Stone Age;nan;Guido Malatesta;['Romance', 'Action', 'Fantasy', 'Adventure'];Italian;nan;82
The Birth of a Nation;nan;Nate Parker;['Drama'];English;3.1;120
The Snow Queen;nan;Lev Atamanov;['Family', 'Fantasy', 'Animation'];Russian;3.67;61
Airport '77;nan;Jerry Jameson;['Adventure', 'Thriller', 'Action', 'Drama'];English;2.87;114
Atlas Shrugged: Part I;nan;Paul Johansson;['Science Fiction', 'Mystery', 'Thriller', 'Drama'];English;2.03;97
Atlas Shrugged: Part II;nan;John Putch;['Science Fiction', 'Drama', 'Mystery'];English;2.07;112
Atlas Shrugged: Part III;nan;J. James Manera;['Drama', 'Science Fiction', 'Mystery'];English;2.03;99
Avenging Angelo;nan;Martyn Burke;['Action', 'Comedy', 'Crime'];English;2.33;97
Beverly Hills Cop;nan;Martin Brest;['Crime', 'Action', 'Comedy'];English;3.62;105
Cast Away;nan;Robert Zemeckis;['Drama', 'Adventure'];English;3.88;143
The Concorde... Airport '79;nan;David Lowell Rich;['Thriller', 'Action', 'Drama'];English;2.32;123
Countdown: The Sky's on Fire;nan;Dan Lerner;['Science Fiction'];English;nan;89
The Day the Sky Exploded;nan;Paolo Heusch, Mario Bava;['Science Fiction', 'Action'];Italian;2.84;82
D.C. Cab;nan;Joel Schumacher;['Comedy', 'Crime', 'Action', 'Adventure'];English;2.81;100
The Getaway;nan;Sam Peckinpah;['Crime', 'Action', 'Thriller'];English;3.72;123
Godzilla Against MechaGodzilla;nan;Masaaki Tezuka;['Science Fiction', 'Action', 'Thriller'];Japanese;3.43;88
Godzilla: Tokyo S.O.S.;nan;Masaaki Tezuka;['Adventure', 'Science Fiction', 'Fantasy', 'Action'];Japanese;3.24;91
Last Vegas;nan;Jon Turteltaub;['Comedy'];English;2.81;105
Man on Fire;nan;Tony Scott;['Drama', 'Thriller', 'Action'];English;3.7;146
Maverick;nan;Richard Donner;['Action', 'Adventure', 'Comedy', 'Drama', 'Western'];English;3.4;127
Meet the Parents;nan;Jay Roach;['Comedy', 'Romance'];English;3.31;108
Meteor;nan;Ernie Barbarash;['Drama'];English;2.87;188
Narc;nan;Joe Carnahan;['Mystery', 'Thriller', 'Drama', 'Crime'];English;3.54;105
The Perfect Storm;nan;Wolfgang Petersen;['Adventure', 'Action', 'Thriller', 'Drama'];English;3.14;130
Police Academy 3: Back in Training;nan;Jerry Paris;['Crime', 'Comedy'];English;2.69;84
Star Trek: Insurrection;nan;Jonathan Frakes;['Adventure', 'Science Fiction', 'Action', 'Thriller'];English;2.81;102
Tank;nan;Marvin J. Chomsky;['Comedy'];English;2.86;113
The Three Musketeers;nan;Stephen Herek;['Romance', 'Adventure', 'Comedy', 'Action'];English;3.06;105
The Traveler;nan;Abbas Kiarostami;['Drama'];Persian (Farsi);3.89;73
The Traveler;nan;Michael Oblowitz;['Horror', 'Thriller'];English;2.4;96
Yongary, Monster from the Deep;nan;Kim Kee-duk;['Science Fiction', 'Horror'];Korean;2.36;79
The Homesman;nan;Tommy Lee Jones;['Drama', 'Western'];English;3.39;122
3 Days to Kill;nan;McG;['Action', 'Thriller', 'Drama'];English;2.59;113
The Keeping Room;nan;Daniel Barber;['Western', 'Drama'];English;3.17;95
Out of the Furnace;nan;Scott Cooper;['Drama', 'Crime', 'Thriller'];English;3.32;116
American Pie 2;nan;J.B. Rogers;['Romance', 'Comedy'];English;2.92;108
The Last Kiss;nan;Tony Goldwyn;['Drama', 'Comedy', 'Romance'];English;2.83;115
To Die For;nan;Gus Van Sant;['Crime', 'Comedy', 'Drama'];English;3.65;106
Ocean's Eleven;nan;Steven Soderbergh;['Thriller', 'Crime'];English;3.92;116
Gone Baby Gone;nan;Ben Affleck;['Crime', 'Mystery', 'Drama'];English;3.74;113
J. R. R. Tolkien's The Hobbit;nan;Gene Deitch;['Adventure', 'Fantasy', 'Animation'];English;2.23;12
Ibiza;nan;Alex Richanbach;['Romance', 'Comedy'];English;2.33;94
Sphinx;nan;Franklin J. Schaffner;['Adventure', 'Mystery', 'Thriller'];English;2.78;118
The Hobbit;nan;Arthur Rankin, Jr., Jules Bass;['Fantasy', 'Family', 'Animation', 'Adventure', 'TV Movie'];English;3.25;77
Lionheart;nan;Franklin J. Schaffner;['Drama', 'Adventure'];English;3.07;104
Patton;nan;Franklin J. Schaffner;['Drama', 'History', 'War'];English;3.89;172
Sightseers;nan;Ben Wheatley;['Crime', 'Romance', 'Comedy'];English;3.38;88
Ashes and Diamonds;nan;Andrzej Wajda;['War', 'Romance', 'Drama'];Polish;4.05;103
Suspicion;nan;Alfred Hitchcock;['Thriller', 'Romance', 'Mystery'];English;3.52;99
Paisan;nan;Roberto Rossellini;['Drama', 'War'];Italian;3.92;125
Raw Deal;nan;Anthony Mann;['Crime', 'Thriller'];English;3.66;79
J.R.R.T. : A Study of John Ronald Reuel Tolkien, 1892-1973;nan;Derek Bailey;['Documentary'];English;nan;110
The Flight of Dragons;nan;Jules Bass, Arthur Rankin, Jr.;['Family', 'Animation', 'Fantasy'];English;3.49;96
Frosty the Snowman;nan;Jules Bass, Arthur Rankin, Jr.;['Animation', 'TV Movie', 'Family'];English;3.24;25
Innerspace;nan;Joe Dante;['Science Fiction', 'Comedy', 'Action'];English;3.46;120
Cowboy Bebop: The Movie;nan;Shinichiro Watanabe;['Action', 'Animation', 'Science Fiction'];Japanese;4.1;115
Tekkonkinkreet;nan;Michael Arias;['Action', 'Adventure', 'Animation'];Japanese;4.06;103
Mickey's Christmas Carol;nan;Burny Mattinson;['Family', 'Animation'];English;3.73;25
Futurama: Bender's Big Score;nan;Dwayne Carey-Hill;['Comedy', 'Science Fiction', 'Animation', 'TV Movie'];English;3.79;89
A Boy Named Charlie Brown;nan;Bill Melendez;['Comedy', 'Family', 'Animation', 'Music'];English;3.84;86
Bambi;nan;David Hand;['Drama', 'Animation', 'Family'];English;3.53;70
Hey Arnold! The Jungle Movie;nan;Raymie Muzquiz;['Animation', 'Adventure', 'Family', 'Fantasy', 'Comedy', 'TV Movie'];English;3.4;81
Asterix and Cleopatra;nan;Albert Uderzo, René Goscinny;['Animation', 'Comedy', 'Family', 'Adventure'];French;3.62;72
Mobile Suit Gundam: Char's Counterattack;nan;Yoshiyuki Tomino;['Action', 'Animation', 'Science Fiction'];Japanese;3.83;119
Aladdin;nan;Masakazu Higuchi, Chinami Namba;['Family', 'Fantasy', 'Animation', 'Adventure'];English;3.3;49
The Little Prince and the Eight-Headed Dragon;nan;Yugo Serikawa;['Fantasy', 'Family', 'Adventure', 'Animation'];Japanese;3.63;86
Orgazmo;nan;Trey Parker;['Comedy'];English;3.04;94
Drugstore Cowboy;nan;Gus Van Sant;['Drama', 'Crime'];English;3.69;102
Even Cowgirls Get the Blues;nan;Gus Van Sant;['Comedy', 'Romance', 'Western', 'Drama'];English;2.68;96
The Rebound;nan;Bart Freundlich;['Romance', 'Comedy'];English;2.84;95
The Terminal;nan;Steven Spielberg;['Comedy', 'Drama'];English;3.62;128
Side Effects;nan;Steven Soderbergh;['Crime', 'Drama', 'Thriller'];English;3.43;106
Ocean's Twelve;nan;Steven Soderbergh;['Thriller', 'Crime'];English;3.32;125
Traffic;nan;Steven Soderbergh;['Thriller', 'Drama', 'Crime'];English;3.69;147
Playing for Keeps;nan;Gabriele Muccino;['Comedy', 'Romance'];English;2.36;106
No Reservations;nan;Scott Hicks;['Drama', 'Romance', 'Comedy'];English;3.07;104
Broken City;nan;Allen Hughes;['Drama', 'Crime', 'Thriller'];English;2.67;109
Lay the Favorite;nan;Stephen Frears;['Comedy', 'Drama'];English;2.28;94
Sinbad and the Cyclops Island;nan;Patrick Gilmore;['Adventure', 'Family', 'Action', 'Fantasy', 'Comedy', 'Animation'];English;3.24;8
The Hangover Part II;nan;Todd Phillips;['Comedy'];English;3.01;102
White Girl;nan;Elizabeth Wood;['Drama'];English;2.72;88
New York, I Love You;nan;Jiang Wen, Mira Nair;['Comedy', 'Romance', 'Drama'];English;2.72;103
Dark Horse;nan;Todd Solondz;['Drama', 'Comedy'];English;3.24;86
Gigli;nan;Martin Brest;['Comedy', 'Crime', 'Drama', 'Romance'];English;1.48;122
CBGB;nan;Randall Miller;['Music', 'Drama'];English;2.88;101
Every Jack Has a Jill;nan;Jennifer Devoldère;['Family', 'Comedy', 'Romance'];French;3.14;81
Sticky Notes;nan;Amanda Harlib;['Drama', 'Comedy'];English;3.26;90
Trust the Man;nan;Bart Freundlich;['Romance', 'Drama', 'Comedy'];English;2.63;103
Holy Rollers;nan;Kevin Asch;['Drama'];English;3.0;89
Justice League;nan;Zack Snyder;['Adventure', 'Science Fiction', 'Action'];English;1.95;120
American Ultra;nan;Nima Nourizadeh;['Action', 'Comedy'];English;2.96;96
Louder Than Bombs;nan;Joachim Trier;['Drama'];English;3.45;105
30 Minutes or Less;nan;Ruben Fleischer;['Adventure', 'Comedy', 'Action'];English;2.61;83
The Squid and the Whale;nan;Noah Baumbach;['Drama', 'Comedy'];English;3.7;81
Cursed;nan;Wes Craven;['Comedy', 'Horror'];English;2.63;99
Red Eye;nan;Wes Craven;['Thriller', 'Mystery'];English;3.13;85
The People Under the Stairs;nan;Wes Craven;['Horror', 'Comedy', 'Mystery', 'Thriller'];English;3.47;103
Deadly Blessing;nan;Wes Craven;['Horror', 'Thriller'];English;2.83;104
The Hills Have Eyes Part 2;nan;Wes Craven;['Horror', 'Thriller'];English;2.03;90
My Soul to Take;nan;Wes Craven;['Mystery', 'Horror'];English;2.45;108
Stranger in Our House;nan;Wes Craven;['TV Movie', 'Horror'];English;2.78;99
Music of the Heart;nan;Wes Craven;['Drama', 'Music'];English;3.15;124
Night Visions;nan;Wes Craven;['Crime', 'Horror', 'Thriller', 'TV Movie'];English;2.79;95
The Hangover Part III;nan;Todd Phillips;['Comedy'];English;2.65;100
Deadpool 2;nan;David Leitch;['Action', 'Comedy', 'Adventure'];English;3.48;120
Extract;nan;Mike Judge;['Comedy'];English;2.82;92
Our Idiot Brother;nan;Jesse Peretz;['Drama', 'Comedy'];English;3.03;90
Office Christmas Party;nan;Will Speck, Josh Gordon;['Comedy'];English;2.55;105
Gulliver's Travels;nan;Rob Letterman;['Family', 'Adventure', 'Fantasy', 'Comedy'];English;2.13;85
Goon: Last of the Enforcers;nan;Jay Baruchel;['Comedy'];English;2.79;101
Successful Alcoholics;nan;Jordan Vogt-Roberts;['Comedy'];English;3.44;26
Search Party;nan;Scot Armstrong;['Comedy'];English;2.54;93
Cloverfield;nan;Matt Reeves;['Thriller', 'Horror', 'Action', 'Science Fiction'];English;3.4;84
Don't Think Twice;nan;Mike Birbiglia;['Comedy', 'Drama'];English;3.44;92
Band Aid;nan;Zoe Lister-Jones;['Drama', 'Music', 'Comedy'];English;3.42;91
Woman in the Dunes;nan;Hiroshi Teshigahara;['Thriller', 'Drama'];Japanese;4.46;147
What's Opera, Doc?;nan;Chuck Jones;['Comedy', 'Animation', 'Music'];English;4.2;7
The Face of Another;nan;Hiroshi Teshigahara;['Science Fiction', 'Drama'];Japanese;4.23;122
We Don't Belong Here;nan;Peer Pedersen;['Drama', 'Family'];English;2.95;92
The Fearless Vampire Killers;nan;Roman Polanski;['Horror', 'Comedy'];English;3.28;108
Luana;nan;Roberto Infascelli;['Adventure'];Italian;nan;88
The Secret of My Success;nan;Andrew L. Stone;['Comedy'];English;nan;112
Mrs. Pollifax — Spy;nan;Leslie H. Martinson;['Comedy', 'Adventure'];English;nan;110
After the Fox;nan;Vittorio De Sica;['Comedy', 'Crime'];English;3.28;108
Hotel Paradiso;nan;Peter Glenville;['Comedy'];English;nan;98
The Busy Body;nan;William Castle;['Comedy'];English;nan;101
Who's Minding the Mint?;nan;Howard Morris;['Comedy', 'Romance'];English;3.36;97
Mad Monster Party?;nan;Jules Bass;['Horror', 'Animation', 'Comedy', 'Fantasy', 'Music', 'Family'];English;3.3;95
The Night They Raided Minsky's;nan;William Friedkin;['Comedy'];English;3.19;99
Yours, Mine and Ours;nan;Melville Shavelson;['Comedy'];English;3.42;111
What's New Pussycat?;nan;Clive Donner;['Comedy', 'Romance'];English;2.94;108
Mixed Company;nan;Melville Shavelson;['Family', 'Comedy', 'Drama'];English;nan;109
Power of Grayskull: The Definitive History of He-Man and the Masters of the Universe;nan;Robert McCallum, Randall Lobb;['Documentary'];English;3.33;95
Valhalla;nan;Peter Madsen, Jeffrey James Varab;['Adventure', 'Animation', 'Fantasy'];Danish;3.42;76
The Boys from St. Petri;nan;Søren Kragh-Jacobsen;['Action', 'War', 'Drama'];Danish;3.44;111
All Hallows' Eve;nan;Damien Leone;['Horror'];English;2.19;82
American Mary;nan;Jen Soska, Sylvia Soska;['Thriller', 'Horror'];English;3.31;102
Love and Anarchy;nan;Lina Wertmüller;['Drama', 'Comedy', 'Romance'];Italian;4.0;126
The Blue Light;nan;Leni Riefenstahl;['Drama', 'Adventure', 'Fantasy'];German;3.37;85
Nintendo Quest;nan;Robert McCallum;['Documentary'];English;2.67;92
The Stranger;nan;Orson Welles;['Thriller', 'Crime'];English;3.7;95
The Five Venoms;nan;Chang Cheh;['Mystery', 'Action', 'Drama'];Chinese;3.53;102
The Flying Guillotine;nan;Ho Meng-Hua;['Action'];Chinese;3.34;105
The 36th Chamber of Shaolin;nan;Lau Kar-Leung;['Adventure', 'Action'];Chinese;4.03;115
Return to the 36th Chamber;nan;Lau Kar-Leung;['Action', 'Comedy'];Chinese;3.43;101
Flying Guillotine II;nan;Cheng Kang, Hua Shan;['Action'];Chinese;3.26;88
Dayveon;nan;Amman Abbasi;['Drama'];English;3.47;75
Elle;nan;Paul Verhoeven;['Thriller', 'Drama'];French;3.71;131
Veronica;nan;Alejandro Martínez Beltrán, Carlos Algara;['Drama', 'Mystery', 'Thriller'];Spanish;2.87;81
#realityhigh;nan;Fernando Lebrija;['Comedy'];English;1.85;99
1898: Our Last Men in the Philippines;nan;Salvador Calvo;['History', 'Drama', 'War'];Spanish;3.19;130
Forgetting Sarah Marshall;nan;Nicholas Stoller;['Drama', 'Comedy', 'Romance'];English;3.31;111
The Model;nan;Mads Matthiesen;['Drama'];Danish;2.82;105
Korengal;nan;Sebastian Junger;['War', 'Documentary'];English;3.5;84
Touched with Fire;nan;Paul Dalio;['Drama', 'Romance'];English;3.2;102
Random Hearts;nan;Sydney Pollack;['Thriller', 'Drama', 'Romance'];English;2.6;133
Mercy;nan;Chris Sparling;['Thriller'];English;2.06;82
Zapped;nan;Peter DeLuise;['TV Movie', 'Comedy', 'Family'];English;2.1;94
Savage Dog;nan;Jesse V. Johnson;['Drama', 'Action'];English;2.76;95
The Protector;nan;James Glickenhaus;['Action', 'Crime', 'Thriller'];English;2.91;94
The Last King;nan;Nils Gaup;['Action', 'History', 'Drama', 'Adventure'];Norwegian;2.97;99
600 Miles;nan;Gabriel Ripstein;['Drama', 'Thriller'];Spanish;3.07;85
Legends of Oz: Dorothy's Return;nan;Dan St. Pierre, Will Finn;['Family', 'Fantasy', 'Animation'];English;2.06;88
The After Party;nan;Ian Edelman;['Comedy', 'Music'];English;2.66;89
Visaranai;nan;Vetrimaaran;['Crime', 'Drama', 'Thriller'];Tamil;4.06;118
Saving Banksy;nan;Colin Day;['Documentary'];English;3.34;80
Tarzan;nan;Reinhard Klooss;['Animation', 'Adventure', 'Action', 'Family'];English;2.11;94
Plastic;nan;Julian Gilbey;['Crime', 'Drama', 'Comedy', 'Action'];English;2.6;102
Pokémon the Movie: Hoopa and the Clash of Ages;nan;Kunihiko Yuyama;['Adventure', 'Action', 'Animation', 'Family', 'Fantasy'];Japanese;2.77;73
Krrish;nan;Rakesh Roshan;['Action', 'Science Fiction'];Hindi;2.86;174
Toro;nan;Kike Maíllo;['Crime', 'Thriller', 'Drama'];Spanish;3.03;105
Nitro Circus: The Movie;nan;Jeremy Rawle, Gregg Godfrey;['Comedy', 'Action', 'Documentary'];English;3.15;92
Family Blood;nan;Sonny Mallhi;['Horror', 'Thriller'];English;1.9;92
Iceman;nan;Law Wing-Cheong;['Comedy', 'Science Fiction', 'Adventure', 'Fantasy', 'Action'];Cantonese;2.27;104
The Other One: The Long, Strange Trip of Bob Weir;nan;Mike Fleiss;['Documentary', 'Music'];English;3.55;85
Becoming Zlatan;nan;Magnus Gertten, Fredrik Gertten;['Documentary'];Swedish;3.29;99
Four Minutes;nan;Chris Kraus;['Drama', 'Music'];German;3.63;112
The Samaritan;nan;David Weaver;['Thriller'];English;2.66;90
Bowie: The Man Who Changed the World;nan;Sonia Anderson;['Music', 'Documentary'];English;2.57;98
Hunter x Hunter: Phantom Rouge;nan;Yuzo Sato;['Animation', 'Adventure', 'Fantasy', 'Action'];Japanese;3.45;97
The Carter Effect;nan;Sean Menard;['Documentary'];English;3.37;60
Spiders;nan;Tibor Takács;['Science Fiction', 'Thriller'];English;1.73;89
Werewolf: The Beast Among Us;nan;Louis Morneau;['Thriller', 'Horror', 'Drama'];English;2.4;93
Capture the Flag;nan;Enrique Gato;['Comedy', 'Family', 'Animation', 'Adventure'];Spanish;2.56;94
The Killer;nan;Marcelo Galvão;['Action', 'Western'];Portuguese;2.78;99
American Poltergeist;nan;Mike Rutkowski;['Horror'];English;1.4;77
Under an Arctic Sky;nan;Chris Burkard;['Adventure', 'Documentary'];English;3.54;40
Iron Man & Hulk: Heroes United;nan;Leo Riley, Eric Radomski;['Adventure', 'Animation', 'Family', 'Action'];English;2.26;71
All Work All Play: The Pursuit of eSports Glory Live;nan;Patrick Creadon;['Documentary'];English;3.23;90
Summer of '92;nan;Kasper Barfoed;['Drama', 'Comedy'];Danish;3.3;110
Operações Especiais;nan;Tomás Portella;['Thriller', 'Action', 'Crime'];Portuguese;2.97;99
Sword Master;nan;Derek Yee Tung-Sing;['Action'];Chinese;2.98;108
Krrish 3;nan;Rakesh Roshan;['Action', 'Science Fiction'];Hindi;2.23;152
Teddy Bear;nan;Mads Matthiesen;['Romance', 'Comedy', 'Drama'];Danish;3.6;92
I Am Here;nan;Anders Morgenthaler;['Thriller', 'Drama'];English;2.9;97
Dead Rising: Endgame;nan;Pat Williams;['Horror', 'Action'];English;2.33;96
The Guardian Brothers;nan;Gary Wang;['Fantasy', 'Family', 'Animation'];Chinese;2.63;103
God of War;nan;Gordon Chan;['History', 'Action'];Cantonese;3.53;130
Anina;nan;Alfredo Soderguit;['Animation', 'Family', 'Adventure'];Spanish;3.57;80
Iron Man & Captain America: Heroes United;nan;Leo Riley;['Action', 'Adventure', 'Animation'];English;2.51;71
We All Scream for Ice Cream;nan;Tom Holland;['Horror', 'TV Movie'];English;2.62;57
Fatal Beauty;nan;Tom Holland;['Comedy', 'Action'];English;2.77;104
The Stranger Within;nan;Tom Holland;['TV Movie', 'Thriller'];English;nan;100
The Grudge 2;nan;Takashi Shimizu;['Horror', 'Thriller'];English;2.47;102
Suburban Girl;nan;Marc Klein;['Drama', 'Romance', 'Comedy'];English;2.58;97
Veronika Decides to Die;nan;Emily Young;['Drama', 'Romance'];English;2.82;103
TMNT;nan;Kevin Munroe;['Family', 'Comedy', 'Animation', 'Adventure'];English;2.96;86
Southland Tales;nan;Richard Kelly;['Thriller', 'Comedy', 'Science Fiction'];English;3.04;144
Simply Irresistible;nan;Mark Tarlov;['Romance', 'Comedy'];English;2.5;95
Harvard Man;nan;James Toback;['Drama'];English;2.41;99
How High;nan;Jesse Dylan;['Comedy'];English;2.99;93
The Hunchback of Notre Dame II;nan;Bradley Raymond;['Family', 'Animation', 'Comedy'];English;1.97;68
Can't Hardly Wait;nan;Deborah Kaplan, Harry Elfont;['Romance', 'Comedy'];English;3.1;100
The Tuxedo;nan;Kevin Donovan;['Thriller', 'Science Fiction', 'Action', 'Comedy'];English;2.41;98
Sister Act 2: Back in the Habit;nan;Bill Duke;['Comedy', 'Music'];English;3.22;107
The Audrey Hepburn Story;nan;Steven Robman;['Drama', 'TV Movie'];English;2.91;133
Garfield;nan;Peter Hewitt;['Family', 'Comedy'];English;2.51;80
I Still Know What You Did Last Summer;nan;Danny Cannon;['Horror', 'Thriller', 'Mystery'];English;2.39;100
House Arrest;nan;Harry Winer;['Comedy', 'Family'];English;2.87;108
Trojan War;nan;George Huang;['Romance', 'Comedy'];English;2.7;85
Heartbreakers;nan;David Mirkin;['Crime', 'Romance', 'Comedy'];English;3.0;123
Munchie;nan;Jim Wynorski;['Comedy', 'Fantasy', 'Family'];English;2.22;80
Café;nan;Marc Erlbaum;['Drama'];English;2.92;103
A Christmas Carol;nan;Arthur Allan Seidelman;['Drama', 'TV Movie'];English;3.01;87
Shortcut to Happiness;nan;Alec Baldwin;['Comedy', 'Drama', 'Fantasy'];English;2.33;106
Delgo;nan;Marc F. Adler, Jason Maurer;['Family', 'Adventure', 'Animation', 'Science Fiction', 'Fantasy'];English;1.86;94
Confessions of a Sociopathic Social Climber;nan;Dana Lustig;['TV Movie', 'Comedy', 'Romance'];English;2.76;96
The Suburbans;nan;Donal Lardner Ward;['Music', 'Drama', 'Comedy'];English;2.76;81
The Truth About Love;nan;John Hay;['Comedy', 'Romance', 'Drama'];English;2.82;94
The Lost Valentine;nan;Darnell Martin;['Romance', 'TV Movie', 'Drama'];English;3.33;100
Elf;nan;Jon Favreau;['Family', 'Fantasy', 'Comedy'];English;3.46;97
The Internship;nan;Shawn Levy;['Comedy'];English;2.82;119
Old School;nan;Todd Phillips;['Comedy'];English;3.17;92
The House;nan;Andrew J. Cohen;['Comedy'];English;2.52;88
Daddy's Home 2;nan;Sean Anders;['Comedy'];English;2.66;100
Bewitched;nan;Nora Ephron;['Fantasy', 'Comedy', 'Romance'];English;2.5;102
Superstar;nan;Bruce McCulloch;['Comedy'];English;2.84;82
Boat Trip;nan;Mort Nathan;['Comedy'];English;1.95;94
Curious George;nan;Matthew O'Callaghan;['Family', 'Adventure', 'Comedy', 'Animation'];English;3.49;87
House of Sand and Fog;nan;Vadim Perelman;['Drama'];English;3.57;126
Woman in Gold;nan;Simon Curtis;['Drama'];English;3.4;109
The Roommate;nan;Christian E. Christiansen;['Thriller', 'Drama', 'Horror'];English;2.21;91
Laws of Attraction;nan;Peter Howitt;['Romance', 'Comedy'];English;2.75;90
Striptease;nan;Andrew Bergman;['Crime', 'Drama', 'Comedy'];English;2.33;115
True Crime;nan;Clint Eastwood;['Thriller', 'Mystery', 'Crime', 'Drama'];English;3.24;127
The Lincoln Lawyer;nan;Brad Furman;['Thriller', 'Crime', 'Drama'];English;3.53;119
Wild America;nan;William Dear;['Comedy', 'Adventure', 'Family'];English;3.01;106
Attack of the 50 Ft. Woman;nan;Christopher Guest;['TV Movie', 'Comedy', 'Science Fiction'];English;2.48;85
Jolene;nan;Dan Ireland;['Drama'];English;2.82;121
Plush;nan;Catherine Hardwicke;['Thriller'];English;2.66;98
Any Day Now;nan;Travis Fine;['Drama'];English;3.61;97
Patty Hearst;nan;Paul Schrader;['Drama'];English;3.38;108
Pink Cadillac;nan;Buddy Van Horn;['Drama', 'Adventure', 'Romance', 'Action', 'Comedy'];English;2.73;122
Tough Guys Don't Dance;nan;Norman Mailer;['Comedy', 'Drama', 'Crime'];English;3.08;109
Outlaws and Angels;nan;JT Mollner;['Thriller', 'Drama', 'Western'];English;2.99;120
Blue Car;nan;Karen Moncrieff;['Drama'];English;3.17;92
Female Perversions;nan;Susan Streitfeld;['Romance', 'Drama', 'Thriller'];English;3.26;115
The Green Hornet;nan;Michel Gondry;['Comedy', 'Crime', 'Action'];English;2.43;119
Shakespeare in Love;nan;John Madden;['Comedy', 'History', 'Romance'];English;3.3;123
Girl with a Pearl Earring;nan;Peter Webber;['Romance', 'Drama'];English;3.2;101
The Full Monty;nan;Peter Cattaneo;['Comedy'];English;3.7;91
The Titan;nan;Lennart Ruff;['Science Fiction', 'Thriller'];English;2.13;97
The Ghost and the Darkness;nan;Stephen Hopkins;['Action', 'History', 'Thriller', 'Horror', 'Adventure'];English;3.29;109
Black Knight;nan;Gil Junger;['Comedy', 'Adventure', 'Fantasy'];English;2.37;95
Wilde;nan;Brian Gilbert;['History', 'Drama'];English;3.29;118
John Adams;nan;Tom Hooper;['Drama'];English;4.03;502
In the Bedroom;nan;Todd Field;['Drama', 'Thriller'];English;3.85;130
Dead in a Week (Or Your Money Back);nan;Tom Edmunds;['Comedy', 'Drama', 'Action'];English;3.21;90
Belle;nan;Amma Asante;['Drama'];English;3.49;105
Johnny Guitar;nan;Nicholas Ray;['Western', 'Romance', 'Drama'];English;4.09;110
They Live by Night;nan;Nicholas Ray;['Romance', 'Crime', 'Drama'];English;3.89;96
King of Kings;nan;Nicholas Ray;['History', 'Drama'];English;3.38;171
Bitter Victory;nan;Nicholas Ray;['Drama', 'War'];English;3.75;102
On Dangerous Ground;nan;Nicholas Ray;['Drama', 'Crime'];English;3.73;82
Wind Across the Everglades;nan;Nicholas Ray, Budd Schulberg;['Drama', 'Adventure'];English;3.46;94
Run for Cover;nan;Nicholas Ray;['Drama', 'Western'];English;3.55;93
Party Girl;nan;Nicholas Ray;['Romance', 'Drama', 'Crime'];English;3.52;99
Macao;nan;Josef von Sternberg;['Crime', 'Drama', 'Adventure', 'Romance'];English;3.21;81
Hot Blood;nan;Nicholas Ray;['Romance', 'Drama', 'Music'];English;3.17;85
The True Story of Jesse James;nan;Nicholas Ray;['Western'];English;3.27;92
Flying Leathernecks;nan;Nicholas Ray;['War', 'Action', 'Drama'];English;2.98;102
Sudden Fear;nan;David Miller;['Thriller'];English;3.82;112
Crossfire;nan;Edward Dmytryk;['Mystery', 'Crime', 'Thriller'];English;3.57;86
The Greatest Show on Earth;nan;Cecil B. DeMille;['Drama', 'Romance'];English;2.94;152
The Cobweb;nan;Vincente Minnelli;['Drama'];English;3.39;124
Blood and Lace;nan;Philip S. Gilbert;['Horror', 'Drama', 'Thriller'];English;2.93;87
The Nesting;nan;Armand Weston;['Mystery', 'Horror'];English;2.64;104
Odds Against Tomorrow;nan;Robert Wise;['Drama', 'Thriller', 'Crime'];English;3.75;96
Mansion of the Doomed;nan;Michael Pataki;['Horror'];English;2.83;86
The Glass Wall;nan;Maxwell Shane;['Drama'];English;3.38;82
Chandler;nan;Paul Magwood;['Drama', 'Crime'];English;2.88;85
The Good Die Young;nan;Lewis Gilbert;['Crime', 'Thriller'];English;3.32;100
Man on a Tightrope;nan;Elia Kazan;['Drama', 'Thriller'];English;3.47;105
It Happened in Brooklyn;nan;Richard Whorf;['Music', 'Comedy', 'Romance'];English;3.29;105
A Woman's Secret;nan;Nicholas Ray;['Mystery', 'Drama'];English;2.98;84
Ride Beyond Vengeance;nan;Bernard McEveety;['Action', 'Western'];English;nan;101
Naked Alibi;nan;Jerry Hopper;['Crime', 'Drama', 'Thriller', 'Romance'];English;3.23;86
Roughshod;nan;Mark Robson;['Western'];English;3.34;88
Mama's Dirty Girls;nan;John Hayes;['Thriller', 'Crime'];English;3.08;82
The Sound of Fury;nan;Cy Endfield;['Crime', 'Drama'];English;3.63;85
The Hitch-Hiker;nan;Ida Lupino;['Thriller', 'Drama', 'Crime'];English;3.52;71
Home of the Brave;nan;Mark Robson;['War', 'Drama'];English;3.38;86
Black Bart;nan;George Sherman;['Western', 'Crime'];English;nan;80
The Americano;nan;William Castle;['Adventure', 'Western'];English;nan;85
The Charge at Feather River;nan;Gordon Douglas;['Western'];English;nan;95
Cole Younger, Gunfighter;nan;R.G. Springsteen;['Western'];English;nan;78
Men of the Fighting Lady;nan;Andrew Marton;['Drama', 'War'];English;nan;79
The Crooked Web;nan;Nathan Juran;['Crime', 'Drama'];English;3.19;77
The Egyptian;nan;Michael Curtiz;['Drama', 'History'];English;3.16;139
Broken Lance;nan;Edward Dmytryk;['Western'];English;3.39;96
Convicted;nan;Henry Levin;['Crime', 'Drama'];English;3.28;91
The Trap;nan;Norman Panama;['Thriller', 'Crime'];English;3.35;84
The Last of the Fast Guns;nan;George Sherman;['Western'];English;3.5;82
A Day of Fury;nan;Harmon Jones;['Western'];English;nan;79
The Underwater City;nan;Frank McDonald;['Science Fiction'];English;nan;78
Strange Intruder;nan;Irving Rapper;['Drama'];English;nan;82
The Flying Missile;nan;Henry Levin;['Drama'];English;nan;91
Smuggler's Gold;nan;William Berke;['Crime', 'Drama', 'Adventure'];English;nan;64
Stage to Tucson;nan;Ralph Murphy;['Western'];English;nan;81
Indian Uprising;nan;Ray Nazarro;['Western'];English;nan;72
The Family Secret;nan;Henry Levin;['Drama', 'Crime'];English;3.17;85
The Brigand;nan;Phil Karlson;['Adventure', 'Romance'];English;nan;94
The Bramble Bush;nan;Daniel Petrie;['Drama'];English;nan;93
Lorna Doone;nan;Phil Karlson;['Drama', 'Romance'];English;nan;88
Criminal Lawyer;nan;Seymour Friedman;['Crime'];English;nan;74
Tarzan's Fight for Life;nan;H. Bruce Humberstone;['Adventure', 'Action'];English;nan;86
One Desire;nan;Jerry Hopper;['Drama'];English;nan;94
Little Murders;nan;Alan Arkin;['Comedy', 'Crime'];English;3.7;108
The Telephone Box;nan;Antonio Mercero;['Horror', 'Drama'];Spanish;3.87;35
The Telephone Book;nan;Nelson Lyon;['Comedy', 'Romance', 'Drama'];English;3.59;87
Smithereens;nan;Susan Seidelman;['Drama', 'Music', 'Romance'];English;3.58;94
Tammy and the T-Rex;nan;Stewart Raffill;['Horror', 'Science Fiction', 'Romance', 'Comedy'];English;3.03;82
The Sweatbox;nan;John-Paul Davidson, Trudie Styler;['Documentary'];English;3.59;86
Tower;nan;Keith Maitland;['Animation', 'Crime', 'Documentary'];English;4.02;82
A Cat in the Brain;nan;Lucio Fulci;['Horror', 'Comedy'];Italian;3.06;93
Footprints on the Moon;nan;Luigi Bazzoni, Mario Fanelli;['Mystery', 'Thriller', 'Horror'];Italian;3.47;96
The Damned;nan;Luchino Visconti;['Drama', 'History'];Italian;3.78;158
The Last Valley;nan;James Clavell;['History', 'War', 'Drama'];English;3.47;128
The Master Touch;nan;Michele Lupo;['Action', 'Crime', 'Thriller'];English;3.34;112
The Last House on the Beach;nan;Franco Prosperi;['Drama', 'Crime', 'Horror', 'Thriller'];Italian;3.09;86
Detective Belli;nan;Romolo Guerrieri;['Crime', 'Drama'];Italian;3.27;103
Judah Friedlander: America Is the Greatest Country in the United States;nan;Judah Friedlander;['Documentary', 'Comedy'];English;3.8;84
The Marseille Contract;nan;Robert Parrish;['Crime', 'Action', 'Thriller'];English;3.21;91
Basically;nan;Ari Aster;['Comedy', 'Drama'];English;3.08;15
The Strange Thing About the Johnsons;nan;Ari Aster;['Horror', 'Drama'];English;3.19;30
The Turtle's Head;nan;Ari Aster;['Comedy'];English;3.04;12
C'est la Vie;nan;Ari Aster;['Comedy'];English;3.39;8
Hereditary;nan;Ari Aster;['Thriller', 'Horror', 'Mystery'];English;3.95;128
Munchausen;nan;Ari Aster;['Drama', 'Comedy'];No spoken language;3.28;17
Beau;nan;Ari Aster;['Comedy', 'Horror'];English;3.16;7
Closet Monster;nan;Stephen Dunn;['Fantasy', 'Drama', 'Mystery'];English;3.57;90
Walkabout;nan;Nicolas Roeg;['Drama', 'Adventure'];English;4.0;95
Being There;nan;Hal Ashby;['Comedy', 'Drama'];English;4.07;130
Tenebre;nan;Dario Argento;['Mystery', 'Thriller', 'Horror'];English;3.74;101
I Stand Alone;nan;Gaspar Noé;['Drama', 'Thriller'];French;3.61;89
Birds of Passage;nan;Ciro Guerra, Cristina Gallego;['Drama', 'Crime'];Spanish;3.93;125
The Battle of Algiers;nan;Gillo Pontecorvo;['War', 'History', 'Drama'];Arabic;4.41;121
Beautiful Boy;nan;Felix van Groeningen;['Drama'];English;3.99;119
We Wanted More;nan;Stephen Dunn;['Drama', 'Fantasy'];English;nan;16
The Transgressor;nan;Norifumi Suzuki;['Drama', 'Thriller', 'Horror'];Japanese;3.56;91
Let the Corpses Tan;nan;Hélène Cattet, Bruno Forzani;['Thriller', 'Western', 'Crime', 'Horror', 'Action'];French;3.5;92
The Weekend Murders;nan;Michele Lupo;['Thriller', 'Crime', 'Mystery'];Italian;3.29;98
They Called Him Bulldozer;nan;Michele Lupo;['Action', 'Comedy'];Italian;3.34;102
Arizona Colt;nan;Michele Lupo;['Western'];Italian;3.3;118
Why Did You Pick On Me?;nan;Michele Lupo;['Science Fiction', 'Comedy'];Italian;3.13;99
Buddy Goes West;nan;Michele Lupo;['Action', 'Comedy', 'Western'];Italian;3.26;90
The Sheriff and the Satellite Kid;nan;Michele Lupo;['Action', 'Comedy', 'Science Fiction'];Italian;3.18;88
Bomber;nan;Michele Lupo;['Action', 'Comedy', 'Drama'];Italian;3.2;101
Africa Express;nan;Michele Lupo;['Comedy', 'Action', 'Adventure'];Italian;nan;98
Mean Frank and Crazy Tony;nan;Michele Lupo;['Comedy', 'Crime'];Italian;3.28;93
California;nan;Michele Lupo;['Western'];Italian;3.45;98
Goliath and the Sins of Babylon;nan;Michele Lupo;['Fantasy', 'Adventure'];Italian;nan;92
The Revenge of the Gladiators;nan;Michele Lupo;['Adventure', 'History'];Italian;nan;105
Colossus of the Arena;nan;Michele Lupo;['Drama', 'Action', 'Adventure'];Italian;nan;98
Fistful of Knuckles;nan;Michele Lupo;['Western', 'Comedy'];Italian;nan;94
Master Stroke;nan;Michele Lupo;['Crime'];Italian;nan;111
Seven Slaves Against the World;nan;Michele Lupo;['History', 'Adventure'];Italian;nan;96
Day of Anger;nan;Tonino Valerii;['Western'];Italian;3.62;113
To Rome with Love;nan;Woody Allen;['Romance', 'Comedy'];English;2.92;111
Silver Saddle;nan;Lucio Fulci;['Western', 'Action'];Italian;3.15;100
Even Angels Eat Beans;nan;Enzo Barboni;['Crime', 'Comedy', 'Action'];Italian;3.22;118
Blood for a Silver Dollar;nan;Giorgio Ferroni;['Western', 'Romance', 'Action'];Italian;3.32;99
Mad Love;nan;Vicente Aranda;['History', 'Romance', 'Drama'];Spanish;3.17;115
Shoot First… Ask Questions Later;nan;Sergio Corbucci;['Comedy', 'Western', 'Adventure'];Italian;3.1;108
Adiós Gringo;nan;Giorgio Stegani;['Western'];Italian;3.26;100
Wanted;nan;Giorgio Ferroni;['Western', 'Romance', 'Action', 'Drama'];Italian;3.25;104
A Sky Full of Stars for a Roof;nan;Giulio Petroni;['Western'];Italian;3.27;97
The Bastard;nan;Duccio Tessari;['Crime', 'Action'];Italian;3.23;102
The Opponent;nan;Sergio Martino;['Action'];Italian;nan;94
Closed Circuit;nan;Giuliano Montaldo;['Crime', 'TV Movie'];Italian;3.59;106
Fort Yuma Gold;nan;Giorgio Ferroni;['Western', 'War'];Italian;3.24;105
The Biggest Battle;nan;Umberto Lenzi;['War', 'Drama'];French;nan;102
My Son, the Hero;nan;Duccio Tessari;['Fantasy', 'Adventure'];Italian;nan;111
Long Live Robin Hood;nan;Giorgio Ferroni;['Adventure'];Italian;nan;103
Corleone;nan;Pasquale Squitieri;['Crime', 'Thriller'];Italian;nan;108
Hercules Against the Sons of the Sun;nan;Osvaldo Civirani;['Adventure'];Italian;nan;88
The Two Gladiators;nan;Mario Caiano;['History', 'Adventure'];Italian;nan;100
Corbari;nan;Valentino Orsini;['War'];Italian;nan;97
Operation Leopard;nan;Raoul Coutard;['War'];French;nan;96
Scheherazade;nan;Pierre Gaspard-Huit;['Drama', 'Adventure'];French;nan;124
Erik the Viking;nan;Mario Caiano;['Adventure'];Italian;nan;95
When Women Had Tails;nan;Pasquale Festa Campanile;['Science Fiction', 'Comedy', 'Fantasy'];Italian;2.7;105
Imperfections;nan;David Singer;['Comedy', 'Mystery', 'Crime'];English;nan;109
Fatal Crossing;nan;Liam Hughes;['Crime', 'Drama', 'Mystery', 'Romance', 'Thriller'];English;nan;95
Delicatessen;nan;Jean-Pierre Jeunet, Marc Caro;['Fantasy', 'Science Fiction', 'Comedy'];French;3.82;99
The Bunker of the Last Gunshots;nan;Jean-Pierre Jeunet, Marc Caro;['Science Fiction'];No spoken language;3.32;26
A Very Long Engagement;nan;Jean-Pierre Jeunet;['Drama', 'Romance', 'War'];French;3.71;133
Thir13en Ghosts;nan;Steve Beck;['Thriller', 'Horror'];English;2.67;91
The Hole;nan;Nick Hamm;['Crime', 'Thriller', 'Horror', 'Drama'];English;2.93;102
Mutator;nan;John R. Bowey;['Science Fiction', 'Horror'];German;nan;91
Sweet Murder;nan;Percival Rubens;['Thriller'];English;nan;101
Shackleton;nan;Charles Sturridge;['Drama'];English;3.5;206
Winged Creatures;nan;Rowan Woods;['Crime', 'Drama'];English;2.84;95
The Emperor's Club;nan;Michael Hoffman;['Drama'];English;3.21;108
Lake Placid;nan;Steve Miner;['Horror', 'Science Fiction', 'Thriller', 'Comedy', 'Action'];English;2.75;82
Singles;nan;Cameron Crowe;['Comedy', 'Drama', 'Romance', 'Music'];English;3.33;99
It Could Happen to You;nan;Andrew Bergman;['Comedy', 'Romance', 'Drama'];English;3.11;101
Single White Female;nan;Barbet Schroeder;['Horror', 'Thriller'];English;3.23;107
Kiss of the Dragon;nan;Chris Nahon;['Crime', 'Action', 'Thriller'];English;3.15;98
Point of No Return;nan;John Badham;['Action', 'Crime', 'Thriller'];English;2.97;108
Monkeybone;nan;Henry Selick;['Science Fiction', 'Animation', 'Adventure', 'Comedy', 'Fantasy'];English;2.71;93
Mr. Jealousy;nan;Noah Baumbach;['Romance', 'Comedy'];English;3.37;105
Shag;nan;Zelda Barron;['Comedy', 'Drama', 'Romance'];English;3.23;98
Camilla;nan;Deepa Mehta;['Adventure', 'Drama', 'Family', 'Comedy'];English;nan;95
Rough Magic;nan;Clare Peploe;['Romance', 'Fantasy', 'Comedy', 'Drama'];English;3.09;100
Touch;nan;Paul Schrader;['Romance', 'Comedy', 'Drama'];English;2.91;96
Scandal;nan;Michael Caton-Jones;['Drama', 'Romance', 'History'];English;3.24;115
The Road to Wellville;nan;Alan Parker;['Comedy', 'Drama', 'Romance'];English;2.92;118
You Can't Hurry Love;nan;Richard Martini;['Comedy', 'Romance'];English;nan;92
Leather Jackets;nan;Lee Drysdale;['Drama', 'Action'];English;nan;90
Iron Maze;nan;Hiroaki Yoshida;['Thriller', 'Drama'];English;nan;104
Break Up;nan;Paul Marcus;['Romance', 'Thriller'];English;2.85;100
Bodies, Rest & Motion;nan;Michael Steinberg;['Romance', 'Drama'];English;3.11;95
Snow Queen;nan;David Wu;['Fantasy', 'Science Fiction', 'TV Movie', 'Adventure', 'Family'];English;3.27;180
A Simple Plan;nan;Sam Raimi;['Crime', 'Drama', 'Thriller'];English;3.86;121
Creepshow 2;nan;Michael Gornick;['Comedy', 'Horror'];English;3.03;89
Medieval Times: The Making of Army of Darkness;nan;nan;['Documentary'];English;3.6;96
Babylon 5: The Gathering;nan;Richard Compton;['Adventure', 'Science Fiction', 'Action'];English;3.28;95
Stomping Ground;nan;Dan Riesser;['Comedy', 'Horror'];English;nan;80
American Fable;nan;Anne Hamilton;['Thriller', 'Drama'];English;2.9;96
The Making of 'Evil Dead II' or The Gore the Merrier;nan;Robert A. Ferretti;['Documentary'];English;3.63;32
Miracle Mile;nan;Steve De Jarnatt;['Thriller', 'Comedy', 'Drama', 'Science Fiction', 'Romance', 'Action'];English;3.81;88
Dirty Pretty Things;nan;Stephen Frears;['Crime', 'Thriller', 'Drama'];English;3.57;97
Tamara Drewe;nan;Stephen Frears;['Comedy', 'Romance'];English;2.96;111
Hero;nan;Stephen Frears;['Drama', 'Comedy'];English;3.17;117
The Snapper;nan;Stephen Frears;['Drama', 'Comedy'];English;3.58;91
Gumshoe;nan;Stephen Frears;['Drama', 'Comedy', 'Crime'];English;3.27;88
Mary Reilly;nan;Stephen Frears;['Horror', 'Drama', 'Thriller'];English;2.77;104
The Program;nan;Stephen Frears;['Drama'];English;3.05;103
The Hit;nan;Stephen Frears;['Drama', 'Crime', 'Action', 'Thriller'];English;3.67;98
Amistad;nan;Steven Spielberg;['History', 'Drama', 'Mystery'];English;3.46;155
Mary Magdalene;nan;Garth Davis;['Drama', 'History'];English;3.0;120
Redbelt;nan;David Mamet;['Drama'];English;3.43;99
Red Dust;nan;Tom Hooper;['Drama'];English;3.31;110
The Spanish Apartment;nan;Cédric Klapisch;['Drama', 'Romance', 'Comedy'];French;3.65;122
Priceless;nan;Pierre Salvadori;['Drama', 'Comedy', 'Romance'];French;3.37;104
The Odyssey;nan;Jérôme Salle;['Drama', 'Adventure'];French;3.32;122
Chinese Puzzle;nan;Cédric Klapisch;['Drama', 'Comedy', 'Romance'];French;3.45;117
Microbe and Gasoline;nan;Michel Gondry;['Comedy'];French;3.55;103
Final Cut: Ladies and Gentlemen;nan;György Pálfi;['Drama', 'Romance'];Hungarian;3.87;84
Phantom Boy;nan;Jean-Loup Felicioli, Alain Gagnol;['Animation', 'Fantasy', 'Mystery'];French;3.43;82
Beautiful Lies;nan;Pierre Salvadori;['Romance', 'Comedy'];French;3.1;105
Happy End;nan;Amos Kollek;['Comedy', 'Drama'];English;3.09;98
Evil Brain from Outer Space;nan;Teruo Ishii, Nagayoshi Akasaka;['Action', 'Science Fiction'];English;2.87;78
Attack from Space;nan;Teruo Ishii, Akira Miwa;['Science Fiction', 'TV Movie', 'Action'];English;2.74;76
Invaders from Space;nan;Teruo Ishii, Nagayoshi Akasaka;['Action', 'Science Fiction'];Japanese;3.07;78
Atomic Rulers;nan;Teruo Ishii, Akira Miwa;['Action', 'Science Fiction', 'TV Movie'];English;2.98;74
Tokyo Gore Police;nan;Yoshihiro Nishimura;['Science Fiction', 'Action', 'Horror'];Japanese;3.35;110
The Life and Death of Colonel Blimp;nan;Michael Powell, Emeric Pressburger;['War', 'Drama', 'Romance', 'Comedy'];English;4.23;163
Who's Afraid of Virginia Woolf?;nan;Mike Nichols;['Drama'];English;4.26;131
Yi Yi;nan;Edward Yang;['Drama'];Chinese;4.54;174
The Tale of Zatoichi;nan;Kenji Misumi;['Drama', 'Adventure', 'Action'];Japanese;3.86;96
Once Upon a Time in Anatolia;nan;Nuri Bilge Ceylan;['Crime', 'Drama'];Turkish;4.16;163
L'Avventura;nan;Michelangelo Antonioni;['Drama', 'Mystery'];Italian;4.08;144
Oedipus Rex;nan;Pier Paolo Pasolini;['Drama'];Italian;3.75;104
Museum Hours;nan;Jem Cohen;['Drama'];English;3.77;107
This Sporting Life;nan;Lindsay Anderson;['Drama'];English;3.78;134
Valerie and Her Week of Wonders;nan;Jaromil Jireš;['Drama', 'Horror', 'Fantasy', 'Adventure'];Czech;3.5;73
Ordet;nan;Carl Theodor Dreyer;['Drama'];Danish;4.35;125
Au Hasard Balthazar;nan;Robert Bresson;['Drama'];French;4.08;96
Close-Up;nan;Abbas Kiarostami;['Drama', 'Crime'];Persian (Farsi);4.42;98
Ikiru;nan;Akira Kurosawa;['Drama'];Japanese;4.52;143
All About Eve;nan;Joseph L. Mankiewicz;['Drama'];English;4.35;139
Orpheus;nan;Jean Cocteau;['Fantasy', 'Romance'];French;4.08;95
Pusher;nan;Nicolas Winding Refn;['Action', 'Crime', 'Drama'];Danish;3.72;110
Head;nan;Bob Rafelson;['Music', 'Comedy'];English;3.59;86
Night on Earth;nan;Jim Jarmusch;['Drama', 'Comedy'];English;3.99;128
The King of Marvin Gardens;nan;Bob Rafelson;['Drama'];English;3.48;103
Bastards;nan;Claire Denis;['Drama', 'Crime', 'Thriller'];French;3.52;100
Red Obsession;nan;Warwick Ross, David Roach;['Documentary', 'History'];English;3.29;75
Electric Dragon 80.000 V;nan;Gakuryu Ishii;['Action', 'Music', 'Science Fiction', 'Fantasy'];Japanese;3.81;55
The Autopsy of Jane Doe;nan;André Øvredal;['Horror', 'Mystery'];English;3.2;86
The Broken;nan;Sean Ellis;['Drama', 'Thriller', 'Horror'];English;2.77;93
Don't Tell Mom the Babysitter's Dead;nan;Stephen Herek;['Comedy', 'Family'];English;3.17;105
Swimming Pool;nan;François Ozon;['Crime', 'Thriller'];English;3.46;102
Pig Hunt;nan;James Isaac;['Thriller', 'Action', 'Horror'];English;2.81;100
Attack of the Lederhosen Zombies;nan;Dominik Hartl;['Horror', 'Comedy'];German;2.51;77
Cyborg;nan;Albert Pyun;['Thriller', 'Adventure', 'Science Fiction', 'Action'];English;2.58;86
11:14;nan;Greg Marcks;['Comedy', 'Crime', 'Thriller'];English;3.42;86
Seedpeople;nan;Peter Manoogian;['Science Fiction', 'Horror'];English;2.44;87
Bitch Slap;nan;Rick Jacobson;['Action', 'Drama', 'Comedy', 'Thriller', 'Crime'];English;2.29;109
Doomsday;nan;Neil Marshall;['Action', 'Thriller', 'Science Fiction'];English;2.81;108
Rumble in the Bronx;nan;Stanley Tong Gwai-Lai;['Thriller', 'Comedy', 'Action', 'Crime'];Cantonese;3.48;106
Adventures of Captain Marvel;nan;John English, William Witney;['Action', 'Family', 'Science Fiction', 'Fantasy'];English;3.26;216
The Adventures of Sherlock Holmes;nan;Alfred L. Werker;['Crime', 'Mystery', 'Thriller'];English;3.49;85
Adventures of Captain Fabian;nan;William Marshall;['Drama', 'Adventure', 'Romance'];English;nan;100
The Adventure of Sherlock Holmes' Smarter Brother;nan;Gene Wilder;['Comedy', 'Mystery', 'Crime'];English;3.04;91
Abby;nan;William Girdler;['Horror'];English;3.09;89
Abbott and Costello Meet the Mummy;nan;Charles Lamont;['Adventure', 'Horror', 'Comedy', 'Fantasy'];English;2.99;79
The Abominable Snowman;nan;Val Guest;['Adventure', 'Horror'];English;3.2;85
Abbott and Costello Go to Mars;nan;Charles Lamont;['Comedy', 'Science Fiction'];English;2.92;77
Abbott and Costello Meet Dr. Jekyll and Mr. Hyde;nan;Charles Lamont;['Comedy', 'Mystery', 'Science Fiction', 'Horror'];English;3.1;77
Bud Abbott and Lou Costello Meet the Invisible Man;nan;Charles Lamont;['Science Fiction', 'Crime', 'Comedy', 'Horror'];English;3.19;83
Bud Abbott and Lou Costello Meet the Killer, Boris Karloff;nan;Charles Barton;['Horror', 'Comedy', 'Mystery'];English;3.22;84
Institute Benjamenta, or This Dream People Call Human Life;nan;Stephen Quay, Timothy Quay;['Drama'];English;3.77;104
Tess;nan;Roman Polanski;['Romance', 'Drama'];English;3.82;172
The Tin Drum;nan;Volker Schlöndorff;['History', 'Drama', 'War'];German;3.72;162
Little Otik;nan;Jan Švankmajer;['Animation', 'Horror', 'Fantasy', 'Comedy'];Czech;3.76;132
The Devil;nan;Andrzej Żuławski;['Drama', 'History', 'Horror'];Polish;3.86;125
Live Flesh;nan;Pedro Almodóvar;['Drama', 'Thriller', 'Romance'];Spanish;3.69;103
The Magnificent Ambersons;nan;Orson Welles;['Drama', 'Romance'];English;3.89;88
Magnet of Doom;nan;Jean-Pierre Melville;['Crime', 'Drama', 'Adventure'];French;3.3;102
Seconds;nan;John Frankenheimer;['Horror', 'Science Fiction', 'Thriller'];English;4.14;107
World on a Wire;nan;Rainer Werner Fassbinder;['Mystery', 'Drama', 'Science Fiction'];German;4.1;204
War and Peace, Part I: Andrei Bolkonsky;nan;Sergey Bondarchuk;['War', 'Drama', 'History'];Russian;4.18;147
Igby Goes Down;nan;Burr Steers;['Drama', 'Comedy'];English;3.4;97
Train to Busan;nan;Yeon Sang-ho;['Thriller', 'Adventure', 'Horror', 'Action'];Korean;3.97;118
Miss Meadows;nan;Karen Leigh Hopkins;['Drama'];English;2.68;88
Murder-Set-Pieces;nan;Nick Palumbo;['Crime', 'Thriller', 'Horror'];English;2.03;105
Aliens vs Avatars;nan;Lewis Schoenbrun;['Thriller', 'Horror', 'Science Fiction'];English;2.53;80
Benny & Joon;nan;Jeremiah S. Chechik;['Comedy', 'Drama'];English;3.45;98
Xtro;nan;Harry Bromley Davenport;['Science Fiction', 'Horror'];English;3.14;86
Don Juan DeMarco;nan;Jeremy Leven;['Drama', 'Romance', 'Comedy'];English;3.04;97
Life After Beth;nan;Jeff Baena;['Romance', 'Horror', 'Comedy'];English;2.8;90
[REC]³ Genesis;nan;Paco Plaza;['Horror'];Spanish;2.4;80
Deathgasm;nan;Jason Lei Howden;['Comedy', 'Horror', 'Music'];English;3.23;86
Zombie Ass: Toilet of the Dead;nan;Noboru Iguchi;['Comedy', 'Horror'];Japanese;2.56;85
Rock Star;nan;Stephen Herek;['Drama', 'Music', 'Comedy'];English;2.94;105
[REC]⁴ Apocalypse;nan;Jaume Balagueró;['Thriller', 'Horror'];Spanish;2.27;95
The Amazing Captain Nemo;nan;Alex March;['Science Fiction', 'TV Movie', 'Adventure', 'Fantasy'];English;nan;98
All Through the Night;nan;Vincent Sherman;['Comedy', 'Thriller', 'Action'];English;3.47;107
Alias Nick Beal;nan;John Farrow;['Fantasy', 'Crime', 'Drama'];English;3.54;93
Alias John Preston;nan;David MacDonald;['Horror', 'Mystery'];English;nan;71
All That Money Can Buy;nan;William Dieterle;['Fantasy', 'Drama'];English;3.74;107
Agent for H.A.R.M.;nan;Gerd Oswald;['Adventure', 'Science Fiction', 'Thriller'];English;2.59;84
African Treasure;nan;Ford Beebe;['Adventure'];English;nan;70
Africa Screams;nan;Charles Barton;['Adventure', 'Comedy'];English;2.89;79
Alice, Sweet Alice;nan;Alfred Sole;['Horror', 'Thriller', 'Mystery', 'Drama', 'Crime'];English;3.38;108
The Amazing Colossal Man;nan;Bert I. Gordon;['Adventure', 'Thriller', 'Science Fiction'];English;2.6;80
And Now the Screaming Starts!;nan;Roy Ward Baker;['Horror'];English;3.01;91
Blood for Dracula;nan;Paul Morrissey;['Horror', 'Comedy'];English;3.22;103
The Amazing Transparent Man;nan;Edgar G. Ulmer;['Science Fiction', 'Crime', 'Thriller'];English;2.33;57
Amityville II: The Possession;nan;Damiano Damiani;['Thriller', 'Horror'];English;2.98;104
And Soon the Darkness;nan;Robert Fuest;['Thriller', 'Mystery', 'Horror'];English;3.37;99
Flesh for Frankenstein;nan;Paul Morrissey;['Horror'];English;3.25;95
The Ambushers;nan;Henry Levin;['Action', 'Comedy'];English;2.95;102
Among the Living;nan;Stuart Heisler;['Thriller', 'Crime'];English;3.26;69
And Then There Were None;nan;René Clair;['Drama', 'Crime', 'Mystery'];English;3.55;98
Angel, Angel, Down We Go;nan;Robert Thom;['Drama', 'Crime'];English;3.0;93
Amphibian Man;nan;Gennadi Kazansky, Vladimir Chebotaryov;['Science Fiction', 'Adventure', 'Romance'];Russian;3.51;96
The Andromeda Strain;nan;Robert Wise;['Science Fiction', 'Thriller'];English;3.62;131
An Angel for Satan;nan;Camillo Mastrocinque;['Horror'];Italian;3.26;90
Angel Unchained;nan;Lee Madden;['Thriller', 'Action', 'Drama'];English;3.15;86
Americathon;nan;Neal Israel;['Comedy'];English;2.94;86
Szamanka;nan;Andrzej Żuławski;['Horror', 'Drama'];Polish;3.55;110
This Is Not a Film;nan;Mojtaba Mirtahmasb, Jafar Panahi;['Documentary'];Persian (Farsi);3.83;75
The Turin Horse;nan;Béla Tarr;['Drama'];Hungarian;4.21;155
The Public Woman;nan;Andrzej Żuławski;['Drama'];French;3.66;113
Female Prisoner Scorpion: #701;nan;Shunya Ito;['Thriller', 'Crime', 'Action'];Japanese;3.88;87
Mad Love;nan;Andrzej Żuławski;['Romance', 'Crime', 'Comedy', 'Drama'];French;3.58;101
Pastoral: To Die in the Country;nan;Shūji Terayama;['Drama', 'Fantasy'];Japanese;4.2;101
The Cremator;nan;Juraj Herz;['Horror', 'Drama', 'Comedy'];Czech;4.27;101
sex, lies, and videotape;nan;Steven Soderbergh;['Drama'];English;3.88;101
The Diving Bell and the Butterfly;nan;Julian Schnabel;['Drama', 'History'];French;4.12;112
Forbidden Games;nan;René Clément;['Drama', 'War'];French;4.07;87
The Third Part of the Night;nan;Andrzej Żuławski;['Drama', 'Horror', 'War'];Polish;3.85;102
The Spirit of the Beehive;nan;Víctor Erice;['Drama', 'Fantasy'];Spanish;4.17;97
Satantango;nan;Béla Tarr;['Drama'];Hungarian;4.37;432
The Enigma of Kaspar Hauser;nan;Werner Herzog;['History', 'Drama'];German;3.93;109
Mama;nan;Andy Muschietti;['Horror'];English;2.73;100
The Devil's Backbone;nan;Guillermo del Toro;['Horror', 'Thriller', 'Drama', 'Fantasy'];Spanish;3.83;108
Body Melt;nan;Philip Brophy;['Science Fiction', 'Comedy', 'Horror'];English;2.97;81
Mrs. Ashboro's Cat;nan;Don McBrearty;['Drama', 'TV Movie', 'Thriller', 'Family'];English;2.87;90
Zoombies;nan;Glenn Miller;['Science Fiction', 'Action', 'Horror'];English;1.83;90
Knights of Badassdom;nan;Joe Lynch;['Comedy', 'Fantasy', 'Horror', 'Adventure'];English;2.64;86
I Survived a Zombie Holocaust;nan;Guy Pigden;['Comedy', 'Horror'];English;2.98;104
Damnation Alley;nan;Jack Smight;['Adventure', 'Science Fiction', 'Action'];English;2.7;91
How to Lose a Guy in 10 Days;nan;Donald Petrie;['Comedy', 'Romance'];English;3.71;116
Demolition Man;nan;Marco Brambilla;['Action', 'Science Fiction', 'Crime'];English;3.34;115
Angels Die Hard;nan;Richard Compton;['Action', 'Drama'];English;nan;86
Angels from Hell;nan;Bruce Kessler;['Action'];English;nan;86
The Animal World;nan;Irwin Allen;['Documentary'];English;nan;82
The Ape;nan;William Nigh;['Horror', 'Science Fiction'];English;2.41;62
Arnold;nan;Georg Fenady;['Mystery', 'Comedy', 'Horror', 'Thriller'];English;3.24;94
The Anniversary;nan;Roy Ward Baker;['Comedy'];English;3.35;95
The Ape Man;nan;William Beaudine;['Science Fiction', 'Horror'];English;2.4;64
Around the World in Eighty Days;nan;Michael Anderson;['Fantasy', 'Adventure', 'Romance', 'Family', 'Comedy'];English;3.12;182
Around the World Under the Sea;nan;Andrew Marton;['Science Fiction', 'Adventure'];English;3.05;110
The Ape Woman;nan;Marco Ferreri;['Drama', 'Comedy'];Italian;3.7;92
Apache Woman;nan;Giorgio Mariuzzo;['Western'];Italian;nan;85
Angel's Wild Women;nan;Al Adamson;['Action', 'Horror'];English;2.93;85
The Angry Breed;nan;David Commons;['Drama'];English;nan;94
The Cannibal Man;nan;Eloy de la Iglesia;['Horror', 'Drama', 'Thriller'];Spanish;3.36;98
Arabian Adventure;nan;Kevin Connor;['Fantasy', 'Family', 'Science Fiction'];English;3.06;98
The Angry Red Planet;nan;Ib Melchior;['Science Fiction', 'Adventure', 'Horror'];English;2.72;83
A*P*E;nan;Paul Leder;['Horror', 'Science Fiction', 'Adventure'];English;1.97;87
The Arena;nan;Steve Carver;['Adventure', 'Action'];English;2.72;82
The Asphyx;nan;Peter Newbrook;['Horror', 'Science Fiction', 'Fantasy'];English;3.11;99
The Astro-Zombies;nan;Ted V. Mikels;['Crime', 'Horror', 'Science Fiction'];English;2.03;91
The Astounding She-Monster;nan;Ronald V. Ashcroft;['Horror', 'Science Fiction'];English;2.64;62
Assignment Terror;nan;Tulio Demicheli;['Horror', 'Science Fiction'];Spanish;2.61;87
My Best Fiend;nan;Werner Herzog;['Documentary'];German;3.92;95
Die Nibelungen: Siegfried;nan;Fritz Lang;['Fantasy', 'Drama', 'Adventure'];No spoken language;4.16;148
War and Peace, Part IV: Pierre Bezukhov;nan;Sergey Bondarchuk;['War', 'Drama', 'History'];Russian;4.21;97
The Vampires or, The Arch Criminals of Paris;nan;Louis Feuillade;['Drama', 'Thriller'];No spoken language;3.87;422
Shadows of Forgotten Ancestors;nan;Sergei Parajanov;['Drama', 'Romance'];Ukrainian;4.04;96
Blackfish;nan;Gabriela Cowperthwaite;['Documentary'];English;3.99;83
The Public Enemy;nan;William A. Wellman;['Drama', 'Crime'];English;3.72;84
City Lights;nan;Charlie Chaplin;['Drama', 'Comedy', 'Romance'];No spoken language;4.34;87
Yeelen;nan;Souleymane Cissé;['Drama'];Bambara;3.66;105
The Legend of Suram Fortress;nan;Sergei Parajanov;['Drama', 'Fantasy'];Georgian;3.85;83
Ashik Kerib;nan;Sergei Parajanov, Dodo Abashidze;['Drama', 'History', 'Fantasy'];Georgian;3.81;76
Two Men in Manhattan;nan;Jean-Pierre Melville;['Crime', 'Thriller', 'Drama'];French;3.39;84
When You Read This Letter;nan;Jean-Pierre Melville;['Drama'];French;3.23;107
Pandora's Box;nan;G.W. Pabst;['Romance', 'Drama', 'Crime'];No spoken language;3.87;133
Dr. Mabuse, the Gambler;nan;Fritz Lang;['Crime', 'Thriller'];No spoken language;3.96;271
Mum & Dad;nan;Steven Sheil;['Thriller', 'Horror'];English;2.88;84
Sharknado 3: Oh Hell No!;nan;Anthony C. Ferrante;['TV Movie', 'Comedy', 'Horror', 'Science Fiction', 'Action'];English;2.04;88
Night of the Creeps;nan;Fred Dekker;['Science Fiction', 'Horror', 'Comedy'];English;3.5;88
Island of the Dead;nan;Tim Southam;['Thriller', 'Horror'];English;2.59;91
Death Bed: The Bed That Eats;nan;George Barry;['Horror', 'Comedy', 'Fantasy'];English;2.69;77
Castle Freak;nan;Stuart Gordon;['Drama', 'Horror', 'Thriller', 'Mystery'];English;3.11;90
Sharknado;nan;Anthony C. Ferrante;['Action', 'Comedy', 'Science Fiction', 'Horror', 'TV Movie'];English;1.75;86
The Boogens;nan;James L. Conway;['Horror'];English;2.84;95
Twixt;nan;Francis Ford Coppola;['Horror', 'Fantasy', 'Mystery'];English;2.73;88
Tomcats;nan;Gregory Poirier;['Comedy', 'Romance'];English;2.21;95
Atlas;nan;Roger Corman;['Fantasy', 'Adventure', 'Action'];English;nan;79
The Atomic Kid;nan;Leslie H. Martinson;['Comedy', 'Science Fiction'];English;nan;86
Attack of the Mayan Mummy;nan;Rafael Portillo, Jerry Warren;['Horror'];English;nan;77
Atlantis: The Lost Continent;nan;George Pal;['Fantasy', 'Adventure'];English;2.96;90
The Atomic Cafe;nan;Jayne Loader, Pierce Rafferty;['Documentary', 'History'];English;3.81;86
Attack of the Giant Leeches;nan;Bernard L. Kowalski;['Science Fiction', 'Horror'];English;2.12;62
The Atomic Submarine;nan;Spencer Gordon Bennet;['Thriller', 'Science Fiction'];English;2.73;72
Monstrosity;nan;Joseph V. Mascelli;['Science Fiction', 'Horror'];English;2.12;65
Asylum of Satan;nan;William Girdler;['Horror'];English;2.95;80
Atom Age Vampire;nan;Anton Giulio Majano;['Horror'];Italian;2.44;107
Timeslip;nan;Ken Hughes;['Science Fiction'];English;nan;93
Atlas Against the Cyclops;nan;Antonio Leonviola;['Fantasy', 'Adventure'];Italian;nan;95
Asylum;nan;Roy Ward Baker;['Horror'];English;3.26;88
Senso;nan;Luchino Visconti;['Romance', 'Drama', 'War'];Italian;3.76;123
The Town That Dreaded Sundown;nan;Charles B. Pierce;['Horror', 'Mystery', 'Thriller', 'Crime'];English;2.92;86
All About Lily Chou-Chou;nan;Shunji Iwai;['Crime', 'Drama'];Japanese;4.18;146
Pusher III;nan;Nicolas Winding Refn;['Crime', 'Thriller', 'Action'];Danish;3.84;108
Dead Man's Letters;nan;Konstantin Lopushansky;['Drama', 'Science Fiction'];Russian;4.12;83
Koyaanisqatsi;nan;Godfrey Reggio;['Documentary', 'Drama'];No spoken language;4.31;86
Computer Chess;nan;Andrew Bujalski;['Comedy'];English;3.49;91
Planet Earth;nan;Alastair Fothergill;['Documentary'];English;4.61;538
The Mummy;nan;Karl Freund;['Fantasy', 'Horror'];English;3.28;73
Aningaaq;nan;Jonás Cuarón;['Drama'];English;3.33;7
Secret Sunshine;nan;Lee Chang-dong;['Drama'];Korean;4.08;143
Summertime;nan;David Lean;['Drama', 'Romance'];English;3.65;100
A Place in the Sun;nan;George Stevens;['Romance', 'Drama', 'Crime'];English;3.93;122
Samaritan Girl;nan;Kim Ki-duk;['Drama'];Korean;3.55;96
Autumn Sonata;nan;Ingmar Bergman;['Drama'];Swedish;4.48;93
Street of Shame;nan;Kenji Mizoguchi;['Drama'];Japanese;4.13;87
Manakamana;nan;Stephanie Spray, Pacho Velez;['Documentary'];Nepali;3.74;118
Moebius;nan;Kim Ki-duk;['Drama'];Korean;3.28;89
Dream;nan;Kim Ki-duk;['Drama', 'Romance', 'Fantasy', 'Mystery'];Korean;3.39;95
The Burmese Harp;nan;Kon Ichikawa;['War', 'Drama'];Japanese;4.12;117
Surviving Life (Theory and Practice);nan;Jan Švankmajer;['Comedy', 'Fantasy', 'Drama', 'Animation'];Czech;3.85;105
Return of the One-Armed Swordsman;nan;Chang Cheh;['Action', 'Adventure'];Chinese;3.59;106
Thriller: A Cruel Picture;nan;Bo Arne Vibenius;['Crime', 'Drama', 'Horror', 'Action', 'Thriller'];Swedish;3.47;108
The Video Dead;nan;Robert Scott;['Horror', 'Comedy', 'Fantasy'];English;2.64;90
Samurai Cop 2: Deadly Vengeance;nan;Gregory Hatanaka;['Comedy', 'Action', 'Crime', 'Thriller'];English;1.85;90
Exam;nan;Stuart Hazeldine;['Mystery', 'Thriller'];English;2.91;97
Me Before You;nan;Thea Sharrock;['Romance', 'Drama'];English;3.44;110
Evil Toons;nan;Fred Olen Ray;['Animation', 'Horror', 'Comedy'];English;2.4;83
A Serbian Film;nan;Srđan Spasojević;['Horror', 'Thriller', 'Crime'];Serbian;1.8;104
Hollywood Chainsaw Hookers;nan;Fred Olen Ray;['Comedy', 'Horror'];English;2.93;75
April Fool's Day;nan;Fred Walton;['Horror', 'Mystery'];English;3.06;88
Group Sex;nan;Lawrence Trilling;['Romance', 'Comedy'];English;2.93;92
Gamera vs. Guiron;nan;Noriaki Yuasa;['Adventure', 'Science Fiction', 'Family', 'Action'];Japanese;2.9;82
Autopsy of a Ghost;nan;Ismael Rodríguez;['Horror', 'Comedy', 'Science Fiction'];Spanish;nan;106
Babes in Toyland;nan;Austen Jewell, Jack Donohue;['Fantasy', 'Comedy', 'Music', 'Family'];English;2.91;106
Background to Danger;nan;Raoul Walsh;['Thriller', 'War'];English;3.25;80
Autopsy;nan;Armando Crispino;['Mystery', 'Thriller', 'Horror'];Italian;3.06;100
The Awful Dr. Orlof;nan;Jesús Franco;['Thriller', 'Horror'];Spanish;3.18;90
The Baby;nan;Ted Post;['Horror', 'Thriller'];English;3.18;84
Bachelor of Hearts;nan;Wolf Rilla;['Comedy'];English;nan;94
The Aztec Mummy;nan;Rafael Portillo;['Horror'];Spanish;2.97;80
Avalanche;nan;Corey Allen;['Action', 'Adventure', 'Drama'];English;2.14;94
Attack of the Puppet People;nan;Bert I. Gordon;['Horror', 'Science Fiction'];English;2.7;79
Attack of the Robots;nan;Jesús Franco;['Thriller', 'Science Fiction', 'Comedy'];French;3.23;92
The Avenger;nan;Karl Anton;['Crime', 'Horror'];German;3.17;99
Babes in Bagdad;nan;Edgar G. Ulmer, Jerónimo Mihura;['Comedy'];English;nan;79
Back Door to Hell;nan;Monte Hellman;['War', 'Action', 'Drama'];English;3.15;75
Back from the Dead;nan;Charles Marquis Warren;['Horror'];English;3.14;79
Babes in Toyland;nan;Charley Rogers, Gus Meins;['Comedy', 'Fantasy', 'Family'];English;3.37;78
The Avenger;nan;Giorgio Venturini;['History', 'Adventure'];Italian;nan;105
Audrey Rose;nan;Robert Wise;['Horror', 'Thriller', 'Drama'];English;2.89;113
Mutant Girls Squad;nan;Yoshihiro Nishimura, Noboru Iguchi;['Action', 'Horror', 'Science Fiction', 'Thriller'];Japanese;3.15;85
L'Argent;nan;Robert Bresson;['Drama', 'Crime'];French;4.0;85
Tetsuo II: Body Hammer;nan;Shinya Tsukamoto;['Drama', 'Horror', 'Science Fiction'];Japanese;3.5;81
The Holy Mountain;nan;Arnold Fanck;['Drama', 'Adventure'];No spoken language;3.41;106
Love Exposure;nan;Sion Sono;['Comedy', 'Drama', 'Romance', 'Action'];Japanese;4.38;237
Tokyo Fist;nan;Shinya Tsukamoto;['Thriller', 'Drama', 'Action'];Japanese;3.88;87
Cries and Whispers;nan;Ingmar Bergman;['Drama'];Swedish;4.22;95
Edvard Munch;nan;Peter Watkins;['Drama', 'History', 'TV Movie'];Norwegian;4.28;221
44 Inch Chest;nan;Malcolm Venville;['Drama', 'Crime'];English;3.08;95
Walk Away Renee;nan;Jonathan Caouette;['Documentary', 'Drama'];English;nan;90
Kotoko;nan;Shinya Tsukamoto;['Drama', 'Horror'];Japanese;3.85;91
Enemy Mine;nan;Wolfgang Petersen;['Drama', 'Science Fiction'];English;3.37;108
Ginger Snaps;nan;John Fawcett;['Fantasy', 'Drama', 'Horror', 'Thriller'];English;3.63;108
The Exorcist III;nan;William Peter Blatty;['Horror'];English;3.56;110
Citizen Toxie: The Toxic Avenger IV;nan;Lloyd Kaufman;['Horror', 'Comedy', 'Fantasy', 'Action', 'Science Fiction'];English;2.98;109
Seconds Apart;nan;Antonio Negret;['Horror', 'Thriller'];English;2.75;89
Ginger Snaps Back: The Beginning;nan;Grant Harvey;['Western', 'Fantasy', 'Drama', 'Thriller', 'Horror'];English;2.68;94
Repo! The Genetic Opera;nan;Darren Lynn Bousman;['Music', 'Science Fiction', 'Horror'];English;3.14;98
GirlHouse;nan;Trevor Matthews, Jon Knautz;['Horror', 'Thriller'];English;2.76;100
Biker Boyz;nan;Reggie Rock Bythewood;['Drama', 'Action'];English;2.5;110
The Nameless;nan;Jaume Balagueró;['Drama', 'Thriller', 'Mystery', 'Horror'];Spanish;2.92;100
Ginger Snaps 2: Unleashed;nan;Brett Sullivan;['Horror', 'Fantasy', 'Thriller', 'Drama'];English;3.14;94
Baffled!;nan;Philip Leacock;['Thriller', 'Horror', 'Science Fiction', 'Mystery'];English;3.03;99
Barracuda;nan;Harry Kerwin;['Thriller', 'Horror'];English;2.57;98
The Bat Whispers;nan;Roland West;['Crime', 'Mystery', 'Horror', 'Comedy'];English;3.25;83
The Baron of Arizona;nan;Samuel Fuller;['Romance', 'Drama', 'Western'];English;3.43;97
The Bang-Bang Kid;nan;Luciano Sacripanti;['Adventure', 'Western', 'Comedy'];English;nan;88
The Bad Seed;nan;Mervyn LeRoy;['Drama', 'Thriller', 'Horror'];English;3.67;129
Bad Ronald;nan;Buzz Kulik;['Horror', 'TV Movie', 'Thriller', 'Drama'];English;3.15;74
The Bamboo Saucer;nan;Frank Telford;['Science Fiction'];English;nan;103
Baron Blood;nan;Mario Bava;['Horror'];Italian;3.02;98
The Bat People;nan;Jerry Jameson;['Horror'];English;2.32;95
Bagdad;nan;Charles Lamont;['Adventure'];English;nan;82
Barbed Wire Dolls;nan;Jesús Franco;['Crime', 'Drama', 'Horror'];French;2.8;81
The Bat;nan;Crane Wilbur;['Thriller', 'Horror', 'Mystery', 'Crime'];English;3.06;80
Barn of the Naked Dead;nan;Alan Rudolph;['Horror'];English;2.86;86
Bait;nan;Hugo Haas;['Crime', 'Thriller', 'Drama'];English;3.21;79
Battle Beneath the Earth;nan;Montgomery Tully;['Science Fiction', 'Thriller'];English;2.9;91
Battle of Blood Island;nan;Joel Rapp;['Drama', 'War'];English;nan;64
The Beach Girls and the Monster;nan;Jon Hall;['Horror'];English;2.65;70
Beach Party;nan;William Asher;['Music', 'Comedy'];English;2.95;101
Battle Beyond the Sun;nan;Mikhail Karyukov, Aleksandr Kozyr;['Science Fiction'];English;2.57;69
Battle Taxi;nan;Herbert L. Strock;['War', 'Drama'];English;nan;82
Bear Island;nan;Don Sharp;['Thriller', 'Action', 'Adventure', 'Mystery'];English;3.07;118
Beach Ball;nan;Lennie Weinrib;['Music', 'Comedy'];English;nan;83
Beast from Haunted Cave;nan;Monte Hellman;['Crime', 'Horror', 'Thriller'];English;2.45;66
General Idi Amin Dada;nan;Barbet Schroeder;['Documentary'];French;3.66;90
The Piano Teacher;nan;Michael Haneke;['Romance', 'Drama'];French;4.08;131
Gertrud;nan;Carl Theodor Dreyer;['Drama', 'Romance'];Danish;3.92;119
The Straight Story;nan;David Lynch;['Drama'];English;4.17;112
Camille Claudel, 1915;nan;Bruno Dumont;['Drama', 'History'];French;3.47;95
Day of Wrath;nan;Carl Theodor Dreyer;['Drama', 'History'];Danish;4.18;97
PlayTime;nan;Jacques Tati;['Comedy'];French;4.21;115
Three Colours: Red;nan;Krzysztof Kieślowski;['Mystery', 'Drama', 'Romance'];French;4.34;100
The Scarlet Empress;nan;Josef von Sternberg;['History', 'Drama', 'Romance'];English;3.9;104
Virus;nan;John Bruno;['Horror', 'Science Fiction', 'Action'];English;2.57;99
Syngenor;nan;George Elanjian Jr.;['Horror', 'Science Fiction'];English;2.84;98
Carnival of Souls;nan;Herk Harvey;['Horror', 'Fantasy', 'Mystery'];English;3.77;78
The Descent: Part 2;nan;Jon Harris;['Horror', 'Adventure', 'Thriller'];English;2.43;94
The Beast of Yucca Flats;nan;Coleman Francis;['Horror', 'Science Fiction'];English;1.64;54
Hesher;nan;Spencer Susser;['Drama'];English;3.34;106
The Pinchcliffe Grand Prix;nan;Ivo Caprino;['Family', 'Adventure', 'Animation', 'Comedy'];Norwegian;3.94;88
Timber Falls;nan;Tony Giglio;['Horror', 'Thriller'];English;2.29;97
Night Watch;nan;Timur Bekmambetov;['Action', 'Fantasy', 'Thriller'];Russian;3.19;114
The Amazing Mr. X;nan;Bernard Vorhaus;['Thriller', 'Horror'];English;3.26;78
Man's Best Friend;nan;John Lafia;['Thriller', 'Comedy', 'Horror', 'Science Fiction'];English;2.76;97
Day Watch;nan;Timur Bekmambetov;['Adventure', 'Fantasy', 'Horror', 'Action', 'Thriller'];Russian;3.11;145
Moontrap;nan;Robert Dyke;['Science Fiction', 'Horror'];English;2.45;92
Manborg;nan;Steven Kostanski;['Science Fiction', 'Horror'];English;3.08;70
Hidden;nan;Ross Duffer, Matt Duffer;['Thriller', 'Horror'];English;3.09;83
Razorback;nan;Russell Mulcahy;['Horror'];English;3.18;95
Frontier(s);nan;Xavier Gens;['Drama', 'Horror', 'Action', 'Thriller'];French;3.08;108
One Hour Photo;nan;Mark Romanek;['Thriller', 'Drama'];English;3.48;96
Martyrs;nan;Pascal Laugier;['Horror', 'Thriller', 'Drama'];French;3.63;99
Sweatshop;nan;Stacy Davidson;['Horror', 'Thriller'];English;2.79;86
Vampire Girl vs. Frankenstein Girl;nan;Yoshihiro Nishimura, Naoyuki Tomomatsu;['Comedy', 'Horror'];Japanese;2.92;84
Pontypool;nan;Bruce McDonald;['Horror', 'Science Fiction', 'Mystery'];English;3.35;97
Inside;nan;Julien Maury, Alexandre Bustillo;['Horror'];French;3.47;83
The Machine Girl;nan;Noboru Iguchi;['Comedy', 'Horror', 'Action', 'Adventure', 'Thriller', 'Crime'];Japanese;3.29;96
The Beast from 20,000 Fathoms;nan;Eugène Lourié;['Science Fiction', 'Horror', 'Drama'];English;3.27;80
The Beast of the Yellow Night;nan;Eddie Romero;['Horror'];English;2.59;83
The Beast Within;nan;Philippe Mora;['Horror', 'Fantasy', 'Science Fiction'];English;2.91;98
Beauty and the Beast;nan;Jean Cocteau;['Fantasy', 'Drama', 'Romance'];French;4.08;96
The Beast in the Cellar;nan;James Kelley;['Horror', 'Thriller'];English;2.83;89
Beauty and the Beast;nan;Edward L. Cahn;['Horror', 'Romance'];English;nan;77
The Beast Must Die;nan;Paul Annett;['Mystery', 'Horror'];English;2.85;93
The Beast That Killed Women;nan;Barry Mahon;['Horror'];English;2.85;61
The Beat Generation;nan;Charles F. Haas;['Crime'];English;nan;95
Beauty and the Beast;nan;Fielder Cook;['Family', 'TV Movie', 'Romance', 'Fantasy'];English;nan;74
Beast of Blood;nan;Eddie Romero;['Horror', 'Adventure'];English;2.88;91
The Beast with Five Fingers;nan;Robert Florey;['Thriller', 'Horror'];English;3.27;88
Beat the Devil;nan;John Huston;['Adventure', 'Comedy'];English;3.23;95
The Beast of Hollow Mountain;nan;Ismael Rodríguez, Edward Nassour;['Horror', 'Western', 'Science Fiction'];English;2.02;81
The Beast with a Million Eyes;nan;David Kramarsky;['Horror', 'Science Fiction'];English;2.36;78
The Beatniks;nan;Paul Frees;['Crime', 'Drama'];English;2.46;78
Because They're Young;nan;Paul Wendkos;['Drama'];English;nan;102
Taurus;nan;Aleksandr Sokurov;['Drama'];Russian;3.62;104
My Life as a Dog;nan;Lasse Hallström;['Drama', 'Comedy'];Swedish;3.88;102
Werckmeister Harmonies;nan;Béla Tarr;['Drama'];Hungarian;4.31;139
Scenes from a Marriage;nan;Ingmar Bergman;['Romance', 'Drama'];Swedish;4.38;169
Moloch;nan;Aleksandr Sokurov;['Drama', 'History'];German;3.62;108
Claire's Knee;nan;Éric Rohmer;['Romance', 'Drama'];French;3.87;105
The Second Circle;nan;Aleksandr Sokurov;['Drama'];Russian;3.82;92
Three Colours Trilogy;nan;nan;nan;nan;4.4;290
That Most Important Thing: Love;nan;Andrzej Żuławski;['Romance', 'Drama'];French;3.69;113
Walker;nan;Alex Cox;['Drama', 'History', 'Western'];English;3.78;94
The Parallax View;nan;Alan J. Pakula;['Drama', 'Thriller', 'Crime'];English;3.82;102
The Saddest Music in the World;nan;Guy Maddin;['Comedy', 'Music', 'Drama'];English;3.76;101
Blood Tea and Red String;nan;Christiane Cegavske;['Thriller', 'Fantasy', 'Animation'];No spoken language;3.85;70
Kinetta;nan;Yorgos Lanthimos;['Drama'];Greek (modern);2.42;98
L'Âge d'or;nan;Luis Buñuel;['Romance', 'Drama', 'Comedy'];French;3.64;63
My Winnipeg;nan;Guy Maddin;['Drama', 'Comedy', 'Documentary'];English;3.96;80
Critters 3;nan;Kristine Peterson;['Horror', 'Comedy', 'Science Fiction'];English;2.37;86
Dark Skies;nan;Scott Stewart;['Thriller', 'Horror', 'Science Fiction'];English;2.77;97
Bite;nan;Chad Archibald;['Horror'];English;2.52;90
The Man Without a Face;nan;Mel Gibson;['Drama'];English;3.22;115
The Hoarder;nan;Matt Winn;['Thriller', 'Horror'];English;2.1;86
Spring;nan;Aaron Moorhead, Justin Benson;['Horror', 'Romance', 'Science Fiction'];English;3.47;109
The Cabinet of Dr. Caligari;nan;Robert Wiene;['Crime', 'Drama', 'Thriller', 'Horror'];No spoken language;4.07;67
31;nan;Rob Zombie;['Thriller', 'Horror'];English;2.52;102
Critters;nan;Stephen Herek;['Comedy', 'Science Fiction', 'Horror'];English;3.04;86
Hoodwinked!;nan;Cory Edwards;['Family', 'Animation', 'Crime', 'Comedy', 'Music'];English;3.33;81
Fresh Meat;nan;Danny Mulheron;['Horror', 'Comedy'];English;3.11;91
Critters 2;nan;Mick Garris;['Comedy', 'Science Fiction', 'Horror'];English;3.01;86
Cooties;nan;Cary Murnion, Jonathan Milott;['Thriller', 'Comedy', 'Horror', 'Science Fiction', 'Action'];English;2.78;88
Edge of Madness;nan;Anne Wheeler;['Mystery', 'Drama', 'Thriller'];English;nan;99
Mulholland Drive;nan;David Lynch;['Mystery', 'Drama', 'Thriller'];English;4.26;147
May;nan;Lucky McKee;['Comedy', 'Horror', 'Drama'];English;3.6;93
Slither;nan;James Gunn;['Horror', 'Comedy', 'Science Fiction'];English;3.22;95
Alyce Kills;nan;Jay Lee;['Horror', 'Thriller'];English;2.96;90
A Tale of Two Sisters;nan;Kim Jee-woon;['Drama', 'Mystery', 'Horror'];Korean;3.7;115
Hell Baby;nan;Robert Ben Garant, Thomas Lennon;['Comedy', 'Horror'];English;2.64;98
Before I Hang;nan;Nick Grindé;['Crime', 'Horror', 'Science Fiction'];English;3.07;62
Bell from Hell;nan;Claudio Guerín Hill;['Thriller', 'Horror', 'Drama'];English;3.2;94
The Best Man Wins;nan;Erle C. Kenton;nan;English;nan;75
The Bed Sitting Room;nan;Richard Lester;['Comedy', 'Science Fiction'];English;3.19;91
The Bees;nan;Alfredo Zacarías;['Thriller', 'Science Fiction', 'Horror'];English;2.52;92
Bela Lugosi Meets a Brooklyn Gorilla;nan;William Beaudine;['Horror', 'Science Fiction', 'Comedy'];English;2.2;74
Berserk!;nan;Jim O'Connolly;['Thriller', 'Horror', 'Mystery', 'Crime', 'Drama'];English;2.82;96
The Bedford Incident;nan;James B. Harris;['Thriller', 'Drama', 'Action', 'War'];English;3.62;102
Beginning of the End;nan;Bert I. Gordon;['Science Fiction', 'Horror'];English;2.43;73
Betrayed Women;nan;Edward L. Cahn;['Drama', 'Crime'];English;nan;70
Ben;nan;Phil Karlson;['Horror', 'Thriller'];English;2.73;94
Between Two Worlds;nan;Edward A. Blatt;['Drama', 'Fantasy'];English;3.34;112
Beneath the Planet of the Apes;nan;Ted Post;['Mystery', 'Adventure', 'Science Fiction'];English;2.76;95
The Beginning or the End;nan;Norman Taurog;['Documentary', 'History', 'War', 'Drama'];English;nan;112
Bedlam;nan;Mark Robson;['Thriller', 'Drama'];English;3.38;76
Bedtime for Bonzo;nan;Frederick de Cordova;['Comedy', 'Romance', 'Family'];English;2.87;83
Behind the Mask;nan;John Francis Dillon;['Crime', 'Thriller', 'Horror'];English;3.06;68
The Fiend;nan;Robert Hartford-Davis;['Horror'];English;3.1;92
The Free Will;nan;Matthias Glasner;['Crime', 'Drama'];German;3.75;163
Beautiful City;nan;Asghar Farhadi;['Drama'];Persian (Farsi);3.66;101
As Tears Go By;nan;Wong Kar-wai;['Crime', 'Romance', 'Drama'];Cantonese;3.6;102
Beau Travail;nan;Claire Denis;['Drama'];French;4.13;93
Dancing in the Dust;nan;Asghar Farhadi;['Drama'];Persian (Farsi);3.2;95
The Fall of the House of Usher;nan;Jean Epstein;['Horror'];No spoken language;3.73;63
Kes;nan;Ken Loach;['Drama'];English;4.23;111
Lady Snowblood;nan;Toshiya Fujita;['Action', 'Crime', 'Drama'];Japanese;4.08;97
Incendies;nan;Denis Villeneuve;['Mystery', 'War', 'Drama'];French;4.42;131
Blissfully Yours;nan;Apichatpong Weerasethakul;['Drama', 'Romance'];Thai;3.91;128
The Music Lovers;nan;Ken Russell;['Drama', 'Music'];English;3.74;123
About Elly;nan;Asghar Farhadi;['Drama'];Persian (Farsi);4.13;119
Torso;nan;Sergio Martino;['Horror', 'Mystery', 'Thriller'];Italian;3.43;93
Dead or Alive 2: Birds;nan;Takashi Miike;['Comedy', 'Drama', 'Crime'];Japanese;3.68;97
964 Pinocchio;nan;Shozin Fukui;['Thriller', 'Horror', 'Science Fiction'];Japanese;3.36;97
Agitator;nan;Takashi Miike;['Crime', 'Drama'];Japanese;3.54;150
Enron: The Smartest Guys in the Room;nan;Alex Gibney;['Documentary'];English;3.66;110
Hud;nan;Martin Ritt;['Drama', 'Western'];English;4.01;112
Bleeder;nan;Nicolas Winding Refn;['Crime', 'Drama'];Danish;3.59;98
Marwencol;nan;Jeff Malmberg;['Documentary'];English;3.81;83
Dead or Alive: Final;nan;Takashi Miike;['Comedy', 'Action', 'Science Fiction', 'Crime'];Japanese;2.9;89
Session 9;nan;Brad Anderson;['Horror', 'Mystery', 'Drama'];English;3.16;100
Ink;nan;Jamin Winans;['Action', 'Fantasy'];English;3.29;106
Aftermath;nan;Nacho Cerdá;['Horror', 'Crime'];No spoken language;2.58;30
The Frame;nan;Jamin Winans;['Drama', 'Science Fiction'];English;3.35;127
Zebraman;nan;Takashi Miike;['Action', 'Comedy'];Japanese;3.3;115
Right at Your Door;nan;Chris Gorak;['Science Fiction', 'Thriller', 'Drama'];English;3.1;96
My Life Directed by Nicolas Winding Refn;nan;Liv Corfixen;['Documentary'];English;3.35;58
Opera;nan;Dario Argento;['Thriller', 'Horror', 'Crime'];English;3.65;107
Them;nan;David Moreau, Xavier Palud;['Thriller', 'Horror'];French;3.11;77
The Invitation;nan;Karyn Kusama;['Thriller', 'Horror'];English;3.3;100
Cure;nan;Kiyoshi Kurosawa;['Crime', 'Mystery', 'Thriller', 'Horror'];Japanese;4.26;112
The Bridge;nan;Eric Steel;['Documentary'];English;3.39;93
Shoot 'Em Up;nan;Michael Davis;['Comedy', 'Thriller', 'Action', 'Crime'];English;3.12;86
Gozu;nan;Takashi Miike;['Mystery', 'Crime', 'Horror', 'Thriller'];Japanese;3.67;130
Miracle Beach;nan;Skott Snider;['Romance', 'Fantasy', 'Science Fiction', 'Comedy'];English;2.78;88
Witchboard 2: The Devil's Doorway;nan;Kevin Tenney;['Horror', 'Mystery'];English;2.65;98
She's Out of Control;nan;Stan Dragoti;['Comedy', 'Romance'];English;2.53;97
Rescue Me;nan;Arthur Allan Seidelman;['Action', 'Comedy'];English;2.87;99
Ticks;nan;Tony Randel;['Horror', 'Science Fiction'];English;3.0;85
Pumpkinhead II: Blood Wings;nan;Jeff Burr;['Horror', 'Thriller', 'Fantasy'];English;2.46;88
Virtual Seduction;nan;Paul Ziller;['Science Fiction', 'TV Movie'];English;nan;89
Demolition University;nan;Kevin Tenney;['Thriller', 'Action'];English;2.82;90
Stepmonster;nan;Jeremy Stanford;['Horror', 'Comedy'];English;3.09;85
Unfriended;nan;Levan Gabriadze;['Horror', 'Thriller', 'Mystery'];English;2.34;83
Wolf Creek;nan;Greg McLean;['Thriller', 'Horror'];English;3.0;104
I Saw the Devil;nan;Kim Jee-woon;['Thriller', 'Horror'];Korean;4.03;144
Wolf Creek 2;nan;Greg McLean;['Thriller', 'Horror'];English;3.06;106
Once Upon a Time in China;nan;Tsui Hark;['Action', 'Drama'];Cantonese;3.71;133
Bewitched;nan;Arch Oboler;['Thriller', 'Crime', 'Drama'];English;3.12;65
Beyond Atlantis;nan;Eddie Romero;['Science Fiction', 'Fantasy', 'Horror'];English;2.41;91
Beyond the Door;nan;Ovidio G. Assonitis, Roberto D'Ettorre Piazzoli;['Horror'];Italian;2.73;109
The Last American Virgin;nan;Boaz Davidson;['Comedy'];English;3.21;92
Mischief;nan;Mel Damski;['Comedy', 'Romance'];English;3.11;93
Hot Dog... The Movie;nan;Peter Markle;['Comedy', 'Romance'];English;2.62;96
Porky's Revenge;nan;James Komack;['Comedy'];English;2.36;92
Stewardess School;nan;Ken Blancato;['Comedy'];English;2.77;93
Blame It on Rio;nan;Stanley Donen;['Comedy', 'Romance'];English;2.58;100
Hamburger: The Motion Picture;nan;Mike Marvin;['Comedy'];English;2.7;91
Up the Creek;nan;Robert Butler;['Comedy'];English;2.63;96
Screwballs;nan;Rafal Zielinski;['Comedy'];English;2.35;80
Porky's II: The Next Day;nan;Bob Clark;['Comedy'];English;2.48;98
Hardbodies;nan;Mark Griffiths;['Comedy'];English;2.59;88
A Useful Life;nan;Federico Veiroj;['Comedy', 'Drama'];Spanish;3.49;63
Guilty of Romance;nan;Sion Sono;['Mystery', 'Thriller', 'Horror'];Japanese;3.74;145
Many Wars Ago...;nan;Francesco Rosi;['War', 'Drama'];Italian;3.81;101
Diamonds of the Night;nan;Jan Němec;['Drama'];Czech;3.91;67
Privilege;nan;Peter Watkins;['Drama'];English;3.54;103
The Warped Ones;nan;Koreyoshi Kurahara;['Drama', 'Crime'];Japanese;3.73;76
Park Row;nan;Samuel Fuller;['Thriller', 'History', 'Drama'];English;3.76;83
Passenger;nan;Andrzej Munk, Witold Lesiewicz;['War', 'Drama'];Polish;3.87;62
Isn't Anyone Alive?;nan;Gakuryu Ishii;['Comedy'];Japanese;3.28;113
Crazy Thunder Road;nan;Gakuryu Ishii;['Science Fiction', 'Action', 'Drama'];Japanese;3.5;98
Theorem;nan;Pier Paolo Pasolini;['Drama', 'Mystery'];Italian;3.91;95
The Bad and the Beautiful;nan;Vincente Minnelli;['Romance', 'Drama'];English;3.98;118
Fixed Bayonets!;nan;Samuel Fuller;['Action', 'War', 'Drama'];English;3.59;92
Forty Guns;nan;Samuel Fuller;['Western'];English;3.69;80
Attenberg;nan;Athina Rachel Tsangari;['Drama'];Greek (modern);3.48;97
The Lost Honor of Katharina Blum;nan;Volker Schlöndorff, Margarethe von Trotta;['Drama'];German;3.68;104
Black Moon;nan;Louis Malle;['Fantasy', 'Horror', 'Mystery'];English;3.28;101
Red Road;nan;Andrea Arnold;['Thriller', 'Drama'];English;3.64;113
The Steel Helmet;nan;Samuel Fuller;['Action', 'Drama', 'War'];English;3.81;85
Nekromantik;nan;Jörg Buttgereit;['Drama', 'Horror'];German;2.63;71
Starry Eyes;nan;Kevin Kölsch, Dennis Widmyer;['Horror', 'Fantasy', 'Mystery'];English;3.12;98
Naked Souls;nan;Lyndon Chubbuck;['Thriller', 'Science Fiction'];English;2.58;85
Dude, Where's My Car?;nan;Danny Leiner;['Science Fiction', 'Comedy', 'Mystery', 'Romance'];English;2.67;83
The Woods;nan;Lucky McKee;['Mystery', 'Horror', 'Thriller'];English;2.84;91
4Got10;nan;Timothy Woodward Jr.;['Action'];English;2.58;141
Alleycats;nan;Ian Bonhôte;['Thriller', 'Action'];English;2.97;101
All Girls Weekend;nan;Lou Simon;['Horror'];English;2.52;86
The Burning Dead;nan;Rene Perez;['Horror'];English;2.55;82
All the Boys Love Mandy Lane;nan;Jonathan Levine;['Thriller', 'Horror', 'Mystery'];English;2.74;90
Nekromantik 2;nan;Jörg Buttgereit;['Drama', 'Horror', 'Romance'];German;3.05;103
Zombeavers;nan;Jordan Rubin;['Horror', 'Comedy', 'Action'];English;2.31;77
Dr. Strangelove or: How I Learned to Stop Worrying and Love the Bomb;nan;Stanley Kubrick;['Comedy', 'War'];English;4.3;95
Hook;nan;Steven Spielberg;['Family', 'Comedy', 'Adventure', 'Fantasy'];English;3.42;141
Stop! Or My Mom Will Shoot;nan;Roger Spottiswoode;['Action', 'Comedy'];English;2.1;87
Foxy Brown;nan;Jack Hill;['Crime', 'Action', 'Thriller'];English;3.44;94
Hellmouth;nan;John Geddes;['Horror'];English;2.99;95
Hell;nan;Tim Fehlbaum;['Horror', 'Thriller', 'Mystery', 'Science Fiction'];German;2.92;89
Felt;nan;Jason Banker;['Drama', 'Horror'];English;3.09;80
Monster Dog;nan;Claudio Fragasso;['Horror'];Spanish;2.48;84
Catwoman;nan;Pitof;['Fantasy', 'Crime', 'Action'];English;1.56;104
The Brave;nan;Johnny Depp;['Drama'];English;2.93;123
No Retreat, No Surrender;nan;Corey Yuen Kwai;['Action', 'Comedy', 'Crime', 'Drama'];English;2.79;94
The Suckling;nan;Francis Teri;['Horror'];English;2.73;89
Cop Car;nan;Jon Watts;['Thriller', 'Crime'];English;3.28;88
Hatchet II;nan;Adam Green;['Comedy', 'Horror', 'Thriller'];English;2.75;85
Synchronicity;nan;Jacob Gentry;['Mystery', 'Science Fiction', 'Thriller'];English;2.77;101
A Royal Affair;nan;Nikolaj Arcel;['Drama', 'History', 'Romance'];Danish;3.72;137
June;nan;L. Gustavo Cooper;['Horror', 'Science Fiction'];English;2.73;84
III;nan;Pavel Khvaleev;['Horror', 'Drama', 'Thriller'];Russian;2.91;80
Hatchet III;nan;BJ McDonnell;['Action', 'Comedy', 'Thriller', 'Horror'];English;2.75;81
Dumplings;nan;Fruit Chan;['Horror'];Cantonese;3.49;91
Trespass;nan;Walter Hill;['Action', 'Crime', 'Thriller'];English;3.22;101
Old 37;nan;Christian Winters;['Horror'];English;2.5;84
E.T. the Extra-Terrestrial;nan;Steven Spielberg;['Science Fiction', 'Fantasy', 'Adventure', 'Family'];English;3.84;115
Sleep Tight;nan;Jaume Balagueró;['Thriller', 'Horror'];Spanish;3.51;101
Prevenge;nan;Alice Lowe;['Horror', 'Thriller', 'Comedy', 'Drama', 'Fantasy'];English;3.1;89
Even Lambs Have Teeth;nan;Terry Miles;['Horror', 'Thriller'];English;2.48;78
Tusk;nan;Kevin Smith;['Comedy', 'Horror'];English;2.4;105
Frankenhooker;nan;Frank Henenlotter;['Comedy', 'Horror', 'Science Fiction'];English;3.47;85
Shock;nan;Mario Bava;['Horror'];Italian;3.32;95
The Big Cube;nan;Tito Davison;['Drama', 'Thriller'];English;2.91;98
The Billion Dollar Threat;nan;Barry Shear;['TV Movie', 'Adventure', 'Action'];English;nan;100
Billy the Kid Versus Dracula;nan;William Beaudine;['Western', 'Horror'];English;2.17;74
The Big Operator;nan;Charles F. Haas;['Crime', 'Drama'];English;nan;91
The Big Beat;nan;Will Cowan;['Comedy', 'Music'];English;nan;81
Beyond the Poseidon Adventure;nan;Irwin Allen;['Drama', 'Adventure', 'Action'];English;2.48;114
Beyond the Time Barrier;nan;Edgar G. Ulmer;['Science Fiction'];English;2.73;75
The Big Bus;nan;James Frawley;['Action', 'Comedy'];English;2.92;88
Bigfoot;nan;Robert F. Slatzer;['Science Fiction', 'Horror', 'Thriller'];English;2.61;84
The Bird with the Crystal Plumage;nan;Dario Argento;['Horror', 'Mystery', 'Thriller'];Italian;3.7;96
Beyond the Valley of the Dolls;nan;Russ Meyer;['Comedy', 'Music', 'Drama'];English;3.54;109
The Big Chase;nan;Arthur Hilton;['Crime', 'Thriller'];English;nan;60
Bikini Beach;nan;William Asher;['Music', 'Comedy', 'Romance'];English;2.93;99
Birds Do It;nan;Andrew Marton;['Comedy', 'Action'];English;nan;88
The Big Circus;nan;Joseph M. Newman;['Drama'];English;3.2;109
The Bible: In the Beginning...;nan;John Huston;['History', 'Drama', 'Adventure'];English;3.02;175
Black Angel;nan;Roy William Neill;['Thriller', 'Crime', 'Mystery'];English;3.39;81
The Black Room;nan;Roy William Neill;['Horror', 'Crime'];English;3.4;70
Black Angels;nan;Laurence Merrick;['Drama', 'Action'];English;nan;87
The Black Cat;nan;Albert S. Rogell;['Comedy', 'Horror', 'Mystery'];English;2.99;70
The Black Klansman;nan;Ted V. Mikels;['Drama'];English;3.3;88
The Black Scorpion;nan;Edward Ludwig;['Science Fiction', 'Horror'];English;2.86;88
The Black Belly of the Tarantula;nan;Paolo Cavara;['Horror', 'Mystery', 'Thriller'];Italian;3.22;98
The Black Cat;nan;Harold Hoffman;['Horror'];English;3.11;73
The Black Sleep;nan;Reginald Le Borg;['Science Fiction', 'Horror'];English;2.93;82
The Black Raven;nan;Sam Newfield;['Horror', 'Mystery', 'Crime'];English;3.07;61
Black Friday;nan;Arthur Lubin;['Thriller', 'Horror', 'Mystery', 'Drama', 'Science Fiction', 'Crime'];English;3.06;70
Black Pit of Dr. M;nan;Fernando Méndez;['Horror'];Spanish;3.48;82
The Black Castle;nan;Nathan Juran;['Horror', 'Mystery'];English;3.05;82
The Black Camel;nan;Hamilton MacFadden;['Crime', 'Mystery'];English;3.17;71
Tomboy;nan;Herb Freed;['Comedy', 'Romance'];English;2.7;91
Hollywood Hot Tubs;nan;Chuck Vincent;['Comedy'];English;2.94;103
Preppies;nan;Chuck Vincent;['Comedy'];English;nan;83
Lauderdale;nan;Bill Milling;nan;English;nan;91
The Malibu Bikini Shop;nan;David Wechter;['Comedy'];English;2.98;99
Basic Training;nan;Andrew Sugerman;['Comedy'];English;nan;88
Fraternity Vacation;nan;James Frawley;['Romance', 'Comedy'];English;2.74;94
My Tutor;nan;George Bowers;['Drama', 'Romance', 'Comedy'];English;2.59;97
Private Lessons;nan;Alan Myerson;['Comedy', 'Romance'];English;2.47;87
Mahoney's Last Stand;nan;Alexis Kanner, Harvey Hart;['Comedy', 'Drama'];English;nan;109
The Sky-Colored Seed;nan;Hayao Miyazaki;['Animation'];No spoken language;3.41;2
Breaker Morant;nan;Bruce Beresford;['History', 'War', 'Drama'];English;3.96;107
Wattstax;nan;Mel Stuart;['Documentary', 'Music'];English;4.0;98
Nightwatching;nan;Peter Greenaway;['Drama', 'History'];English;3.52;135
The Baby of Mâcon;nan;Peter Greenaway;['History', 'Drama'];English;3.82;122
Mei and the Kittenbus;nan;Hayao Miyazaki;['Fantasy', 'Animation', 'Adventure'];Japanese;3.87;13
The Small World of Sammy Lee;nan;Ken Hughes;['Drama'];English;3.69;107
La Notte;nan;Michelangelo Antonioni;['Drama', 'Romance'];Italian;4.29;122
Son of the White Mare;nan;Marcell Jankovics;['Adventure', 'Animation', 'Fantasy'];Hungarian;4.21;86
Basket Case 3: The Progeny;nan;Frank Henenlotter;['Horror', 'Comedy'];English;2.84;90
Assault Girls;nan;Mamoru Oshii;['Action', 'Horror', 'Science Fiction'];Japanese;2.88;71
Chocolate Strawberry Vanilla;nan;Stuart Simpson;['Comedy', 'Drama', 'Horror'];English;3.22;85
The Frighteners;nan;Peter Jackson;['Comedy', 'Horror'];English;3.45;110
Sausage Party;nan;Greg Tiernan, Conrad Vernon;['Adventure', 'Fantasy', 'Comedy', 'Animation'];English;2.27;88
Shivers;nan;David Cronenberg;['Science Fiction', 'Horror'];English;3.22;88
Proxy;nan;Zack Parker;['Drama', 'Thriller', 'Horror'];English;3.0;122
Knockaround Guys;nan;Brian Koppelman, David Levien;['Crime', 'Thriller'];English;2.81;92
Battle Royale II: Requiem;nan;Kenta Fukasaku, Kinji Fukasaku;['Thriller', 'Action'];Japanese;2.32;155
Torque;nan;Joseph Kahn;['Action', 'Crime', 'Comedy'];English;2.46;84
Dagon;nan;Stuart Gordon;['Fantasy', 'Thriller', 'Horror'];English;3.12;95
Wilderness;nan;M.J. Bassett;['Horror', 'Action'];English;2.91;94
I Am Not a Serial Killer;nan;Billy O'Brien;['Thriller', 'Mystery', 'Horror', 'Drama'];English;3.25;104
The Tall Man;nan;Pascal Laugier;['Mystery', 'Horror', 'Thriller'];English;2.65;106
Marci X;nan;Richard Benjamin;['Comedy'];English;2.33;84
As Above, So Below;nan;John Erick Dowdle;['Horror', 'Thriller'];English;3.23;93
Dead & Buried;nan;Gary Sherman;['Horror', 'Mystery'];English;3.44;94
The Green Inferno;nan;Eli Roth;['Horror', 'Adventure'];English;2.35;100
The Caller;nan;Matthew Parkhill;['Mystery', 'Horror', 'Thriller'];English;2.86;92
Blood and Black Lace;nan;Mario Bava;['Horror', 'Thriller', 'Mystery'];Italian;3.73;88
Blast-Off Girls;nan;Herschell Gordon Lewis;['Drama', 'Music', 'Comedy', 'Action'];English;nan;83
Blackout;nan;Eddy Matalon;['Thriller', 'Action'];English;3.05;92
Blackenstein;nan;William A. Levey;['Science Fiction', 'Horror', 'Action'];English;2.13;87
The Blancheville Monster;nan;Alberto De Martino;['Horror'];Italian;3.01;87
Blood;nan;Andy Milligan;['Horror'];English;3.03;69
Blood Bath;nan;Joel M. Reed;['Horror'];English;nan;86
The Blonde Pick-Up;nan;Robert C. Dertano;['Drama'];English;2.36;70
Blood Bath;nan;Jack Hill, Stephanie Rothman;['Horror'];English;3.0;62
Blade;nan;Ernest Pintoff;['Horror', 'Thriller', 'Mystery'];English;nan;79
Black Zoo;nan;Robert Gordon;['Horror'];English;nan;88
Blacula;nan;William Crain;['Fantasy', 'Horror'];English;3.08;93
Tombs of the Blind Dead;nan;Amando de Ossorio;['Horror'];Spanish;3.2;101
The Party Animal;nan;David Beaird;['Comedy'];English;2.93;78
Bikini Summer;nan;Robert Veze;['Comedy'];English;2.87;86
Body Waves;nan;P.J. Pesce;['Comedy'];English;nan;80
Party Camp;nan;Gary Graver;['Comedy'];English;nan;96
The Bikini Carwash Company;nan;Ed Hansen;['Comedy'];English;2.87;75
Hot Chili;nan;William Sachs;['Comedy'];English;2.88;86
Hot Resort;nan;John Robins;['Comedy'];English;2.82;93
Bikini Summer II;nan;Jeff Conaway;['Comedy'];English;nan;82
Last Resort;nan;Zane Buzby;['Comedy'];English;2.59;76
Beach Fever;nan;Alexander Tabrizi;['Comedy'];English;nan;90
Window Water Baby Moving;nan;Stan Brakhage;['Documentary'];No spoken language;4.01;13
Fast Company;nan;David Cronenberg;['Drama', 'Action'];English;2.74;93
Election;nan;Johnnie To;['Crime', 'Thriller', 'Drama'];Cantonese;3.83;101
The Shop on Main Street;nan;Ján Kadár, Elmar Klos;['Drama', 'War'];Slovak;4.2;128
Fiddler on the Roof;nan;Norman Jewison;['Drama', 'Romance'];English;4.1;181
Last Train Home;nan;Lixin Fan;['Drama', 'Documentary'];Chinese;3.86;85
Morgiana;nan;Juraj Herz;['Drama', 'Horror'];Czech;3.82;97
Blind Detective;nan;Johnnie To;['Thriller', 'Crime', 'Action', 'Comedy'];Cantonese;3.42;129
The Emperor's Naked Army Marches On;nan;Kazuo Hara;['Documentary'];Japanese;4.3;122
Jesus Christ Superstar;nan;Norman Jewison;['Drama', 'Music'];English;3.75;108
A Viking Saga: The Darkest Day;nan;Chris Crow;['Thriller', 'Action', 'Adventure'];English;nan;82
Saturday Morning Massacre;nan;Spencer Parsons;['Horror'];English;2.68;83
Escape Plan;nan;Mikael Håfström;['Action', 'Thriller'];English;2.88;115
100 Million BC;nan;Griff Furst;['Adventure', 'Science Fiction', 'Action'];English;1.95;85
Doghouse;nan;Jake West;['Horror', 'Comedy'];English;2.81;89
Cube Zero;nan;Ernie Barbarash;['Mystery', 'Thriller', 'Science Fiction'];English;2.43;97
Chopper Chicks in Zombietown;nan;Dan Hoskins;['Comedy', 'Horror'];English;2.81;86
Grabbers;nan;Jon Wright;['Science Fiction', 'Horror', 'Mystery', 'Comedy', 'Thriller'];English;3.18;94
Cherry 2000;nan;Steve De Jarnatt;['Science Fiction', 'Comedy', 'Romance', 'Action', 'Adventure'];English;2.97;99
Cube 2: Hypercube;nan;Andrzej Sekula;['Thriller', 'Science Fiction', 'Mystery'];English;2.28;94
Eegah;nan;Arch Hall Sr.;['Science Fiction', 'Romance', 'Horror'];English;1.86;92
Airplane vs Volcano;nan;Jon Kondelik, James Kondelik;['Action'];English;1.83;91
Animal;nan;Brett Simmons;['Thriller', 'Horror'];English;2.37;86
Screamers;nan;Christian Duguay;['Science Fiction', 'War', 'Horror'];English;3.01;108
All Superheroes Must Die;nan;Jason Trost;['Science Fiction', 'Thriller', 'Horror'];English;2.57;78
Skeleton Man;nan;Johnny Martin;['Horror', 'Action'];English;2.4;89
Pledge This!;nan;William Heins;['Comedy'];English;1.58;91
Dead Before Dawn;nan;April Mullen;['Adventure', 'Comedy', 'Horror'];English;2.48;88
The Monkey's Paw;nan;Brett Simmons;['Horror', 'Thriller'];English;2.28;88
V/H/S: Viral;nan;Nacho Vigalondo, Marcel Sarmiento;['Thriller', 'Horror'];English;1.79;81
Foodfight!;nan;Lawrence Kasanoff;['Action', 'Adventure', 'Comedy', 'Animation', 'Family', 'War'];English;1.29;91
The Red Queen Kills Seven Times;nan;Emilio P. Miraglia;['Thriller', 'Mystery', 'Horror'];Italian;3.41;100
Blood Of Ghastly Horror;nan;Al Adamson;['Science Fiction', 'Horror'];English;2.72;87
The Blood Rose;nan;Claude Mulot;['Horror'];French;3.23;94
Blood Suckers;nan;Robert Hartford-Davis, Julian More;['Horror'];English;2.77;87
Bloodlust!;nan;Ralph Brooke;['Horror', 'Drama', 'Adventure'];English;2.46;68
Blood Orgy of the She-Devils;nan;Ted V. Mikels;['Horror'];English;2.67;73
Blood of Dracula's Castle;nan;Al Adamson;['Horror'];English;2.52;84
Blood Feast;nan;Herschell Gordon Lewis;['Horror'];English;2.74;67
The Blood Drinkers;nan;Gerardo de Leon;['Horror'];English;3.15;86
Blood of Dracula;nan;Herbert L. Strock;['Horror'];English;2.72;69
The Blood on Satan's Claw;nan;Piers Haggard;['Horror'];English;3.29;97
Bloodeaters;nan;Charles McCrann;['Horror'];English;2.4;89
Zaat;nan;Don Barton;['Science Fiction', 'Thriller', 'Horror'];English;2.05;100
Blood of the Vampire;nan;Henry Cass;['Science Fiction', 'Horror'];English;2.81;87
Blood Mania;nan;Robert Vincent O'Neil;['Horror'];English;2.56;88
The Torture Chamber of Dr. Sadism;nan;Harald Reinl;['Horror', 'Mystery'];German;2.87;85
The Night Caller;nan;John Gilling;['Science Fiction', 'Horror'];English;3.1;85
The Blood of Nostradamus;nan;Federico Curiel;['Horror'];Spanish;nan;98
The Blood Spattered Bride;nan;Vicente Aranda;['Horror', 'Drama', 'Thriller'];English;3.33;96
Klute;nan;Alan J. Pakula;['Thriller', 'Mystery', 'Crime'];English;3.84;114
The Sandman;nan;Paul Berry;['Animation', 'Fantasy', 'Horror'];No spoken language;3.8;10
I Am Breathing;nan;Emma Davie, Morag McKinnon;['Documentary'];English;nan;72
Whisper of the Heart;nan;Yoshifumi Kondo;['Drama', 'Animation', 'Family'];Japanese;4.17;111
The Century of the Self;nan;Adam Curtis;['Documentary'];English;4.24;235
Goodbye, Mr. Chips;nan;Sam Wood;['Drama', 'Romance'];English;3.72;114
Stereo (Tile 3B of a CAEE Educational Mosaic);nan;David Cronenberg;['Science Fiction'];English;2.74;65
Dear God No!;nan;James Bickert;['Comedy', 'Horror'];English;2.76;85
Jurassic Shark;nan;Brett Kelly;['Thriller', 'Action', 'Horror', 'Science Fiction', 'Adventure'];English;1.41;75
Hatchetman;nan;Robert Tiffe;['Horror', 'Thriller'];English;nan;96
Livid;nan;Alexandre Bustillo, Julien Maury;['Horror'];French;2.88;92
Super Hybrid;nan;Eric Valette;['Horror'];English;2.67;95
Destroyer;nan;Robert Kirk;['Horror', 'Thriller'];English;2.53;94
Dragonfyre;nan;Kohl Glass;['Action', 'Adventure', 'Fantasy'];English;2.76;97
Total Retribution;nan;Andrew Bellware;['Science Fiction', 'Thriller', 'Horror'];English;nan;84
Some Guy Who Kills People;nan;Jack Perez;['Comedy', 'Thriller', 'Horror'];English;3.1;97
Raiders of the Lost Shark;nan;Brett Kelly;['Adventure', 'Horror', 'Science Fiction', 'Comedy'];English;2.16;71
Out for a Kill;nan;Michael Oblowitz;['Thriller', 'Action'];English;2.08;89
Frogs;nan;George McCowan;['Horror'];English;2.41;90
Frightmare;nan;Pete Walker;['Thriller', 'Horror'];English;3.22;88
Nemesis;nan;Albert Pyun;['Science Fiction', 'Action', 'Thriller'];English;3.17;95
Ghoulies;nan;Luca Bercovici;['Comedy', 'Horror', 'Fantasy'];English;2.38;81
Link;nan;Richard Franklin;['Horror', 'Thriller'];English;3.07;103
Nemesis 2: Nebula;nan;Albert Pyun;['Action', 'Science Fiction', 'Thriller'];English;2.4;83
Ghoulies II;nan;Albert Band;['Horror', 'Comedy'];English;2.81;90
Dead Silence;nan;James Wan;['Horror'];English;2.73;89
Nemesis 3: Time Lapse;nan;Albert Pyun;['Action', 'Science Fiction', 'Thriller'];English;2.31;85
Gnaw;nan;Gregory Mandry;['Comedy', 'Horror'];English;2.62;90
Rollerball;nan;John McTiernan;['Action', 'Thriller', 'Science Fiction'];English;1.78;98
Friday Foster;nan;Arthur Marks;['Thriller', 'Action'];English;3.27;90
Nemesis 4: Death Angel;nan;Albert Pyun;['Science Fiction', 'Thriller', 'Action'];English;2.46;80
Elephant Stampede;nan;Ford Beebe;['Drama', 'Adventure'];English;nan;71
Ballad in Blue;nan;Paul Henreid;['Drama', 'Music'];English;nan;89
Blue Hawaii;nan;Norman Taurog;['Comedy', 'Music'];English;2.94;102
The Bloody Vampire;nan;Miguel Morayta;['Horror'];Spanish;3.14;110
Bloody Pit of Horror;nan;Massimo Pupillo;['Horror'];Italian;2.62;87
Blue Denim;nan;Philip Dunne;['Romance', 'Drama'];English;3.35;89
Blue Sunshine;nan;Jeff Lieberman;['Mystery', 'Science Fiction', 'Horror'];English;3.17;94
The Body Stealers;nan;Gerry Levy;['Mystery', 'Science Fiction', 'Horror'];English;2.85;91
The Blue Bird;nan;George Cukor;['Fantasy', 'Adventure', 'Family', 'Drama'];English;3.03;95
Bluebeard's 10 Honeymoons;nan;W. Lee Wilder;['Mystery'];English;nan;92
Goké, Body Snatcher from Hell;nan;Hajime Sato;['Science Fiction', 'Horror'];Japanese;3.26;84
The Bloody Brood;nan;Julian Roffman;['Drama', 'Thriller', 'Crime'];English;3.15;88
The Blue Bird;nan;Walter Lang;['Comedy', 'Adventure', 'Family', 'Fantasy'];English;3.16;88
Bloodthirsty Butchers;nan;Andy Milligan;['Horror'];English;2.77;79
The Body Beneath;nan;Andy Milligan;['Horror'];English;2.78;82
Bluebeard;nan;Edgar G. Ulmer;['Horror', 'Thriller', 'Crime'];English;3.03;72
The Crusades;nan;Cecil B. DeMille;['Drama', 'Adventure', 'War', 'History'];English;3.26;125
Cleopatra;nan;Cecil B. DeMille;['Romance', 'History', 'Drama'];English;3.41;100
Samson and Delilah;nan;Cecil B. DeMille;['Adventure', 'Romance', 'Drama'];English;3.39;134
The Ten Commandments;nan;Cecil B. DeMille;['Fantasy', 'Drama'];No spoken language;3.29;136
Jeannette: The Childhood of Joan of Arc;nan;Bruno Dumont;['Drama'];French;3.37;105
Wind River;nan;Taylor Sheridan;['Thriller', 'Mystery', 'Crime'];English;3.84;107
Avengers: Infinity War;nan;Joe Russo, Anthony Russo;['Action', 'Science Fiction', 'Adventure'];English;3.99;149
Solo: A Star Wars Story;nan;Ron Howard;['Science Fiction', 'Adventure', 'Action'];English;2.89;135
Ready Player One;nan;Steven Spielberg;['Science Fiction', 'Action', 'Adventure'];English;3.28;140
Mute;nan;Duncan Jones;['Mystery', 'Thriller', 'Science Fiction'];English;2.31;126
Tomb Raider;nan;Roar Uthaug;['Action', 'Fantasy', 'Adventure'];English;2.74;118
Battle of the Sexes;nan;Valerie Faris, Jonathan Dayton;['History', 'Comedy', 'Drama'];English;3.36;121
Uncle Drew;nan;Charles Stone III;['Comedy'];English;2.67;103
Scary Movie 5;nan;Malcolm D. Lee;['Comedy'];English;1.62;88
Jean of the Joneses;nan;Stella Meghie;['Comedy'];English;3.43;88
Miss Me This Christmas;nan;Kenny Young;['TV Movie', 'Comedy'];English;nan;87
All I Wish;nan;Susan Walter;['Comedy', 'Romance'];English;2.83;94
Drumline;nan;Charles Stone III;['Comedy', 'Music', 'Drama', 'Romance'];English;3.14;118
Paid in Full;nan;Charles Stone III;['Crime', 'Drama', 'Action'];English;3.79;98
Mr. 3000;nan;Charles Stone III;['Drama', 'Comedy'];English;2.72;104
Step Sisters;nan;Charles Stone III;['Comedy'];English;2.39;104
Star vs. the Forces of Evil: The Battle for Mewni;nan;Giancarlo Volpe, Dominic Bisignano;['Comedy', 'Animation', 'Fantasy'];English;3.79;89
Temps;nan;Ryan Sage;['Comedy', 'Romance'];English;2.97;95
Veronica Mars;nan;Rob Thomas;['Comedy', 'Drama', 'Crime'];English;3.33;107
ImagiGARY;nan;Charlie McDermott;['Comedy'];English;nan;78
CHiPS;nan;Dax Shepard;['Action', 'Comedy', 'Crime'];English;2.34;100
Electric Slide;nan;Tristan Patterson;['Action', 'Thriller', 'Crime'];English;2.94;95
Fix;nan;Tao Ruspoli;['Drama'];English;nan;93
A Good Day to Die Hard;nan;John Moore;['Action', 'Thriller'];English;1.81;98
Into the West;nan;Robert Dornhelm, Simon Wincer;['Drama', 'Western'];English;3.58;540
Premature;nan;Dan Beers;['Comedy'];English;2.64;93
Beautiful Boy;nan;Shawn Ku;['Drama'];English;3.27;101
Lennon or McCartney;nan;Matt Schichter;['Documentary', 'Music'];English;2.48;35
Oddball;nan;Stuart McDonald;['Adventure', 'Family'];English;3.04;95
Done the Impossible;nan;Tony Hadlock, Jason Heppler;['Documentary'];English;3.2;79
Ice Age: The Great Egg-Scapade;nan;Ricardo Curtis;['Comedy', 'Adventure', 'Animation', 'Family', 'TV Movie'];English;2.68;25
Tell;nan;J.M.R. Luna;['Crime', 'Action', 'Drama'];English;3.0;89
Conception;nan;Josh Stolberg;['Comedy', 'Romance'];English;2.96;77
Browncoats Unite: Firefly 10th Anniversary Special;nan;nan;['Documentary'];English;nan;60
The Thrilling Adventure Hour Live;nan;Neil Mahoney, Aaron Ginsburg;['Comedy', 'Music'];English;nan;73
Wonder Boys;nan;Curtis Hanson;['Drama', 'Comedy'];English;3.61;111
28 Days;nan;Betty Thomas;['Drama', 'Comedy'];English;2.99;103
Alvin and the Chipmunks: Chipwrecked;nan;Mike Mitchell;['Fantasy', 'Animation', 'Family', 'Music', 'Comedy'];English;2.4;87
Hearts in Atlantis;nan;Scott Hicks;['Drama'];English;3.21;101
Welcome to Me;nan;Shira Piven;['Drama', 'Comedy'];English;3.13;87
Death at a Funeral;nan;Frank Oz;['Comedy', 'Drama'];English;3.59;91
Patch Adams;nan;Tom Shadyac;['Comedy', 'Drama'];English;3.39;115
3:10 to Yuma;nan;James Mangold;['Western'];English;3.76;122
The Hot Rock;nan;Peter Yates;['Comedy', 'Crime'];English;3.63;101
Le Mans;nan;Lee H. Katzin;['Drama', 'Action'];English;3.47;104
Teen Titans Go! To the Movies;nan;Aaron Horvath, Peter Rida Michail;['Science Fiction', 'Action', 'Animation', 'Comedy'];English;3.21;84
For Pete's Sake;nan;Peter Yates;['Comedy'];English;3.11;90
Mother, Jugs & Speed;nan;Peter Yates;['Comedy'];English;3.08;95
The House on Carroll Street;nan;Peter Yates;['Drama', 'Thriller'];English;3.17;101
Murphy's War;nan;Peter Yates;['War', 'Drama'];English;3.38;107
An Innocent Man;nan;Peter Yates;['Crime', 'Drama', 'Thriller'];English;3.07;113
John and Mary;nan;Peter Yates;['Romance', 'Drama'];English;3.44;92
Hannah and Her Sisters;nan;Woody Allen;['Comedy', 'Drama'];English;4.01;107
Husbands and Wives;nan;Woody Allen;['Romance', 'Drama', 'Comedy'];English;3.89;108
New York Stories;nan;Martin Scorsese, Francis Ford Coppola;['Drama', 'Comedy'];English;3.21;124
Crimes and Misdemeanors;nan;Woody Allen;['Drama', 'Crime', 'Comedy'];English;4.04;104
Be Kind Rewind;nan;Michel Gondry;['Drama', 'Comedy'];English;3.38;102
Private Parts;nan;Betty Thomas;['Comedy', 'Drama'];English;3.31;109
Shadows and Fog;nan;Woody Allen;['Crime', 'Mystery', 'Comedy'];English;3.33;85
Another Woman;nan;Woody Allen;['Drama'];English;3.69;84
Arthur 3: The War of the Two Worlds;nan;Luc Besson;['Fantasy', 'Family', 'Adventure', 'Animation'];English;2.54;101
Secret Ceremony;nan;Joseph Losey;['Thriller', 'Drama', 'Mystery'];English;3.49;109
See No Evil;nan;Richard Fleischer;['Thriller', 'Horror'];English;3.43;89
The Ex;nan;Jesse Peretz;['Comedy', 'Romance'];English;2.38;90
September;nan;Woody Allen;['Drama'];English;3.27;82
The Haunting of Julia;nan;Richard Loncraine;['Horror', 'Mystery', 'Drama'];English;3.34;98
Samantha: An American Girl Holiday;nan;Nadia Tass;['TV Movie', 'Family', 'Drama'];English;3.44;86
Miami Rhapsody;nan;David Frankel;['Comedy', 'Romance'];English;2.81;95
A Dandy in Aspic;nan;Anthony Mann, Laurence Harvey;['Thriller', 'Drama'];English;3.21;107
Widows' Peak;nan;John Irvin;['Comedy', 'Thriller', 'Mystery', 'Romance'];English;3.33;101
Arthur and the Revenge of Maltazard;nan;Luc Besson;['Animation', 'Adventure', 'Fantasy', 'Family'];English;2.56;93
Hurricane;nan;Jan Troell;['Drama', 'Action', 'Romance'];English;2.93;120
Follow Me!;nan;Carol Reed;['Romance', 'Comedy'];English;3.44;93
Coming Soon;nan;Colette Burson;['Comedy', 'Romance'];English;2.92;96
Guns at Batasi;nan;John Guillermin;['Drama', 'War'];English;3.61;103
The Omen;nan;John Moore;['Horror', 'Mystery', 'Thriller'];English;2.43;110
Arthur and the Invisibles;nan;Luc Besson;['Adventure', 'Fantasy', 'Family', 'Animation'];English;2.89;94
The Wicker Man;nan;Neil LaBute;['Thriller', 'Horror', 'Mystery'];English;1.97;102
The Glass House;nan;Daniel Sackheim;['Drama', 'Thriller'];English;2.64;107
Joan of Arc;nan;Christian Duguay;['Drama'];English;2.81;180
Here on Earth;nan;Mark Piznarski;['Drama', 'Romance'];English;2.4;96
Walk All Over Me;nan;Robert Cuffley;['Crime', 'Thriller', 'Comedy', 'Drama'];English;3.04;98
Hercules;nan;Roger Young;['Drama'];English;3.03;178
Uprising;nan;Jon Avnet;['War', 'TV Movie', 'Drama', 'History'];English;3.42;177
A Soldier's Daughter Never Cries;nan;James Ivory;['Drama'];English;3.47;127
Finding Bliss;nan;Julie Davis;['Comedy'];English;2.93;96
Night Train;nan;Brian King;['Thriller', 'Crime', 'Horror'];English;2.63;87
Branded;nan;Jamie Bradshaw, Aleksandr Dulerayn;['Science Fiction', 'Thriller'];English;2.3;106
88 Minutes;nan;Jon Avnet;['Thriller', 'Mystery'];English;2.39;108
A Quiet Place in the Country;nan;Elio Petri;['Horror', 'Thriller'];Italian;3.52;106
The Working Class Goes to Heaven;nan;Elio Petri;['Drama'];Italian;3.94;113
One Way or Another;nan;Elio Petri;['Drama', 'Thriller', 'Mystery'];Italian;3.93;125
The Assassin;nan;Elio Petri;['Thriller', 'Mystery', 'Crime', 'Drama'];Italian;3.56;97
We Still Kill the Old Way;nan;Elio Petri;['Drama', 'Crime', 'Mystery'];Italian;3.6;99
Property Is No Longer a Theft;nan;Elio Petri;['Thriller', 'Comedy'];Italian;3.74;121
The Teacher from Vigevano;nan;Elio Petri;['Drama', 'Comedy'];Italian;3.52;109
Letters to Juliet;nan;Gary Winick;['Drama', 'Comedy', 'Romance'];English;3.24;105
Tristana;nan;Luis Buñuel;['Drama'];Spanish;3.7;98
I Knew Her Well;nan;Antonio Pietrangeli;['Drama'];Italian;3.97;115
Keoma;nan;Enzo G. Castellari;['Western'];Italian;3.68;100
Compañeros;nan;Sergio Corbucci;['Western'];Italian;3.7;118
Enter the Ninja;nan;Menahem Golan;['Drama', 'Thriller', 'Action', 'Crime'];English;2.85;100
Camelot;nan;Joshua Logan;['Romance', 'Music', 'Adventure'];English;3.25;180
Hitch Hike;nan;Pasquale Festa Campanile;['Thriller', 'Crime'];Italian;3.53;104
The Fifth Cord;nan;Luigi Bazzoni;['Thriller', 'Horror', 'Mystery'];Italian;3.48;93
Killer Mermaid;nan;Milan Todorović;['Horror', 'Fantasy'];Serbian;1.86;90
Street Law;nan;Enzo G. Castellari;['Action', 'Crime'];Italian;3.5;103
Kamikaze 1989;nan;Wolf Gremm;['Science Fiction', 'Thriller'];German;3.46;106
Massacre Time;nan;Lucio Fulci;['Western'];Italian;3.35;92
Django Strikes Again;nan;Nello Rossati;['Western'];Italian;2.96;96
Bathory: Countess of Blood;nan;Juraj Jakubisko;['Fantasy', 'Drama'];English;2.85;141
Texas, Adios;nan;Ferdinando Baldi;['Western'];Italian;3.06;93
Day of the Cobra;nan;Enzo G. Castellari;['Action', 'Crime', 'Drama'];Italian;3.28;95
The Day of the Owl;nan;Damiano Damiani;['Crime', 'Drama'];Italian;3.61;108
The Battle of Neretva;nan;Veljko Bulajić;['Drama', 'War'];Serbo-Croatian;3.43;175
Man, Pride and Vengeance;nan;Luigi Bazzoni;['Drama', 'Western'];Italian;3.22;100
White Fang;nan;Lucio Fulci;['Family', 'Adventure', 'Western'];Italian;3.18;102
How to Kill a Judge;nan;Damiano Damiani;['Thriller', 'Crime', 'Drama'];Italian;3.49;105
Memories They Told Me;nan;Lúcia Murat;['Drama'];Portuguese;3.26;97
King of the Gypsies;nan;Frank Pierson;['Drama'];English;3.24;112
Your Vice Is a Locked Room and Only I Have the Key;nan;Sergio Martino;['Mystery', 'Horror', 'Thriller'];Italian;3.44;97
Hold the Dark;nan;Jeremy Saulnier;['Thriller', 'Crime', 'Mystery'];English;2.9;125
Celia;nan;Ann Turner;['Horror', 'Drama', 'Fantasy'];English;3.64;103
Oasis;nan;Lee Chang-dong;['Drama', 'Romance'];Korean;4.08;132
The Good, the Bad, the Weird;nan;Kim Jee-woon;['Action', 'Comedy', 'Adventure', 'Western'];Korean;3.72;130
Blonde in Black Leather;nan;Carlo Di Palma;['Comedy', 'Thriller', 'Drama'];Italian;3.29;97
Magic in the Moonlight;nan;Woody Allen;['Drama', 'Comedy', 'Romance'];English;2.99;98
The Misandrists;nan;Bruce LaBruce;['Drama'];German;3.09;91
Another Happy Day;nan;Sam Levinson;['Drama', 'Comedy'];English;3.21;119
Spring Night, Summer Night;nan;Joseph L. Anderson;['Drama'];English;3.63;82
Family First;nan;Sophie Dupuis;['Drama'];French;3.44;87
Hellbound: Hellraiser II;nan;Tony Randel;['Horror', 'Fantasy', 'Thriller'];English;3.24;97
The Wild Eye;nan;Paolo Cavara;['Drama', 'Adventure'];Italian;3.34;98
White Sun;nan;Deepak Rauniyar;['Adventure', 'Drama'];Nepali;3.59;87
Mandy;nan;Panos Cosmatos;['Horror', 'Fantasy', 'Action'];English;3.61;122
The Forbidden Room;nan;Guy Maddin, Evan Johnson;['Comedy'];English;3.74;128
The Wild Boys;nan;Bertrand Mandico;['Fantasy', 'Adventure', 'Drama'];French;3.71;111
Sombre;nan;Philippe Grandrieux;['Drama', 'Horror'];French;3.64;112
Amateur;nan;Hal Hartley;['Comedy', 'Drama', 'Thriller', 'Crime'];English;3.57;105
Simple Men;nan;Hal Hartley;['Crime', 'Romance', 'Drama'];English;3.72;105
Lourdes;nan;Jessica Hausner;['Drama'];French;3.67;95
The Girl Without Hands;nan;Sébastien Laudenbach;['Animation', 'Fantasy', 'Romance'];French;3.73;76
Nadja;nan;Michael Almereyda;['Thriller', 'Horror'];English;3.32;93
The Incredible Shrinking Woman;nan;Joel Schumacher;['Science Fiction', 'Family', 'Comedy'];English;2.95;88
Violated;nan;Richard Cannistraro;['Drama', 'Crime'];English;nan;88
The House Where Evil Dwells;nan;Kevin Connor;['Horror'];English;2.74;88
Burial Ground;nan;Andrea Bianchi;['Horror'];Italian;3.06;85
Fahrenheit 11/9;nan;Michael Moore;['Documentary'];English;3.61;128
Robin Hood;nan;Allan Dwan;['Adventure', 'Romance'];No spoken language;3.52;133
Operation Finale;nan;Chris Weitz;['History', 'Drama', 'Thriller'];English;3.21;124
Curfew;nan;Gary Winick;['Horror', 'Thriller'];English;2.61;86
Tadpole;nan;Gary Winick;['Comedy', 'Romance', 'Drama'];English;2.89;79
Zoom;nan;Peter Hewitt;['Family', 'Science Fiction', 'Action', 'Adventure', 'Comedy'];English;2.11;88
Captive;nan;Jerry Jameson;['Thriller', 'Drama', 'Crime'];English;2.52;97
My Days of Mercy;nan;Tali Shalom-Ezer;['Drama', 'Romance'];English;3.12;108
Urban Legends: Bloody Mary;nan;Mary Lambert;['Thriller', 'Horror'];English;1.84;93
Deadfall;nan;Stefan Ruzowitzky;['Drama', 'Crime', 'Thriller'];English;2.78;95
Three Identical Strangers;nan;Tim Wardle;['Documentary'];English;3.71;97
Kingdom of the Spiders;nan;"John ""Bud"" Cardos";['Science Fiction', 'Horror'];English;2.9;97
Armour of God;nan;Jackie Chan, Eric Tsang Chi-Wai;['Action', 'Adventure', 'Comedy'];Cantonese;3.29;97
McQueen;nan;Ian Bonhôte, Peter Ettedgui;['Documentary'];English;3.86;111
Proud Mary;nan;Babak Najafi;['Crime', 'Thriller', 'Action'];English;2.3;88
Daphne & Velma;nan;Suzi Yoonessi;['Action', 'Crime', 'Comedy', 'Horror'];English;1.93;75
Dear Lemon Lima;nan;Suzi Yoonessi;['Drama', 'Comedy'];English;3.51;87
Descendants;nan;Kenny Ortega;['Fantasy', 'TV Movie', 'Adventure', 'Family', 'Music'];English;3.13;112
Be Somebody;nan;Joshua Caldwell;['Comedy', 'Drama', 'Romance'];English;2.09;88
Across the Line;nan;Director X.;['Drama'];English;nan;88
Hell Fest;nan;Gregory Plotkin;['Horror', 'Thriller'];English;2.53;89
The Front Runner;nan;Jason Reitman;['Drama', 'History'];English;3.02;113
LBJ;nan;Rob Reiner;['History', 'Drama'];English;2.99;98
Kissing Jessica Stein;nan;Charles Herman-Wurmfeld;['Comedy'];English;2.81;97
I Am a Fugitive from a Chain Gang;nan;Mervyn LeRoy;['Crime', 'Drama'];English;4.09;92
The Life of Emile Zola;nan;William Dieterle;['History', 'Drama'];English;3.26;116
The Good Earth;nan;Sidney Franklin;['History', 'Drama', 'Romance'];English;3.19;139
Commandos Strike at Dawn;nan;John Farrow;['War', 'Drama'];English;3.28;98
Counter-Attack;nan;Zoltan Korda;['War', 'Drama'];English;nan;90
The Big Sky;nan;Howard Hawks;['Adventure', 'Western', 'Romance'];English;3.52;140
A Page of Madness;nan;Teinosuke Kinugasa;['Horror', 'Drama'];No spoken language;3.83;71
Two Evil Eyes;nan;Dario Argento, George A. Romero;['Horror'];English;3.11;120
Chappaquiddick;nan;John Curran;['History', 'Drama', 'Thriller'];English;3.14;107
Goliath and the Vampires;nan;Giacomo Gentilomo, Sergio Corbucci;['Fantasy', 'Horror', 'Adventure', 'Action'];Italian;nan;92
Super Fuzz;nan;Sergio Corbucci;['Science Fiction', 'Comedy', 'Action', 'Fantasy'];English;3.03;104
Tokyo Ghoul;nan;Kentaro Hagiwara;['Drama', 'Thriller', 'Action'];Japanese;2.78;119
Brothers' Nest;nan;Clayton Jacobson;['Crime', 'Comedy'];English;3.48;98
Dogman;nan;Matteo Garrone;['Drama', 'Crime', 'Thriller'];Italian;3.73;103
BlacKkKlansman;nan;Spike Lee;['Drama', 'Comedy', 'History', 'Crime'];English;3.95;136
Crazy Rich Asians;nan;Jon M. Chu;['Comedy', 'Romance'];English;3.51;121
Step Up 3D;nan;Jon M. Chu;['Drama', 'Romance'];English;2.94;107
Dance Camp;nan;Bertie, Bert;['Comedy', 'Drama'];English;nan;nan
An American Werewolf in Paris;nan;Anthony Waller;['Fantasy', 'Horror', 'Comedy'];English;2.27;98
Mute Witness;nan;Anthony Waller;['Horror', 'Thriller'];English;3.55;95
Nine Miles Down;nan;Anthony Waller;['Horror', 'Thriller', 'Mystery'];English;2.67;86
The Guilty;nan;Anthony Waller;['Drama', 'Thriller', 'Crime'];English;3.03;108
Gagarin: First in Space;nan;Pavel Parkhomenko;['History', 'Drama'];Russian;3.2;108
Son of a Gun;nan;Julius Avery;['Crime', 'Drama', 'Action', 'Thriller'];English;2.98;108
Jerrycan;nan;Julius Avery;['Drama'];English;3.35;14
Yardbird;nan;Michael Spiccia;['Fantasy', 'Drama'];English;3.38;13
Folk Hero & Funny Guy;nan;Jeff Grace;['Comedy', 'Music', 'Drama'];English;3.22;91
Cover Versions;nan;Todd Berger;['Mystery', 'Thriller'];English;3.1;84
#1 Fan: A Darkomentary;nan;Dee Austin Robertson;['Comedy'];English;3.45;13
Kung Fu Panda: Secrets of the Masters;nan;Tony Leondis;['Animation', 'Comedy', 'Action'];English;3.1;24
Internet Famous;nan;Michael J. Gallagher;['Comedy'];English;1.75;87
Smiley;nan;Michael J. Gallagher;['Horror'];English;1.4;95
The Thinning;nan;Michael J. Gallagher;['Drama', 'Horror', 'Thriller'];English;1.97;84
The Thinning: New World Order;nan;Michael J. Gallagher;['Horror', 'Thriller', 'Drama', 'Action'];English;1.98;89
Death Race: Beyond Anarchy;nan;Don Michael Paul;['Science Fiction', 'Action', 'Thriller'];English;2.38;111
Blaze;nan;Ethan Hawke;['History', 'Drama', 'Music'];English;3.52;129
Duck Butter;nan;Miguel Arteta;['Drama', 'Comedy', 'Romance'];English;2.6;94
The To Do List;nan;Maggie Carey;['Comedy', 'Romance'];English;3.04;104
Night Moves;nan;Kelly Reichardt;['Thriller', 'Drama'];English;3.42;112
20th Century Women;nan;Mike Mills;['Drama'];English;4.0;119
The Brass Teapot;nan;Ramaa Mosley;['Comedy', 'Fantasy', 'Thriller'];English;3.07;100
The Oranges;nan;Julian Farino;['Romance', 'Drama', 'Comedy'];English;2.59;90
Nasty Baby;nan;Sebastián Silva;['Comedy', 'Drama'];English;3.2;101
The American Dreamer;nan;Lawrence Schiller, L.M. Kit Carson;['Documentary'];English;3.41;90
The Boy Who Cried Werewolf;nan;Nathan Juran;['Horror', 'Mystery'];English;2.87;93
The 7th Voyage of Sinbad;nan;Nathan Juran;['Action', 'Family', 'Fantasy', 'Adventure'];English;3.52;88
EMO the Musical;nan;Neil Triffett;['Music', 'Comedy', 'Romance'];English;2.79;94
The Package;nan;Jake Szymanski;['Comedy'];English;2.23;94
John Mulaney: New in Town;nan;Ryan Polito, Jake Szymanski;['Comedy'];English;4.26;58
The Tesseract;nan;Oxide Pang Shun;['Thriller', 'Drama'];English;2.95;93
The Beach;nan;Danny Boyle;['Thriller', 'Drama', 'Romance', 'Adventure'];English;3.17;119
Big Game;nan;Jalmari Helander;['Action', 'Adventure', 'Thriller'];English;2.56;90
Future Shock! The Story of 2000AD;nan;Paul Goodwin;['Documentary'];English;3.52;110
Sorry to Bother You;nan;Boots Riley;['Fantasy', 'Science Fiction', 'Comedy'];English;3.73;112
Dirty Computer;nan;Emma Westenberg, Lacey Duke;['Drama', 'Music', 'Romance', 'Science Fiction'];English;4.01;49
War on Everyone;nan;John Michael McDonagh;['Comedy', 'Mystery', 'Action'];English;2.83;98
Furlough;nan;Laurie Collyer;['Comedy'];English;2.93;84
For Colored Girls;nan;Tyler Perry;['Drama'];English;3.14;134
Mississippi Damned;nan;Tina Mabry;['Drama'];English;3.55;120
The Initiation of Sarah;nan;Stuart Gillard;['Drama', 'TV Movie', 'Thriller', 'Horror'];English;2.91;96
The Human Contract;nan;Jada Pinkett Smith;['Drama'];English;2.89;107
Sherlock Gnomes;nan;John Stevenson;['Comedy', 'Mystery', 'Adventure', 'Animation', 'Family', 'Fantasy'];English;2.19;86
Trick or Treat;nan;Charles Martin Smith;['Music', 'Comedy', 'Horror'];English;3.19;97
Robbie the Reindeer: Hooves of Fire;nan;Richard Starzak;['Comedy', 'Family', 'Animation'];English;3.55;30
Eighth Grade;nan;Bo Burnham;['Comedy', 'Drama'];English;3.77;94
Hall Pass;nan;Bobby Farrelly, Peter Farrelly;['Comedy', 'Romance'];English;2.31;105
Adventures in the Sin Bin;nan;Billy Federighi;['Comedy'];English;2.95;101
Rough Night;nan;Lucia Aniello;['Comedy', 'Drama'];English;2.63;101
Closer;nan;Mike Nichols;['Drama', 'Romance'];English;3.39;104
Won't You Be My Neighbor?;nan;Morgan Neville;['Documentary'];English;4.18;95
They'll Love Me When I'm Dead;nan;Morgan Neville;['Documentary'];English;3.69;98
20 Feet from Stardom;nan;Morgan Neville;['Documentary', 'Music'];English;3.73;89
Best of Enemies;nan;Morgan Neville, Robert Gordon;['History', 'Documentary'];English;3.75;87
You Wont Miss Me;nan;Ry Russo-Young;['Drama', 'Comedy'];English;3.27;81
Marion;nan;Ry Russo-Young;nan;English;nan;8
Nobody Walks;nan;Ry Russo-Young;['Drama'];English;2.6;83
Game Night;nan;John Francis Daley, Jonathan Goldstein;['Crime', 'Mystery', 'Comedy'];English;3.51;100
Rapture-Palooza;nan;Paul Middleditch;['Comedy', 'Fantasy', 'Horror'];English;2.37;85
View from the Top;nan;Bruno Barreto;['Romance', 'Drama', 'Comedy'];English;2.61;87
Dude Bro Party Massacre III;nan;Tomm Jacobsen, Michael Rousselet;['Comedy', 'Horror'];English;3.34;101
5-25-77;nan;Patrick Read Johnson;['Drama', 'Comedy'];English;3.18;132
All About My Mother;nan;Pedro Almodóvar;['Comedy', 'Drama'];Spanish;4.17;101
Summer of 84;nan;Yoann-Karl Whissell, François Simard;['Mystery', 'Horror', 'Drama'];English;3.2;105
Making Mr. Right;nan;Susan Seidelman;['Comedy', 'Science Fiction', 'Romance'];English;3.1;98
Gator;nan;Burt Reynolds;['Action', 'Crime', 'Drama'];English;2.91;115
Roma;nan;Alfonso Cuarón;['Drama'];Spanish;4.1;135
Papillon;nan;Michael Noer;['Drama'];English;3.5;134
Ocean's Eight;nan;Gary Ross;['Crime', 'Action', 'Comedy'];English;3.34;111
The Man from Laramie;nan;Anthony Mann;['Western', 'Drama'];English;3.78;103
Mamma Mia! Here We Go Again;nan;Ol Parker;['Comedy', 'Romance'];English;3.44;114
The Christmas Chronicles;nan;Clay Kaytis;['Adventure', 'Comedy', 'Family', 'Fantasy'];English;2.93;104
The Ballad of Buster Scruggs;nan;Joel Coen, Ethan Coen;['Music', 'Romance', 'Mystery', 'Western', 'Drama', 'Comedy'];English;3.65;132
Sharky's Machine;nan;Burt Reynolds;['Action', 'Thriller', 'Drama', 'Crime'];English;3.23;122
The End;nan;Burt Reynolds;['Comedy'];English;2.97;100
Stick;nan;Burt Reynolds;['Action', 'Crime', 'Drama'];English;2.87;109
Bean;nan;Mel Smith;['Adventure', 'Comedy', 'Family'];English;3.19;89
Without a Paddle;nan;Steven Brill;['Comedy', 'Action', 'Mystery', 'Adventure'];English;2.67;95
Everything You Always Wanted to Know About Sex *But Were Afraid to Ask;nan;Woody Allen;['Comedy'];English;3.31;88
Silver Streak;nan;Arthur Hiller;['Thriller', 'Crime', 'Comedy', 'Romance', 'Action'];English;3.33;114
Stir Crazy;nan;Sidney Poitier;['Comedy'];English;3.27;111
Love, Gilda;nan;Lisa D’Apolito;['Documentary'];English;3.67;84
Alice in Wonderland;nan;Nick Willing;['Fantasy', 'Family'];English;3.23;133
The Little Prince;nan;Stanley Donen;['Science Fiction', 'Music', 'Fantasy', 'Family'];English;3.54;88
Hanky Panky;nan;Sidney Poitier;['Mystery', 'Action', 'Crime', 'Comedy'];English;2.77;110
Another You;nan;Maurice Phillips;['Comedy'];English;2.53;94
The Woman in Red;nan;Gene Wilder;['Comedy', 'Romance'];English;2.8;87
Rhinoceros;nan;Tom O'Horgan;['Drama', 'Comedy'];English;3.13;104
Funny About Love;nan;Leonard Nimoy;['Romance', 'Comedy'];English;2.82;101
Oliver & Company;nan;George Scribner;['Animation', 'Family', 'Comedy'];English;3.26;74
The Prince and the Pauper;nan;George Scribner;['Animation', 'Family', 'Comedy'];English;3.3;27
The Crimson Pirate;nan;Robert Siodmak;['Comedy', 'Adventure'];English;3.51;105
The Big Blue;nan;Luc Besson;['Romance', 'Adventure', 'Drama'];French;3.78;168
Moby Dick;nan;John Huston;['Drama', 'Adventure'];English;3.6;116
The Meg;nan;Jon Turteltaub;['Action', 'Science Fiction', 'Horror'];English;2.39;113
Waterworld;nan;Kevin Reynolds;['Adventure', 'Science Fiction', 'Action'];English;2.88;135
Professor Marston and the Wonder Women;nan;Angela Robinson;['Drama', 'Romance'];English;3.64;108
Novitiate;nan;Margaret Betts;['Drama'];English;3.61;123
Howling VI: The Freaks;nan;Hope Perello;['Horror'];English;2.29;102
Zambezia;nan;Wayne Thornley;['Adventure', 'Comedy', 'Family', 'Animation'];English;2.51;83
The 'Burbs;nan;Joe Dante;['Thriller', 'Comedy', 'Horror'];English;3.45;102
The Endless;nan;Aaron Moorhead, Justin Benson;['Science Fiction', 'Horror', 'Thriller'];English;3.32;112
Blast from the Past;nan;Hugh Wilson;['Comedy', 'Drama', 'Romance'];English;3.28;112
The Art of Getting By;nan;Gavin Wiesen;['Romance', 'Drama'];English;2.82;83
Book Club;nan;Bill Holderman;['Comedy', 'Romance', 'Drama'];English;2.84;104
King Cobra;nan;Justin Kelly;['Crime', 'Drama'];English;2.5;93
The Killing of a Sacred Deer;nan;Yorgos Lanthimos;['Thriller', 'Mystery', 'Drama'];English;3.71;121
Butter;nan;Jim Field Smith;['Comedy'];English;2.93;90
The Crush;nan;Alan Shapiro;['Drama', 'Thriller'];English;2.82;89
Catfight;nan;Onur Tukel;['Comedy', 'Drama'];English;3.05;96
Vamps;nan;Amy Heckerling;['Comedy', 'Horror', 'Romance'];English;2.98;93
Excess Baggage;nan;Marco Brambilla;['Crime', 'Comedy', 'Action'];English;2.83;101
The Babysitter;nan;Guy Ferland;['Thriller', 'Drama'];English;2.06;90
Ass Backwards;nan;Chris Nelson;['Adventure', 'Comedy'];English;2.46;90
Scorched;nan;Gavin Grazer;['Comedy', 'Crime'];English;2.83;95
Love's Labour's Lost;nan;Kenneth Branagh;['Comedy', 'Romance', 'Music'];English;2.83;93
Hideaway;nan;Brett Leonard;['Thriller', 'Drama', 'Horror'];English;2.61;103
Cool and the Crazy;nan;Ralph Bakshi;['Drama', 'Romance', 'TV Movie', 'Thriller', 'Action'];English;2.77;85
True Crime;nan;Pat Verducci;['Crime', 'Mystery', 'Thriller'];English;2.46;94
Who Gets the Dog?;nan;Huck Botko;['Drama', 'TV Movie', 'Comedy', 'Romance'];English;2.74;95
Global Heresy;nan;Sidney J. Furie;['Drama', 'Comedy'];English;3.09;106
Silence Becomes You;nan;Stephanie Sinclaire;['Drama', 'Horror', 'Thriller', 'Romance', 'Fantasy'];English;nan;88
Cam;nan;Daniel Goldhaber;['Horror', 'Mystery'];English;2.87;95
Braid;nan;Mitzi Peirone;['Mystery', 'Horror', 'Thriller'];English;3.0;85
Flesh and Blood;nan;Mark Webber;['Drama'];English;nan;91
The Deleted;nan;Bret Easton Ellis;['Crime', 'Mystery', 'Drama'];English;nan;112
Hedgehog;nan;Lindsey Copeland;['Drama'];English;nan;114
Mowgli: Legend of the Jungle;nan;Andy Serkis;['Adventure', 'Drama'];English;2.73;105
Judgment Night;nan;Stephen Hopkins;['Action', 'Crime', 'Thriller'];English;3.16;109
Drowning by Numbers;nan;Peter Greenaway;['Crime', 'Comedy'];English;3.93;119
A Zed & Two Noughts;nan;Peter Greenaway;['Drama', 'Comedy'];English;3.85;115
The Draughtsman's Contract;nan;Peter Greenaway;['Mystery', 'History', 'Drama'];English;3.82;108
The Pillow Book;nan;Peter Greenaway;['Drama', 'Romance'];English;3.5;126
Eisenstein in Guanajuato;nan;Peter Greenaway;['Comedy', 'Romance'];English;3.29;105
Prospero's Books;nan;Peter Greenaway;['Fantasy'];English;3.66;120
The Falls;nan;Peter Greenaway;['Science Fiction', 'Comedy'];English;3.93;195
8 ½ Women;nan;Peter Greenaway;['Drama', 'Comedy'];English;3.25;118
Nowhere Boy;nan;Sam Taylor-Johnson;['Drama'];English;3.36;98
Welcome to the Punch;nan;Eran Creevy;['Crime', 'Action', 'Adventure'];English;2.8;99
Centurion;nan;Neil Marshall;['Action', 'Adventure', 'Drama'];English;2.9;97
The Water Horse;nan;Jay Russell;['Fantasy', 'Family', 'Adventure'];English;2.97;112
Blitz;nan;Elliott Lester;['Crime', 'Action', 'Thriller'];English;2.72;97
Red Riding: The Year of Our Lord 1974;nan;Julian Jarrold;['Crime', 'Mystery', 'TV Movie', 'Drama', 'Thriller'];English;3.47;102
Derailed;nan;Mikael Håfström;['Thriller', 'Drama'];English;2.93;108
The Ones Below;nan;David Farr;['Thriller'];English;2.94;87
Ronaldo;nan;Anthony Wonke;['Documentary', 'History'];English;3.02;92
Captain Corelli's Mandolin;nan;John Madden;['War', 'Drama', 'Romance'];English;2.74;131
Basic Instinct 2;nan;Michael Caton-Jones;['Crime', 'Thriller', 'Mystery'];English;2.07;114
Red Riding: The Year of Our Lord 1983;nan;Anand Tucker;['TV Movie', 'Mystery', 'Drama', 'Thriller', 'Crime'];English;3.54;100
The Hollow Crown: Richard II;nan;Rupert Goold;['Drama', 'History'];nan;3.88;149
Hilary and Jackie;nan;Anand Tucker;['Music', 'Drama'];English;3.52;121
Sense and Sensibility;nan;John Alexander;['Drama'];English;3.7;174
Doctor Who: The Next Doctor;nan;Andy Goddard;['Adventure', 'Fantasy', 'Mystery', 'Science Fiction', 'TV Movie'];English;3.22;60
Stoned;nan;Stephen Woolley;['Drama'];English;2.88;102
State of Play;nan;David Yates;['Mystery', 'Crime', 'Drama'];English;4.01;nan
Being Human;nan;Bill Forsyth;['Comedy', 'Drama', 'Fantasy'];English;2.93;122
Robin Hood;nan;John Irvin;['Adventure'];English;2.86;104
The Deal;nan;Stephen Frears;['Drama', 'Comedy', 'Thriller', 'Romance', 'TV Movie'];English;3.42;90
Zero Hour: Massacre at Columbine High;nan;David Hickman;['History', 'Crime', 'Drama', 'Documentary', 'TV Movie'];English;3.37;52
Some Voices;nan;Simon Cellan Jones;['Comedy', 'Drama'];English;3.5;101
The 7.39;nan;John Alexander;['Drama'];English;3.33;120
Born Romantic;nan;David Kane;['Comedy', 'Romance'];English;3.26;96
Cape Wrath;nan;Duane Clark, Andrew Gunn;['Thriller', 'Drama', 'Mystery'];English;nan;385
The Walking Dead: A Decade of Dead;nan;Lex Halaby;['Documentary'];English;3.61;22
Thorne;nan;Stephen Hopkins;['Crime', 'Drama'];English;3.26;360
Red Riding: The Year of Our Lord 1980;nan;James Marsh;['Thriller', 'TV Movie', 'Drama', 'Mystery', 'Crime'];English;3.56;93
The Driver;nan;Jamie Payne;['Drama', 'Crime'];English;3.34;180
Psychokinesis;nan;Yeon Sang-ho;['Action', 'Fantasy'];Korean;2.93;101
Seoul Station;nan;Yeon Sang-ho;['Thriller', 'Action', 'Science Fiction', 'Horror', 'Animation'];Korean;2.98;92
The King of Pigs;nan;Yeon Sang-ho;['Animation', 'Drama', 'Thriller', 'Crime'];Korean;3.48;97
The Fake;nan;Yeon Sang-ho;['Drama', 'Animation'];Korean;3.57;101
The Window;nan;Yeon Sang-ho;['Animation'];Korean;3.51;28
Love Is Protein;nan;Yeon Sang-ho;['Animation', 'Comedy'];Korean;3.2;23
The Senior Class;nan;Hong Deok-pyo;['Animation', 'Drama'];Korean;3.07;82
Walk of Shame;nan;Steven Brill;['Comedy'];English;2.52;95
Black Christmas;nan;Glen Morgan;['Horror', 'Mystery'];English;2.6;92
New Best Friend;nan;Zoe Clarke-Williams;['Thriller', 'Drama', 'Mystery'];English;2.9;91
The Out-of-Towners;nan;Sam Weisman;['Comedy', 'Drama'];English;2.75;90
The Breed;nan;Nicholas Mastandrea;['Horror', 'Thriller'];English;2.46;90
Journey Back to Christmas;nan;Mel Damski;['Drama', 'Family', 'TV Movie'];English;2.95;84
The Smokers;nan;Kat Slater;['Drama', 'Comedy', 'Thriller'];English;2.55;96
Nora Roberts' Carolina Moon;nan;Stephen Tolkin;['Crime', 'TV Movie'];English;nan;95
Going Greek;nan;Justin Zackham;['Drama', 'Romance', 'Comedy'];English;nan;90
The 33;nan;Patricia Riggen;['History', 'Drama'];English;3.1;120
Shoplifters;nan;Hirokazu Kore-eda;['Drama', 'Thriller', 'Crime'];Japanese;4.3;120
Monster;nan;Patty Jenkins;['Drama', 'Crime'];English;3.65;110
Five;nan;Jennifer Aniston, Patty Jenkins;['TV Movie', 'Drama', 'Comedy'];English;3.36;87
This Changes Everything;nan;Tom Donahue;['Documentary'];English;3.71;97
Guest of Cindy Sherman;nan;Tom Donahue, Paul Hasegawa-Overacker;['Documentary'];English;nan;88
Casting By;nan;Tom Donahue;['Documentary'];English;3.58;89
How the Grinch Stole Christmas!;nan;Chuck Jones;['Family', 'Comedy', 'Animation'];English;3.89;26
Duck Dodgers in the 24½th Century;nan;Chuck Jones;['Science Fiction', 'Animation', 'Comedy'];English;4.07;7
Rabbit Seasoning;nan;Chuck Jones;['Animation', 'Comedy'];English;4.1;7
The Phantom Tollbooth;nan;Dave Monahan, Abe Levitow;['Fantasy', 'Adventure', 'Animation'];English;3.36;90
The Scarlet Pumpernickel;nan;Chuck Jones;['Animation', 'Comedy', 'Adventure'];English;3.76;7
Bully for Bugs;nan;Chuck Jones;['Comedy', 'Animation'];English;3.9;7
Fast and Furry-ous;nan;Chuck Jones;['Animation', 'Comedy'];English;3.93;7
The Dot and the Line: A Romance in Lower Mathematics;nan;Chuck Jones;['Animation', 'Family'];English;3.81;10
Long-Haired Hare;nan;Chuck Jones;['Comedy', 'Animation', 'Music'];English;4.09;8
Rabbit Fire;nan;Chuck Jones;['Comedy', 'Animation'];English;4.13;7
Rabbit of Seville;nan;Chuck Jones;['Comedy', 'Music', 'Animation'];English;4.23;8
Duck Amuck;nan;Chuck Jones;['Comedy', 'Animation'];English;4.32;7
Duck! Rabbit, Duck!;nan;Chuck Jones;['Animation', 'Family', 'Comedy', 'Adventure'];English;4.04;7
Hair-Raising Hare;nan;Chuck Jones;['Comedy', 'Animation'];English;3.93;7
Robin Hood Daffy;nan;Chuck Jones;['Comedy', 'Animation'];English;3.9;7
Feed the Kitty;nan;Chuck Jones;['Comedy', 'Animation'];English;3.97;7
For Scent-imental Reasons;nan;Chuck Jones;['Animation', 'Comedy'];English;3.39;7
Rabbit Hood;nan;Chuck Jones;['Comedy', 'Animation'];English;3.79;8
Ali Baba Bunny;nan;Chuck Jones;['Animation', 'Comedy'];English;3.71;7
Scaredy Cat;nan;Chuck Jones;['Animation', 'Comedy'];English;3.78;8
Water, Water Every Hare;nan;Chuck Jones;['Animation', 'Science Fiction', 'Comedy'];English;3.85;7
Drip-Along Daffy;nan;Chuck Jones;['Animation', 'Comedy', 'Western'];English;3.84;7
Beep, Beep;nan;Chuck Jones;['Animation', 'Comedy'];English;3.88;7
Horton Hears a Who!;nan;Chuck Jones, Ben Washam;['Animation', 'Family'];English;3.37;26
Broom-Stick Bunny;nan;Chuck Jones;['Comedy', 'Animation', 'Fantasy'];English;3.68;7
Rikki-Tikki-Tavi;nan;Chuck Jones;['Family', 'Animation'];English;3.66;24
Daffy Duck's Quackbusters;nan;Terry Lennon, Chuck Jones;['Action', 'Mystery', 'Horror', 'Fantasy', 'Family', 'Animation', 'Comedy', 'Science Fiction'];English;3.42;72
Hare Tonic;nan;Chuck Jones;['Comedy', 'Animation'];English;3.76;8
Hare-Way to the Stars;nan;Chuck Jones;['Animation', 'Science Fiction', 'Comedy'];English;3.81;6
Bugs Bunny's 3rd Movie: 1001 Rabbit Tales;nan;Chuck Jones, Friz Freleng;['Family', 'Animation', 'Comedy', 'Music', 'Adventure'];English;3.39;74
Transylvania 6-5000;nan;Chuck Jones;['Comedy', 'Animation', 'Horror'];English;3.71;7
Operation: Rabbit;nan;Chuck Jones;['Animation', 'Comedy'];English;3.81;7
8 Ball Bunny;nan;Chuck Jones;['Adventure', 'Animation', 'Comedy'];English;3.6;7
Daffy Duck's Movie: Fantastic Island;nan;Chuck Jones, Friz Freleng;['Animation', 'Fantasy', 'Comedy', 'Family'];English;3.25;78
Bewitched Bunny;nan;Chuck Jones;['Animation'];English;3.68;7
Wackiki Wabbit;nan;Chuck Jones;['Animation', 'Comedy'];English;3.51;7
Bugs Bunny and the Three Bears;nan;Chuck Jones;['Comedy', 'Animation'];English;3.44;7
Deduce, You Say;nan;Chuck Jones;['Mystery', 'Comedy', 'Animation'];English;3.67;7
Super-Rabbit;nan;Chuck Jones;['Comedy', 'Animation'];English;3.51;8
Elmer's Candid Camera;nan;Chuck Jones;['Animation', 'Comedy'];English;3.1;8
The Abominable Snow Rabbit;nan;Chuck Jones;['Comedy', 'Animation'];English;3.66;7
Don't Give Up the Sheep;nan;Chuck Jones;['Animation', 'Comedy'];English;3.72;7
The Ducksters;nan;Chuck Jones;['Comedy', 'Animation'];English;3.66;7
Bunny Hugged;nan;Chuck Jones;['Comedy', 'Animation'];English;3.62;7
Baton Bunny;nan;Chuck Jones, Abe Levitow;['Comedy', 'Music', 'Animation'];English;3.69;7
High Note;nan;Chuck Jones;['Family', 'Animation', 'Comedy'];No spoken language;3.68;7
Whoa, Be-Gone!;nan;Chuck Jones;['Comedy', 'Animation'];English;3.62;6
Mad as a Mars Hare;nan;Chuck Jones;['Family', 'Animation', 'Science Fiction', 'Comedy'];English;3.39;7
Frigid Hare;nan;Chuck Jones;['Animation', 'Comedy'];English;3.37;7
The Hypo-Chondri-Cat;nan;Chuck Jones;['Family', 'Comedy', 'Animation'];English;3.48;7
Homeless Hare;nan;Chuck Jones;['Comedy', 'Animation'];English;3.57;7
My Bunny Lies Over the Sea;nan;Chuck Jones;['Comedy', 'Animation'];English;3.44;7
Mouse Wreckers;nan;Chuck Jones;['Animation', 'Comedy'];English;3.45;7
Daffy Duck and the Dinosaur;nan;Chuck Jones;['Animation', 'Comedy'];English;3.3;8
A Pest in the House;nan;Chuck Jones;['Comedy', 'Animation'];English;3.58;7
A Little Princess;nan;Alfonso Cuarón;['Fantasy', 'Family', 'Drama'];English;3.79;97
Great Expectations;nan;Alfonso Cuarón;['Romance', 'Comedy', 'Drama'];English;3.17;111
Sólo con tu pareja;nan;Alfonso Cuarón;['Drama', 'Romance', 'Comedy'];Spanish;3.41;94
Quartet for the End of Time;nan;Alfonso Cuarón;['Drama'];Spanish;3.06;23
The Assassination of Richard Nixon;nan;Niels Mueller;['Drama', 'Thriller', 'Crime', 'History'];English;3.4;95
The Possibility of Hope;nan;Alfonso Cuarón;['Documentary'];English;3.43;27
Biutiful;nan;Alejandro González Iñárritu;['Drama'];Spanish;3.86;148
Year of the Nail;nan;Jonás Cuarón;['Drama', 'Romance'];Spanish;3.42;78
Crónicas;nan;Sebastián Cordero;['Crime', 'Thriller', 'Drama'];Spanish;3.45;108
Rudo & Cursi;nan;Carlos Cuarón;['Comedy', 'Drama'];Spanish;3.52;102
Pale Flower;nan;Masahiro Shinoda;['Romance', 'Crime'];Japanese;4.02;96
Two-Lane Blacktop;nan;Monte Hellman;['Drama'];English;3.85;102
Ride in the Whirlwind;nan;Monte Hellman;['Drama', 'Thriller', 'Western'];English;3.45;82
The Thing Called Love;nan;Peter Bogdanovich;['Romance', 'Drama'];English;3.27;116
Bird Box;nan;Susanne Bier;['Thriller', 'Drama', 'Horror'];English;2.89;124
...And God Created Woman;nan;Roger Vadim;['Romance', 'Drama'];French;3.19;92
The Other Side of Midnight;nan;Charles Jarrott;['Romance', 'Thriller', 'Drama'];English;3.17;165
The Flight of the Phoenix;nan;Robert Aldrich;['Drama', 'Adventure'];English;3.69;142
Love, Simon;nan;Greg Berlanti;['Romance', 'Comedy', 'Drama'];English;3.24;110
Pride;nan;Matthew Warchus;['Drama', 'Comedy'];English;4.13;120
God's Own Country;nan;Francis Lee;['Romance', 'Drama'];English;3.98;105
BPM (Beats per Minute);nan;Robin Campillo;['Drama'];French;3.97;143
Eastern Boys;nan;Robin Campillo;['Drama'];French;3.44;128
The Class;nan;Laurent Cantet;['Drama'];French;3.72;128
Planetarium;nan;Rebecca Zlotowski;['Fantasy', 'Mystery', 'Drama'];French;2.54;109
The Returned;nan;Robin Campillo;['Drama', 'Fantasy'];French;3.11;102
Stonewall;nan;Roland Emmerich;['History', 'Drama'];English;2.27;129
Black Mirror: Bandersnatch;nan;David Slade;['Science Fiction', 'Thriller', 'Drama', 'TV Movie', 'Mystery'];English;3.25;90
The Children Act;nan;Richard Eyre;['Drama'];English;3.16;105
That Obscure Object of Desire;nan;Luis Buñuel;['Drama', 'Comedy', 'Romance'];French;3.99;103
Cluny Brown;nan;Ernst Lubitsch;['Comedy', 'Romance'];English;3.92;100
The Passionate Friends;nan;David Lean;['Drama', 'Romance'];English;3.84;90
Madeleine;nan;David Lean;['Mystery', 'Drama', 'Crime'];English;3.41;114
Dragonwyck;nan;Joseph L. Mankiewicz;['Drama', 'Thriller', 'Romance'];English;3.41;103
Mildred Pierce;nan;Michael Curtiz;['Crime', 'Drama'];English;4.06;111
The Young Girls of Rochefort;nan;Jacques Demy;['Romance', 'Comedy', 'Drama'];French;4.32;126
Carefree;nan;Mark Sandrich;['Comedy', 'Music', 'Romance'];English;3.41;83
The Band Wagon;nan;Vincente Minnelli;['Comedy', 'Romance', 'Music'];English;3.83;112
The Search;nan;Fred Zinnemann;['Drama', 'War'];English;3.77;104
Lion;nan;Garth Davis;['Drama'];English;3.9;118
Top Hat;nan;Mark Sandrich;['Comedy', 'Romance', 'Music'];English;3.83;101
On the Town;nan;Gene Kelly, Stanley Donen;['Romance', 'Comedy', 'Music'];English;3.62;98
A Patch of Blue;nan;Guy Green;['Romance', 'Drama'];English;3.93;105
Young Man with a Horn;nan;Michael Curtiz;['Music', 'Drama', 'Romance'];English;3.51;112
Queen Christina;nan;Rouben Mamoulian;['History', 'Drama', 'Romance'];English;3.75;99
Border Incident;nan;Anthony Mann;['Drama', 'Crime', 'Thriller'];English;3.54;94
Leave Her to Heaven;nan;John M. Stahl;['Romance', 'Thriller', 'Drama'];English;3.93;110
Marty;nan;Delbert Mann;['Romance', 'Drama'];English;3.89;90
I Walked with a Zombie;nan;Jacques Tourneur;['Drama', 'Horror', 'Mystery'];English;3.68;69
Red-Headed Woman;nan;Jack Conway;['Comedy', 'Romance', 'Drama'];English;3.42;79
Hard Candy;nan;David Slade;['Drama', 'Thriller'];English;3.49;104
Black Mirror: Metalhead;nan;David Slade;['Science Fiction', 'TV Movie', 'Thriller', 'Mystery'];English;2.81;41
Do Geese See God;nan;David Slade;['Science Fiction', 'Fantasy'];English;nan;11
The Old Man & the Gun;nan;David Lowery;['Crime', 'Drama', 'Comedy'];English;3.53;94
First Man;nan;Damien Chazelle;['History', 'Drama'];English;3.67;141
mid90s;nan;Jonah Hill;['Drama', 'Comedy'];English;3.79;86
Zoe;nan;Drake Doremus;['Thriller', 'Romance', 'Science Fiction'];English;2.85;104
Red Sparrow;nan;Francis Lawrence;['Mystery', 'Thriller'];English;2.9;140
Borg vs McEnroe;nan;Janus Metz;['Drama', 'History'];Swedish;3.44;108
November Criminals;nan;Sacha Gervasi;['Thriller', 'Crime', 'Drama', 'Mystery'];English;2.23;86
Game Over, Man!;nan;Kyle Newacheck;['Comedy', 'Action'];English;2.43;100
Tully;nan;Jason Reitman;['Comedy', 'Drama'];English;3.59;96
Isle of Dogs;nan;Wes Anderson;['Comedy', 'Animation', 'Adventure'];English;4.01;101
I Feel Pretty;nan;Abby Kohn, Marc Silverstein;['Romance', 'Comedy'];English;2.41;110
Burning;nan;Lee Chang-dong;['Thriller', 'Drama', 'Mystery'];Korean;4.05;148
Road to Mars;nan;Humberto Hinojosa;['Comedy', 'Drama', 'Science Fiction'];Spanish;2.99;94
The Miseducation of Cameron Post;nan;Desiree Akhavan;['Drama'];English;3.48;92
Beirut;nan;Brad Anderson;['Action', 'Drama', 'Thriller'];English;3.1;109
Outside In;nan;Lynn Shelton;['Drama'];English;3.36;109
Disobedience;nan;Sebastián Lelio;['Drama', 'Romance'];English;3.49;114
Gaga: Five Foot Two;nan;Chris Moukarbel;['Documentary', 'Music'];English;3.62;101
Jim & Andy: The Great Beyond;nan;Chris Smith;['Documentary', 'Comedy', 'Drama'];English;3.76;93
Juliet, Naked;nan;Jesse Peretz;['Drama', 'Comedy', 'Romance'];English;3.26;97
Holy Camp!;nan;Javier Calvo, Javier Ambrossi;['Comedy', 'Romance'];Spanish;3.3;109
American Animals;nan;Bart Layton;['Drama', 'Documentary', 'Crime'];English;3.66;117
Cold War;nan;Paweł Pawlikowski;['Romance', 'Music', 'Drama'];Polish;4.04;88
To All the Boys I've Loved Before;nan;Susan Johnson;['Comedy', 'Romance'];English;3.08;100
A Star Is Born;nan;Bradley Cooper;['Music', 'Romance', 'Drama'];English;3.62;136
How to Talk to Girls at Parties;nan;John Cameron Mitchell;['Science Fiction', 'Romance', 'Music', 'Comedy'];English;2.96;103
Supersonic;nan;Mat Whitecross;['History', 'Documentary', 'Music'];English;3.87;117
Landline;nan;Gillian Robespierre;['Comedy', 'Drama'];English;3.44;93
Toni Erdmann;nan;Maren Ade;['Comedy', 'Drama'];German;3.96;162
Hands of Stone;nan;Jonathan Jakubowicz;['Drama'];English;2.99;105
The Reconquest;nan;Jonás Trueba;['Romance', 'Drama'];Spanish;3.61;108
Keeping Up with the Joneses;nan;Greg Mottola;['Comedy', 'Action'];English;2.57;105
The Sisters Brothers;nan;Jacques Audiard;['Comedy', 'Western', 'Drama'];English;3.56;121
The Favourite;nan;Yorgos Lanthimos;['Thriller', 'Drama', 'Comedy', 'History'];English;4.02;120
The Wife;nan;Björn Runge;['Drama'];English;3.45;100
Daybreak;nan;Björn Runge;['Drama'];Swedish;3.53;110
Green Book;nan;Peter Farrelly;['Drama', 'History'];English;3.78;130
Shallow Hal;nan;Peter Farrelly, Bobby Farrelly;['Romance', 'Comedy'];English;2.53;114
Osmosis Jones;nan;Bobby Farrelly, Peter Farrelly;['Action', 'Family', 'Comedy', 'Animation', 'Adventure'];English;3.02;95
Replicas;nan;Jeffrey Nachmanoff;['Drama', 'Science Fiction', 'Thriller'];English;2.05;107
The Rider;nan;Chloé Zhao;['Western', 'Drama'];English;3.98;103
Don Verdean;nan;Jared Hess;['Comedy'];English;2.76;96
Nacho Libre;nan;Jared Hess;['Comedy'];English;3.34;92
Gentlemen Broncos;nan;Jared Hess;['Drama', 'Science Fiction', 'Comedy'];English;3.29;89
If Beale Street Could Talk;nan;Barry Jenkins;['Romance', 'Drama'];English;3.93;120
Pocket Money;nan;Stuart Rosenberg;['Comedy', 'Adventure', 'Western'];English;3.02;102
The Drowning Pool;nan;Stuart Rosenberg;['Thriller', 'Mystery'];English;3.32;109
The Laughing Policeman;nan;Stuart Rosenberg;['Crime', 'Thriller', 'Drama'];English;3.37;112
Voyage of the Damned;nan;Stuart Rosenberg;['War', 'Drama'];English;3.15;155
Love and Bullets;nan;Stuart Rosenberg, John Huston;['Crime', 'Drama', 'Action'];English;2.95;103
WUSA;nan;Stuart Rosenberg;['Drama'];English;3.03;115
Murder, Inc.;nan;Burt Balaban, Stuart Rosenberg;['Drama', 'Crime'];English;3.23;103
The April Fools;nan;Stuart Rosenberg;['Romance', 'Comedy', 'Drama'];English;3.15;95
Let's Get Harry;nan;Stuart Rosenberg, Alan Smithee;['Action'];English;3.02;102
Move;nan;Stuart Rosenberg;['Comedy', 'Fantasy'];English;nan;90
Ghostland;nan;Pascal Laugier;['Horror', 'Mystery', 'Thriller'];English;3.13;91
House of Voices;nan;Pascal Laugier;['Mystery', 'Drama', 'Horror'];English;2.83;98
Brown of Harvard;nan;Jack Conway;['Drama', 'Romance'];English;nan;85
Children of Heaven;nan;Majid Majidi;['Family', 'Drama'];Persian (Farsi);4.16;88
Umberto D.;nan;Vittorio De Sica;['Drama'];Italian;4.25;91
Modern Times;nan;Charlie Chaplin;['Comedy', 'Drama', 'Romance'];English;4.27;87
Cléo from 5 to 7;nan;Agnès Varda;['Drama'];French;4.19;90
White Light/Black Rain: The Destruction of Hiroshima and Nagasaki;nan;Steven Okazaki;['War', 'Documentary'];English;4.12;86
Stop Making Sense;nan;Jonathan Demme;['Music', 'Documentary'];English;4.68;88
Cowspiracy: The Sustainability Secret;nan;Keegan Kuhn, Kip Andersen;['Documentary'];English;3.69;90
Tangerines;nan;Zaza Urushadze;['Drama', 'War'];Estonian;4.07;87
My Flesh and Blood;nan;Jonathan Karsh;['Documentary'];English;3.64;83
The Other Dream Team;nan;Marius Markevicius;['History', 'Documentary'];Lithuanian;3.66;89
The Kid;nan;Charlie Chaplin;['Drama', 'Comedy'];No spoken language;4.21;68
The Cameraman;nan;Edward Sedgwick, Buster Keaton;['Romance', 'Comedy'];No spoken language;4.11;74
It's Such a Beautiful Day;nan;Don Hertzfeldt;['Comedy', 'Animation'];English;4.37;62
A Short Film About Love;nan;Krzysztof Kieślowski;['Romance', 'Drama'];Polish;4.12;87
Sherlock Jr.;nan;Buster Keaton;['Action', 'Comedy', 'Mystery'];No spoken language;4.38;45
Viridiana;nan;Luis Buñuel;['Drama'];Spanish;4.1;90
Safety Last!;nan;Fred C. Newmeyer, Sam Taylor;['Comedy'];No spoken language;4.11;73
Wild Strawberries;nan;Ingmar Bergman;['Drama'];Swedish;4.33;91
Searching for Sugar Man;nan;Malik Bendjelloul;['Music', 'Documentary'];English;4.12;85
Trouble in Paradise;nan;Ernst Lubitsch;['Comedy', 'Romance', 'Crime'];English;4.11;83
Show People;nan;King Vidor;['Comedy', 'Romance'];No spoken language;3.71;79
The King of Kong: A Fistful of Quarters;nan;Seth Gordon;['Documentary'];English;4.0;83
The Color of Paradise;nan;Majid Majidi;['Drama', 'Family'];Persian (Farsi);3.93;88
The Red Mill;nan;Roscoe 'Fatty' Arbuckle;['Comedy', 'Romance'];No spoken language;3.46;74
The Battle of Chile: Part II;nan;Patricio Guzmán;['Documentary'];Spanish;4.29;88
Lessons of Darkness;nan;Werner Herzog;['Documentary', 'War'];German;4.13;54
A Short Film About Killing;nan;Krzysztof Kieślowski;['Crime', 'Drama'];Polish;4.12;85
Prayers for Bobby;nan;Russell Mulcahy;['Drama', 'TV Movie', 'History'];English;3.7;89
3 Faces;nan;Jafar Panahi;['Drama'];Persian (Farsi);3.57;100
The Wolf House;nan;Cristóbal León, Joaquín Cociña;['Animation', 'Drama', 'Horror'];Spanish;4.13;75
Utøya: July 22;nan;Erik Poppe;['History', 'Drama'];Norwegian;3.65;92
Hale County This Morning, This Evening;nan;RaMell Ross;['Documentary'];English;3.6;76
Bixa Travesty;nan;Kiko Goifman, Claudia Priscilla;['Documentary'];Portuguese;3.88;75
Tigers Are Not Afraid;nan;Issa López;['Thriller', 'Horror', 'Fantasy', 'Drama'];Spanish;3.63;83
Dumb: The Story of Big Brother Magazine;nan;Patrick O'Dell;['Documentary'];English;3.63;79
Claire's Camera;nan;Hong Sang-soo;['Drama'];French;3.48;69
Lover for a Day;nan;Philippe Garrel;['Romance', 'Drama'];French;3.58;76
Chris Gethard: Career Suicide;nan;Kimberly Senior;['Comedy', 'TV Movie'];English;3.97;89
Maison du Bonheur;nan;Sofia Bohdanowicz;['Documentary'];French;3.52;62
Lucky;nan;John Carroll Lynch;['Drama'];English;3.85;88
DRIB;nan;Kristoffer Borgli;['Comedy'];Norwegian;3.46;90
The Work;nan;Jairus McLeary, Gethin Aldous;['Documentary'];English;4.08;90
The Cambridge Squatter;nan;Eliane Caffé;['Documentary', 'Drama'];Portuguese;3.8;90
Devil’s Freedom;nan;Everardo González;['Documentary'];Spanish;3.85;74
On the Rocks;nan;Alex Kavutskiy, Ariel Gardner;['Drama', 'Comedy'];English;nan;90
Casting JonBenet;nan;Kitty Green;['Drama', 'Documentary', 'Crime'];English;3.3;81
Dave Made a Maze;nan;Bill Watterson;['Adventure', 'Fantasy', 'Comedy', 'Horror'];English;3.32;81
David Bowie: The Last Five Years;nan;Francis Whately;['Music', 'Documentary'];English;3.74;90
Kizumonogatari Part 3: Reiketsu;nan;Tatsuya Oishi;['Animation', 'Mystery', 'Fantasy'];Japanese;4.22;83
Sleep Has Her House;nan;Scott Barley;['Horror', 'Documentary', 'Mystery'];No spoken language;3.92;90
Hamilton's America;nan;Alex Horwitz;['Documentary'];English;3.82;84
Bad Black;nan;Nabwana IGG;['Action', 'Comedy', 'Crime'];English;3.9;72
Dancer;nan;Steven Cantor;['Documentary'];English;3.74;85
Blue Jay;nan;Alexandre Lehmann;['Drama', 'Romance'];English;3.8;81
The B-Side: Elsa Dorfman's Portrait Photography;nan;Errol Morris;['Documentary'];English;3.51;76
Yourself and Yours;nan;Hong Sang-soo;['Comedy', 'Drama'];Korean;3.73;87
Antiporno;nan;Sion Sono;['Drama', 'Mystery'];Japanese;3.57;76
David Lynch: The Art Life;nan;Jon Nguyen, Olivia Neergaard-Holm;['Documentary'];English;3.8;89
Beduino;nan;Júlio Bressane;['Drama'];Portuguese;3.58;75
Looking: The Movie;nan;Andrew Haigh;['TV Movie', 'Romance', 'Drama'];English;3.72;85
The Red Turtle;nan;Michael Dudok de Wit;['Family', 'Fantasy', 'Drama', 'Animation'];No spoken language;3.87;80
How to Build a Time Machine;nan;Jay Cheel;['Documentary'];English;3.73;82
A Beautiful Planet;nan;Toni Myers;['Documentary', 'Family', 'Adventure'];English;3.52;45
Midsummer in Newtown;nan;Lloyd Kramer;['Documentary'];English;nan;81
The Pistol Shrimps;nan;Brent Hodge;['Documentary'];English;3.37;75
The Alchemist Cookbook;nan;Joel Potrykus;['Horror', 'Comedy', 'Drama'];English;3.08;82
Kedi;nan;Ceyda Torun;['Documentary'];Turkish;4.03;79
Starless Dreams;nan;Mehrdad Oskouei;['Documentary'];Persian (Farsi);3.77;76
Little Men;nan;Ira Sachs;['Drama'];English;3.51;85
Kizumonogatari Part 2: Nekketsu;nan;Tatsuya Oishi;['Animation', 'Mystery', 'Fantasy'];Japanese;4.04;64
Notes on Blindness;nan;James Spinney, Pete Middleton;['Drama', 'Documentary'];English;3.77;90
Newtown;nan;Kim A. Snyder;['Documentary'];English;3.61;85
Sand Storm;nan;Elite Zexer;['Drama'];Arabic;3.38;87
Unlocking the Cage;nan;D. A. Pennebaker, Chris Hegedus;['Documentary'];English;3.41;90
Hooligan Sparrow;nan;Nanfu Wang;['Documentary'];English;3.65;84
Under the Shadow;nan;Babak Anvari;['Horror', 'Drama', 'War'];Persian (Farsi);3.48;84
Sky Ladder: The Art of Cai Guo-Qiang;nan;Kevin Macdonald;['Documentary'];Chinese;3.69;80
The Illinois Parables;nan;Deborah Stratman;['Documentary', 'History'];English;3.61;60
The Witness;nan;James Solomon;['Documentary'];English;3.55;86
Stretch and Bobbito: Radio That Changed Lives;nan;Bobbito Garcia;['Documentary'];English;3.8;90
Everything Is Copy;nan;Jacob Bernstein, Nick Hooker;['Documentary'];English;3.71;89
The Pearl Button;nan;Patricio Guzmán;['Documentary'];Spanish;3.89;82
A Girl in the River: The Price of Forgiveness;nan;Sharmeen Obaid-Chinoy;['Documentary'];Eastern Punjabi, Eastern Panjabi;3.84;40
Francofonia;nan;Aleksandr Sokurov;['History', 'Drama'];French;3.5;87
The Guilty;nan;Gustav Möller;['Drama', 'Thriller', 'Crime'];Danish;3.91;86
The Guilt Trip;nan;Anne Fletcher;['Comedy'];English;2.62;95
Dumplin';nan;Anne Fletcher;['Drama', 'Comedy'];English;3.09;110
27 Dresses;nan;Anne Fletcher;['Romance', 'Comedy'];English;3.29;111
Hot Pursuit;nan;Anne Fletcher;['Action', 'Comedy'];English;2.27;87
Dudley Do-Right;nan;Hugh Wilson;['Family', 'Comedy', 'Romance'];English;2.1;77
Bringing Down the House;nan;Adam Shankman;['Comedy', 'Drama'];English;2.56;105
Rock of Ages;nan;Adam Shankman;['Romance', 'Comedy', 'Music', 'Drama'];English;2.68;123
Mother's Day;nan;Garry Marshall;['Romance', 'Drama', 'Comedy'];English;2.34;118
976-EVIL II;nan;Jim Wynorski;['Horror'];English;2.6;93
Arcade;nan;Albert Pyun;['Science Fiction', 'Thriller', 'Fantasy', 'Horror'];English;2.47;85
Beowulf;nan;Graham Baker;['Fantasy', 'Horror', 'Action', 'Adventure'];English;2.13;95
Biohazard;nan;Fred Olen Ray;['Science Fiction', 'Horror'];English;2.6;79
The Alchemist;nan;Charles Band;['Thriller', 'Horror'];English;2.69;84
Blood Hook;nan;Jim Mallon;['Horror', 'Comedy'];English;2.59;92
Body Count;nan;Ruggero Deodato;['Horror'];Italian;2.64;87
Cheerleader Camp;nan;John Quinn;['Horror', 'Comedy', 'Thriller'];English;2.54;89
Dark Breed;nan;Richard Pepin;['Horror', 'Science Fiction', 'Action', 'Thriller'];English;2.98;104
DeepStar Six;nan;Sean S. Cunningham;['Science Fiction', 'Thriller', 'Action', 'Horror'];English;2.7;99
Evil Ed;nan;Anders Jacobsson;['Comedy', 'Horror'];English;2.89;93
Expect No Mercy;nan;Zale Dalen;['Science Fiction', 'Action'];English;2.87;91
Firepower;nan;Richard Pepin;['Action', 'Science Fiction', 'Crime'];English;2.92;95
Head of the Family;nan;Charles Band;['Comedy', 'Horror'];English;2.66;82
Nomads;nan;John McTiernan;['Thriller', 'Drama', 'Fantasy'];English;2.42;89
Shadowzone;nan;J.S. Cardone;['Science Fiction', 'Horror'];English;2.56;88
Scarecrows;nan;William Wesley;['Horror'];English;2.72;83
Rock 'n' Roll Nightmare;nan;John Fasano;['Horror', 'Music'];English;2.49;83
Demon Within;nan;Masayoshi Sukita;['Mystery', 'Fantasy', 'Horror'];Japanese;3.24;54
Steele Justice;nan;Robert Boris;['Action'];English;3.04;95
Subspecies;nan;Ted Nicolaou;['Fantasy', 'Horror'];English;2.84;84
Teenage Exorcist;nan;Grant Austin Waldman;['Horror', 'Comedy'];English;2.87;86
Warriors of Virtue;nan;Ronny Yu;['Fantasy', 'Action', 'Family'];English;2.55;103
Tough and Deadly;nan;Steve Cohen;['Drama', 'Action', 'Thriller'];English;3.2;92
Voodoo;nan;René Eram;['Horror'];English;2.82;89
The Outing;nan;Tom Daley;['Horror'];English;2.76;87
The Box;nan;Richard Kelly;['Science Fiction', 'Thriller'];English;2.68;115
The Amazing Bulk;nan;Lewis Schoenbrun;['Comedy', 'Science Fiction', 'Animation', 'Adventure', 'Action'];English;1.77;76
I'm Gonna Git You Sucka;nan;Keenen Ivory Wayans;['Action', 'Comedy', 'Crime'];English;3.29;88
A Low Down Dirty Shame;nan;Keenen Ivory Wayans;['Crime', 'Action', 'Comedy'];English;2.85;100
Bamboozled;nan;Spike Lee;['Comedy', 'Drama'];English;3.83;136
Tales from the Quadead Zone;nan;Chester Novell Turner;['Horror'];English;2.86;62
The Last Slumber Party;nan;Stephen Tyler;['Horror'];English;2.31;71
A Night to Dismember;nan;Doris Wishman;['Horror'];English;2.85;69
Pieces;nan;Juan Piquer Simón;['Horror', 'Thriller'];Spanish;3.17;85
Things;nan;Andrew Jordan;['Horror'];English;2.33;84
Hallucinations;nan;Mark Polonia, Todd Michael Smith;['Horror', 'Drama', 'Mystery'];English;3.34;59
Silent Night, Deadly Night;nan;Charles E. Sellier Jr.;['Horror', 'Thriller'];English;3.0;79
The Long Island Cannibal Massacre;nan;Nathan Schiff;['Horror'];English;3.17;95
Don't Panic;nan;Rubén Galindo Jr.;['Horror'];English;2.7;90
Frozen Scream;nan;Frank Roach;['Horror'];English;2.5;85
Ogroff;nan;Norbert Moutier;['Horror'];French;3.2;90
Sledgehammer;nan;David A. Prior;['Horror', 'Thriller'];English;2.24;87
Death Spa;nan;Michael Fischa;['Horror'];English;2.97;88
Slumber Party Massacre II;nan;Deborah Brock;['Comedy', 'Horror'];English;2.95;85
The Deadly Spawn;nan;Douglas McKeown;['Horror', 'Science Fiction'];English;3.23;81
Night of the Demon;nan;Jim West;['Horror'];English;2.83;96
Slime City;nan;Greg Lamberson;['Horror', 'Drama', 'Fantasy'];English;3.02;81
Killer Workout;nan;David A. Prior;['Horror', 'Thriller'];English;2.59;84
Silent Night, Deadly Night Part 2;nan;Lee Harry;['Horror', 'Comedy'];English;2.34;88
Slugs;nan;Juan Piquer Simón;['Horror'];English;3.04;89
Day of the Reaper;nan;Tim Ritter;['Horror'];English;2.93;74
Uninvited;nan;Greydon Clark;['Horror', 'Science Fiction'];English;2.69;90
Truth or Dare? - A Critical Madness;nan;Tim Ritter;['Horror'];English;2.92;88
Nightmare;nan;Romano Scavolini;['Horror'];English;3.06;99
Iced;nan;Jeff Kwitny;['Horror'];English;2.51;86
The Boogey Man;nan;Ulli Lommel;['Horror'];English;2.7;82
The Abomination;nan;Bret McCormick;['Horror'];English;3.01;89
Mystics in Bali;nan;H. Tjut Djalil;['Mystery', 'Horror'];Indonesian;3.14;86
The Oracle;nan;Roberta Findlay;['Mystery', 'Horror', 'Crime', 'Thriller'];English;2.79;94
Bloodstream;nan;Michael J. Murphy;['Horror'];English;3.12;80
The Children;nan;Max Kalmanowicz;['Horror', 'Science Fiction'];English;2.85;93
Blood Lake;nan;Tim Boggs;['Horror'];English;2.3;82
Violent Shit;nan;Andreas Schnaas;['Horror'];German;2.43;75
Beyond Dream's Door;nan;Jay Woelfel;['Fantasy', 'Horror'];English;3.07;80
The Nail Gun Massacre;nan;Bill Leslie, Terry Lofton;['Horror'];English;2.47;85
Madeline's Madeline;nan;Josephine Decker;['Drama'];English;3.51;94
Let the Sunshine In;nan;Claire Denis;['Romance', 'Comedy', 'Drama'];French;3.26;94
Minding the Gap;nan;Bing Liu;['Documentary'];English;4.31;93
Once Brothers;nan;Michael Tolajian;['Documentary'];English;3.91;79
Magic & Bird: A Courtship of Rivals;nan;Ezra Edelman;['Documentary', 'Drama'];English;3.84;88
The Dream Team;nan;Zak Levitt;['Documentary'];English;3.71;70
Hoosiers;nan;David Anspaugh;['Family', 'Drama'];English;3.53;114
Jordan Rides the Bus;nan;Ron Shelton;['Documentary'];English;3.28;53
The Winning Season;nan;Jim Strouse;['Comedy', 'Drama'];English;3.19;119
Winning Time: Reggie Miller vs. The New York Knicks;nan;Dan Klores;['Documentary'];English;3.83;68
Bad Boys;nan;Zak Levitt;['Documentary'];English;3.86;102
Pistol: The Birth of a Legend;nan;Frank C. Schröder;['Family', 'Drama'];English;3.28;90
Rebound: The Legend of Earl 'The Goat' Manigault;nan;Eriq La Salle;['TV Movie', 'Drama'];English;3.5;120
Teen Wolf;nan;Rod Daniel;['Comedy', 'Romance', 'Fantasy'];English;2.91;91
The Mighty Macs;nan;Tim Chambers;['Drama'];English;3.14;102
Coach Carter;nan;Thomas Carter;['Drama', 'History'];English;3.77;136
Love & Basketball;nan;Gina Prince-Bythewood;['Comedy', 'Drama', 'Romance'];English;3.68;124
Semi-Pro;nan;Kent Alterman;['Comedy'];English;2.83;91
Glory Road;nan;James Gartner;['History', 'Drama'];English;3.4;118
Like Mike;nan;John Schultz;['Fantasy', 'Comedy', 'Family'];English;2.95;99
The 6th Man;nan;Randall Miller;['Comedy', 'Science Fiction', 'Drama', 'Fantasy'];English;2.7;107
The Fish That Saved Pittsburgh;nan;Gilbert Moses;['Comedy'];English;3.11;102
Celtic Pride;nan;Tom DeCerchio;['Comedy'];English;2.56;91
BASEketball;nan;David Zucker;['Comedy'];English;3.2;103
Just Wright;nan;Sanaa Hamri;['Comedy', 'Romance'];English;3.03;100
Believe in Me;nan;Robert Collector;['Family', 'Drama'];English;nan;131
Rebound;nan;Steve Carr;['Family', 'Comedy'];English;2.44;86
Crossover;nan;Preston A. Whitmore II;['Action', 'Adventure', 'Drama'];English;2.58;95
Double Teamed!;nan;Duwayne Dunham;['Family', 'Drama', 'TV Movie'];English;2.53;92
The Luck of the Irish;nan;Paul Hoen;['Family', 'TV Movie', 'Comedy', 'Adventure'];English;2.56;86
Eddie;nan;Steve Rash;['Comedy', 'Action'];English;2.57;100
Sunset Park;nan;Steve Gomer;['Drama'];English;3.16;99
Fast Break;nan;Jack Smight;['Comedy'];English;3.18;107
One on One;nan;Lamont Johnson;['Drama'];English;3.21;98
Drive, He Said;nan;Jack Nicholson;['Comedy', 'Drama'];English;2.86;95
Tall Story;nan;Joshua Logan;['Comedy'];English;3.16;91
The Harlem Globetrotters;nan;Phil Brown, Will Jason;['Drama'];English;nan;78
The Basketball Fix;nan;Felix E. Feist;['Drama', 'Crime'];English;nan;65
The Harlem Globetrotters on Gilligan's Island;nan;Peter Baldwin;['Family', 'Comedy', 'TV Movie'];English;2.93;94
The Gambler;nan;Karel Reisz;['Crime', 'Drama'];English;3.71;111
That Championship Season;nan;Jason Miller;['Drama'];English;3.32;110
Coach;nan;Bud Townsend;['Comedy', 'Romance'];English;2.95;100
Cornbread, Earl and Me;nan;Joseph Manduke;['Drama'];English;3.5;95
Slam Dunk Ernest;nan;John Cherry;['Comedy', 'Family', 'Romance'];English;2.41;93
Amazing Grace and Chuck;nan;Mike Newell;['Drama'];English;3.18;114
Michael Jordan to the Max;nan;James D. Stern, Don Kempf;['Documentary'];English;3.49;46
Full-Court Miracle;nan;Stuart Gillard;['Family', 'TV Movie'];English;2.68;90
Juwanna Mann;nan;Jesse Vaughan;['Comedy'];English;2.28;91
The Cookout;nan;Lance Rivera;['Comedy'];English;2.47;97
The Heart of the Game;nan;Ward Serrill;['Documentary'];English;3.54;97
John Tucker Must Die;nan;Betty Thomas;['Romance', 'Comedy'];English;3.06;87
Gunnin' for That #1 Spot;nan;Adam Yauch;['Documentary'];English;3.42;90
More than a Game;nan;Kristopher Belman;['Documentary'];English;3.63;105
Air Bud;nan;Charles Martin Smith;['Comedy', 'Family'];English;2.68;98
Hurricane Season;nan;Tim Story;['Drama'];English;3.17;103
Forget Paris;nan;Billy Crystal;['Drama', 'Romance', 'Comedy'];English;3.23;101
Thunderstruck;nan;John Whitesell;['Comedy', 'Family'];English;2.28;94
Stars and the Water Carriers;nan;Jørgen Leth;['Documentary'];Danish;nan;91
Modest Heroes;nan;Yoshiyuki Momose, Akihiko Yamashita;['Drama', 'Fantasy', 'Adventure', 'Animation'];Japanese;3.38;54
The Mule;nan;Clint Eastwood;['Drama', 'Crime'];English;3.32;116
I Love You, Man;nan;John Hamburg;['Comedy', 'Romance'];English;3.34;105
Confidence;nan;James Foley;['Mystery', 'Action', 'Crime', 'Thriller', 'Comedy'];English;3.06;97
Death of a Salesman;nan;Volker Schlöndorff;['TV Movie', 'Drama'];English;3.53;130
Rumor Has It...;nan;Rob Reiner;['Romance', 'Comedy'];English;2.36;97
Runaway Jury;nan;Gary Fleder;['Thriller', 'Drama'];English;3.34;127
The Cobbler;nan;Tom McCarthy;['Comedy', 'Fantasy', 'Drama'];English;2.43;99
Mr. Magorium's Wonder Emporium;nan;Zach Helm;['Fantasy', 'Comedy', 'Family'];English;3.1;93
Little Big Man;nan;Arthur Penn;['Drama', 'Western', 'Adventure', 'Comedy'];English;3.67;139
Papillon;nan;Franklin J. Schaffner;['Crime', 'Drama'];English;4.0;151
Perfume: The Story of a Murderer;nan;Tom Tykwer;['Drama', 'Crime', 'Fantasy'];English;3.59;147
Tootsie;nan;Sydney Pollack;['Comedy', 'Romance'];English;3.74;116
Jerry's Cousin;nan;Joseph Barbera, William Hanna;['Comedy', 'Animation'];English;3.72;6
The Colossus of Rhodes;nan;Sergio Leone;['Adventure', 'Drama', 'History'];Italian;2.89;127
A League of Their Own;nan;Penny Marshall;['Comedy', 'Drama'];English;3.79;128
Mr. Majestyk;nan;Richard Fleischer;['Action', 'Crime'];English;3.43;103
52 Pick-Up;nan;John Frankenheimer;['Action', 'Thriller', 'Drama', 'Crime'];English;3.35;110
7 Khoon Maaf;nan;Vishal Bhardwaj;['Drama', 'Mystery', 'Thriller'];Hindi;3.19;148
A Night in Nude: Salvation;nan;Takashi Ishii;['Thriller', 'Crime', 'Drama'];Japanese;nan;145
Fireworks;nan;Takeshi Kitano;['Drama', 'Crime'];Japanese;4.19;103
10 Rillington Place;nan;Richard Fleischer;['Thriller', 'Crime'];English;3.77;106
A Bittersweet Life;nan;Kim Jee-woon;['Drama', 'Action', 'Crime'];Korean;3.9;119
A Bronx Tale;nan;Robert De Niro;['Drama', 'Crime'];English;4.05;121
8 Million Ways to Die;nan;Hal Ashby;['Thriller', 'Crime'];English;3.14;115
A Fever in the Blood;nan;Vincent Sherman;['Drama'];English;nan;117
The Lady from the Shanghai Cinema;nan;Guilherme de Almeida Prado;['Mystery', 'Crime'];Portuguese;3.59;115
A Colt Is My Passport;nan;Takashi Nomura;['Crime', 'Thriller', 'Action'];Japanese;3.74;84
A Killing Affair;nan;David Saperstein;['Crime', 'Drama', 'Thriller'];English;nan;100
A Killer Among Friends;nan;Charles Robert Carner;['Drama', 'TV Movie', 'Mystery'];English;3.25;96
Son in Law;nan;Steve Rash;['Drama', 'Romance', 'Comedy'];English;2.91;95
The Ladies Man;nan;Reginald Hudlin;['Comedy'];English;2.58;84
Shriek If You Know What I Did Last Friday the Thirteenth;nan;John Blanchard;['Comedy'];English;2.08;86
ivans xtc.;nan;Bernard Rose;['Drama'];English;3.49;94
Northpole;nan;Douglas Barr;['Family', 'Fantasy', 'TV Movie'];English;2.91;81
Saved by the Bell: Hawaiian Style;nan;Don Barnhart;['Comedy'];English;2.92;92
Love Stinks;nan;Jeff Franklin;['Romance', 'Comedy'];English;2.62;94
Saved by the Bell: Wedding in Las Vegas;nan;Jeff Melman;['Comedy', 'TV Movie', 'Romance'];English;2.9;90
Speedway Junky;nan;Nickolas Perry;['Crime', 'Romance', 'Drama'];English;3.2;104
She Fought Alone;nan;Christopher Leitch;['Thriller', 'TV Movie', 'Drama', 'Romance'];English;3.21;91
Pandemic;nan;Armand Mastroianni;['Drama'];English;nan;136
The Stranger Beside Me;nan;Sandor Stern;['TV Movie', 'Thriller'];English;3.13;92
Sweet Dreams;nan;Jack Bender;['Drama', 'Mystery', 'TV Movie'];English;nan;96
A Flash of Green;nan;Victor Nunez;['Drama'];English;3.47;121
A Kiss Before Dying;nan;James Dearden;['Crime', 'Thriller', 'Mystery'];English;2.84;95
A Night in Nude;nan;Takashi Ishii;['Thriller', 'Crime'];Japanese;3.61;110
A Perfect World;nan;Clint Eastwood;['Crime', 'Drama'];English;3.87;138
A Perfect Murder;nan;Andrew Davis;['Crime', 'Thriller', 'Drama'];English;3.19;107
A Prayer for the Dying;nan;Mike Hodges;['Action', 'Thriller', 'Crime', 'Drama'];English;3.02;107
A Rage in Harlem;nan;Bill Duke;['Crime', 'Comedy'];English;3.26;115
A Touch of Sin;nan;Jia Zhangke;['Drama', 'Action', 'Crime'];Chinese;3.88;131
Bad Blood;nan;Chuck Vincent;['Drama', 'Horror'];English;nan;104
Absence of Malice;nan;Sydney Pollack;['Drama', 'Romance'];English;3.34;116
Aaranya Kaandam;nan;Thiagarajan Kumararaja;['Comedy', 'Drama', 'Crime', 'Action'];Tamil;3.99;126
A Woman, a Gun and a Noodle Shop;nan;Zhang Yimou;['Comedy', 'Thriller', 'Drama'];Chinese;2.94;95
Accident;nan;Soi Cheang;['Thriller', 'Drama', 'Action'];Cantonese;3.53;89
After Dark, My Sweet;nan;James Foley;['Crime', 'Mystery', 'Drama'];English;3.46;114
Affliction;nan;Paul Schrader;['Mystery', 'Thriller', 'Drama', 'Crime'];English;3.66;114
Action Jackson;nan;Craig R. Baxley;['Comedy', 'Action'];English;3.03;96
Alois Nebel;nan;Tomáš Luňák;['Animation', 'Drama'];Czech;3.36;84
Alex Cross;nan;Rob Cohen;['Crime', 'Action', 'Thriller', 'Mystery'];English;2.12;101
Alpha City;nan;Eckhart Schmidt;['Drama', 'Crime', 'Romance'];German;nan;101
Amy Fisher: My Story;nan;Bradford May;['Drama'];English;nan;90
Amores Perros;nan;Alejandro González Iñárritu;['Thriller', 'Drama'];Spanish;4.16;154
Apology;nan;Robert Bierman;['TV Movie', 'Thriller', 'Horror'];English;nan;98
Apartment Zero;nan;Martin Donovan;['Drama', 'Thriller', 'Horror'];English;3.45;124
The Wedding Party;nan;Kemi Adetiba;['Comedy', 'Romance'];English;3.07;110
Post Tenebras Lux;nan;Carlos Reygadas;['Drama'];Spanish;3.66;115
Asako I & II;nan;Ryūsuke Hamaguchi;['Romance', 'Drama'];Japanese;3.81;119
No;nan;Pablo Larraín;['History', 'Drama'];Spanish;3.79;118
Blindspotting;nan;Carlos López Estrada;['Drama', 'Comedy', 'Crime'];English;4.09;95
The Hate U Give;nan;George Tillman Jr.;['Drama', 'Crime'];English;3.7;133
Hearts Beat Loud;nan;Brett Haley;['Family', 'Drama', 'Comedy', 'Music'];English;3.46;97
Leave No Trace;nan;Debra Granik;['Drama'];English;3.74;109
Wildlife;nan;Paul Dano;['Drama'];English;3.61;105
Shirkers;nan;Sandi Tan;['Documentary'];English;4.01;96
Polar;nan;Jonas Åkerlund;['Drama', 'Action', 'Crime'];English;2.56;118
Infinitely Polar Bear;nan;Maya Forbes;['Comedy', 'Drama'];English;3.47;87
Lovers of the Arctic Circle;nan;Julio Medem;['Mystery', 'Drama', 'Romance'];Spanish;3.82;112
The Polar Bear;nan;Granz Henman, Til Schweiger;['Action', 'Thriller'];German;3.27;90
The Chef of South Polar;nan;Shuichi Okita;['Comedy', 'Drama'];Japanese;3.69;125
Fyre Fraud;nan;Jenner Furst, Julia Willoughby Nason;['Documentary'];English;3.2;96
Fyre;nan;Chris Smith;['Documentary'];English;3.34;98
They Shall Not Grow Old;nan;Peter Jackson;['Documentary', 'History', 'War'];English;4.12;99
My Giant;nan;Michael Lehmann;['Drama', 'Family', 'Comedy'];English;2.48;103
The Ark;nan;Kenneth Glenaan;['TV Movie', 'Fantasy', 'Drama'];English;nan;88
The National Dystopian Games;nan;Silas Callaway;['Action', 'Comedy', 'Adventure'];English;nan;31
Mary and The Witch's Flower;nan;Hiromasa Yonebayashi;['Adventure', 'Animation', 'Family', 'Fantasy'];Japanese;3.39;103
Little Witch Academia;nan;Yoh Yoshinari;['Action', 'Fantasy', 'Comedy', 'Animation'];Japanese;3.76;26
A Silent Voice: The Movie;nan;Naoko Yamada;['Drama', 'Romance', 'Animation'];Japanese;4.18;129
Your Name.;nan;Makoto Shinkai;['Romance', 'Animation', 'Drama'];Japanese;4.22;106
The Deathmaker;nan;Romuald Karmakar;['Drama'];German;3.66;110
Horror High;nan;Larry N. Stouffer;['Science Fiction', 'Horror'];English;2.72;85
Return to Horror High;nan;Bill Froehlich;['Comedy', 'Horror'];English;2.47;94
Squirm;nan;Jeff Lieberman;['Horror'];English;2.81;92
Ulysse & Mona;nan;Sébastien Betbeder;['Drama'];French;nan;82
Top Dog;nan;Aaron Norris;['Adventure', 'Comedy', 'Thriller', 'Family', 'Action'];English;2.14;86
Black Mirror: Hang the DJ;nan;Tim Van Patten;['Science Fiction', 'TV Movie', 'Romance', 'Drama'];English;3.98;51
Animal Crackers;nan;Victor Heerman;['Music', 'Comedy'];English;3.66;97
10 to Midnight;nan;J. Lee Thompson;['Thriller', 'Crime', 'Drama'];English;3.24;102
High Flying Bird;nan;Steven Soderbergh;['Drama'];English;3.24;90
Aquaman;nan;James Wan;['Fantasy', 'Action', 'Adventure'];English;2.77;143
Can You Ever Forgive Me?;nan;Marielle Heller;['Drama', 'History', 'Crime', 'Comedy'];English;3.65;106
Glass;nan;M. Night Shyamalan;['Science Fiction', 'Drama', 'Thriller'];English;2.92;129
Loud Krazy Love;nan;Scott Mayo, Trey Hill;['Music', 'Documentary'];English;3.46;87
Christmas, Again;nan;Charles Poekel;['Romance', 'Drama'];English;3.64;80
American Guinea Pig: The Song of Solomon;nan;Stephen Biro;['Horror'];English;2.5;86
Of Fathers and Sons;nan;Talal Derki;['Documentary', 'War'];Arabic;3.75;99
Iverson;nan;Zatella Beatty;['Documentary'];English;3.46;87
Hunter Killer;nan;Donovan Marsh;['Action', 'Thriller', 'Adventure'];English;2.85;121
Spud;nan;Donovan Marsh;['Comedy', 'Drama'];English;3.25;103
iNumber Number;nan;Donovan Marsh;['Crime', 'Drama', 'Action'];English;nan;96
Spud 2: The Madness Continues;nan;Donovan Marsh;['Comedy', 'Drama'];English;3.21;91
Free Solo;nan;Jimmy Chin, Elizabeth Chai Vasarhelyi;['Adventure', 'Documentary'];English;4.05;100
Meru;nan;Jimmy Chin, Elizabeth Chai Vasarhelyi;['Adventure', 'Documentary'];English;3.82;89
Miracle on 34th Street;nan;George Seaton;['Comedy', 'Drama', 'Family'];English;3.8;96
The Country Girl;nan;George Seaton;['Drama'];English;3.48;104
Teacher's Pet;nan;George Seaton;['Romance', 'Comedy'];English;3.4;120
36 Hours;nan;George Seaton;['War', 'Thriller', 'Drama'];English;3.53;115
The Counterfeit Traitor;nan;George Seaton;['War', 'Drama', 'Thriller'];English;3.51;140
The Big Lift;nan;George Seaton;['Drama', 'War', 'Romance'];English;3.19;120
Apartment for Peggy;nan;George Seaton;['Comedy', 'Drama'];English;3.43;96
Showdown;nan;George Seaton;['Western'];English;3.26;98
The Pleasure of His Company;nan;George Seaton;['Comedy'];English;3.31;115
The Proud and Profane;nan;George Seaton;['Drama', 'Romance'];English;3.26;111
Brotherly Love;nan;Jamal Hill;['Drama'];English;2.99;89
The Lion King II: Simba's Pride;nan;Darrell Rooney;['Family', 'Action', 'Adventure', 'Animation'];English;3.1;81
Curious George 2: Follow That Monkey!;nan;Norton Virgien;['Animation', 'Family'];English;2.94;80
Splash, Too;nan;Greg Antonacci;['Romance', 'Family', 'TV Movie', 'Comedy'];English;2.73;87
Problem Child;nan;Dennis Dugan;['Comedy', 'Family'];English;2.7;81
Dracula: Dead and Loving It;nan;Mel Brooks;['Comedy', 'Horror'];English;2.83;88
The Odd Couple II;nan;Howard Deutch;['Comedy', 'Adventure'];English;2.95;97
Life Stinks;nan;Mel Brooks;['Comedy'];English;2.87;92
Robinson Crusoe on Mars;nan;Byron Haskin;['Adventure', 'Science Fiction'];English;3.14;110
Behind the Curve;nan;Daniel J. Clark;['Documentary'];English;3.32;96
An Elephant Sitting Still;nan;Hu Bo;['Drama'];Chinese;4.35;234
Murder-Rock: Dancing Death;nan;Lucio Fulci;['Mystery', 'Horror', 'Thriller'];Italian;3.0;93
Malone;nan;Harley Cokeliss;['Action', 'Thriller'];English;2.91;92
Woman at War;nan;Benedikt Erlingsson;['Thriller', 'Comedy', 'Drama'];Icelandic;3.83;101
Mad Love;nan;Karl Freund;['Romance', 'Horror'];English;3.63;68
Everybody’s Everything;nan;Ramez Silyan, Sebastian Jones;['Documentary'];English;3.77;116
FrightFest: Beneath the Dark Heart of Cinema;nan;Chris Collier;['Documentary'];English;nan;86
Batman Ninja;nan;Jumpei Mizusaki;['Animation', 'Action', 'Science Fiction'];Japanese;2.82;85
Argoman the Fantastic Superman;nan;Sergio Grieco;['Action', 'Adventure', 'Comedy', 'Science Fiction'];Italian;2.84;85
The War of the Robots;nan;Alfonso Brescia;['Science Fiction', 'Action'];Italian;2.61;99
Emanuelle in America;nan;Joe D'Amato;['Drama', 'Horror', 'Mystery'];Italian;3.08;100
Women in Cell Block 7;nan;Rino Di Silvestro;['Crime', 'Drama'];Italian;nan;100
Vulcan, Son of Giove;nan;Emimmo Salvi;['Fantasy', 'Drama', 'Action'];Italian;nan;76
The Spy Who Loved Flowers;nan;Umberto Lenzi;['Adventure', 'Action', 'Science Fiction'];Italian;nan;93
The Huns;nan;Sergio Grieco;['Action', 'Adventure'];Italian;nan;102
The Juniper Tree;nan;Nietzchka Keene;['Fantasy', 'Drama'];English;3.55;79
A Star Is Born;nan;Frank Pierson;['Music', 'Drama', 'Romance'];English;2.94;139
A Star Is Born;nan;George Cukor;['Romance', 'Music', 'Drama'];English;3.88;176
A Star Is Born;nan;William A. Wellman;['Romance', 'Drama'];English;3.62;111
Triple Frontier;nan;J.C. Chandor;['Action', 'Adventure', 'Thriller', 'Crime'];English;3.0;125
Sweet Sweetback's Baadasssss Song;nan;Melvin Van Peebles;['Crime', 'Thriller', 'Action', 'Drama'];English;3.3;97
Leaving Neverland;nan;Dan Reed;['Documentary'];English;3.46;236
Mary Queen of Scots;nan;Josie Rourke;['History', 'Drama'];English;3.07;124
Ip Man 3;nan;Wilson Yip;['Action', 'History', 'Drama'];Cantonese;3.22;105
Greta;nan;Neil Jordan;['Thriller', 'Drama', 'Horror', 'Mystery'];English;2.84;98
Styx;nan;Wolfgang Fischer;['Drama'];German;3.5;94
The Wedding Guest;nan;Michael Winterbottom;['Thriller'];English;2.83;96
Holmes & Watson;nan;Etan Cohen;['Crime', 'Mystery', 'Comedy'];English;1.6;90
Bumblebee;nan;Travis Knight;['Action', 'Science Fiction', 'Adventure'];English;3.17;113
Welcome to Marwen;nan;Robert Zemeckis;['Comedy', 'Drama'];English;2.82;116
Next Avengers: Heroes of Tomorrow;nan;Jay Oliva;['Adventure', 'Action', 'Family', 'Animation', 'Science Fiction'];English;3.02;78
Bombón El Perro;nan;Carlos Sorín;['Drama'];Spanish;3.64;99
Intimate Stories;nan;Carlos Sorín;['Drama', 'Comedy'];Spanish;3.77;92
Eversmile New Jersey;nan;Carlos Sorín;['Drama', 'Romance', 'Comedy'];English;3.0;91
The Cat Vanishes;nan;Carlos Sorín;['Drama', 'Thriller'];Spanish;3.32;90
The Window;nan;Carlos Sorín;['Drama'];Spanish;3.41;85
A King and His Movie;nan;Carlos Sorín;['Comedy', 'Drama'];Spanish;3.58;103
Gone Fishing;nan;Carlos Sorín;['Drama', 'Family'];Spanish;3.38;78
The Road to San Diego;nan;Carlos Sorín;['Comedy'];Spanish;3.47;95
Who Killed Captain Alex?;nan;Nabwana IGG;['Comedy', 'Drama', 'Action'];English;4.17;68
Bullhead;nan;Michaël R. Roskam;['Crime', 'Drama'];Dutch;3.72;129
Racer and the Jailbird;nan;Michaël R. Roskam;['Crime', 'Romance', 'Drama'];French;2.89;130
The One Thing to Do;nan;Michaël R. Roskam;nan;Dutch;nan;25
Downfall;nan;Oliver Hirschbiegel;['War', 'Drama', 'History'];German;4.11;155
The Experiment;nan;Oliver Hirschbiegel;['Drama', 'Thriller'];German;3.68;120
Diana;nan;Oliver Hirschbiegel;['Romance', 'Drama'];English;2.52;113
The Invasion;nan;Oliver Hirschbiegel;['Thriller', 'Science Fiction', 'Mystery', 'Horror'];English;2.69;99
13 Minutes;nan;Oliver Hirschbiegel;['Drama', 'History'];German;3.37;114
Five Minutes of Heaven;nan;Oliver Hirschbiegel;['Thriller', 'Drama', 'Crime'];English;3.3;89
The Same Sky;nan;Oliver Hirschbiegel;['Drama'];German;3.46;273
I Killed My Mother;nan;Xavier Dolan;['Drama'];French;3.84;96
It's Only the End of the World;nan;Xavier Dolan;['Drama'];French;3.54;99
Laurence Anyways;nan;Xavier Dolan;['Romance', 'Drama'];French;4.03;168
Heartbeats;nan;Xavier Dolan;['Romance', 'Drama'];French;3.56;97
Tom at the Farm;nan;Xavier Dolan;['Thriller', 'Drama', 'Mystery'];French;3.57;105
The Death & Life of John F. Donovan;nan;Xavier Dolan;['Drama'];English;3.13;123
Testament of Youth;nan;James Kent;['Drama', 'War', 'History'];English;3.58;129
Zog;nan;Max Lang, Daniel Snaddon;['Animation', 'Family', 'Adventure'];English;3.29;27
Gunpowder;nan;J Blakeson;['Drama'];English;3.08;177
Spooks: The Greater Good;nan;Bharat Nalluri;['Action', 'Thriller'];English;2.79;104
Brimstone;nan;Martin Koolhoven;['Thriller', 'Western'];English;3.36;148
7 Days in Hell;nan;Jake Szymanski;['Comedy', 'TV Movie'];English;3.53;43
Green Lantern: Emerald Knights;nan;Jay Oliva, Lauren Montgomery;['Action', 'Science Fiction', 'Drama', 'Adventure', 'Animation'];English;3.08;84
The Invincible Iron Man;nan;Frank Paur, Jay Oliva;['Science Fiction', 'Fantasy', 'Animation', 'Action', 'Adventure'];English;2.7;83
Batman vs. Robin;nan;Jay Oliva;['Thriller', 'Fantasy', 'Drama', 'Crime', 'Science Fiction', 'Action', 'Adventure', 'Animation'];English;3.22;72
Batman: Bad Blood;nan;Jay Oliva;['Adventure', 'Animation', 'Science Fiction', 'Action'];English;3.05;72
Justice League Dark;nan;Jay Oliva;['Animation', 'Fantasy', 'Horror', 'Adventure', 'Science Fiction', 'Action'];English;3.25;75
Batman: The Dark Knight Returns, Part 1;nan;Jay Oliva;['Animation', 'Mystery', 'Science Fiction', 'Action'];English;3.83;76
Batman: Assault on Arkham;nan;Ethan Spaulding, Jay Oliva;['Crime', 'Action', 'Animation', 'Thriller'];English;3.37;76
The Wind in the Willows;nan;Terry Jones;['Comedy', 'Family', 'Fantasy', 'Adventure'];English;3.2;88
Dying Laughing;nan;Lloyd Stanton, Paul Toogood;['Documentary'];English;3.39;89
Room on the Broom;nan;Max Lang, Jan Lachauer;['Family', 'Animation'];English;3.49;25
The Gruffalo;nan;Max Lang, Jakob Schuh;['Family', 'Animation'];English;3.5;27
Albert;nan;Max Lang;['Family', 'Animation'];English;2.93;42
Dr. Horrible's Sing-Along Blog;nan;Joss Whedon;['Comedy', 'Drama'];English;3.8;42
Much Ado About Nothing;nan;Joss Whedon;['Comedy'];English;3.42;107
Waitress;nan;Adrienne Shelly;['Comedy', 'Drama', 'Romance'];English;3.65;105
Monsters University;nan;Dan Scanlon;['Animation', 'Family'];English;3.44;104
Cars 3;nan;Brian Fee;['Animation', 'Comedy', 'Family', 'Adventure'];English;3.03;102
Trucker;nan;James Mottern;['Drama'];English;3.27;90
The Death of Superman;nan;Jake Castorena, Sam Liu;['Drama', 'Animation', 'Science Fiction', 'Action', 'Fantasy'];English;3.46;81
Justice League: Doom;nan;Lauren Montgomery;['Animation', 'Action', 'Fantasy', 'Science Fiction'];English;3.48;77
Party Central;nan;Kelsey Mann;['Family', 'Comedy', 'Animation'];English;3.31;6
Robot Chicken: DC Comics Special;nan;Seth Green;['Science Fiction', 'Comedy', 'Animation'];English;3.55;22
Highway of Tears;nan;Matthew Smiley;['Documentary'];English;nan;76
Being Canadian;nan;Robert Cohen;['Comedy', 'Documentary'];English;3.14;89
White Noise 2: The Light;nan;Patrick Lussier;['Thriller', 'Fantasy', 'Horror'];English;2.45;99
Robot Chicken DC Comics Special III: Magical Friendship;nan;Tom Sheppard, Zeb Wells;['Animation', 'Comedy'];English;3.42;23
Henchmen;nan;Adam Wood;['Comedy', 'Animation', 'Adventure'];English;2.93;89
Who Finds a Friend Finds a Treasure;nan;Sergio Corbucci;['Adventure', 'Comedy', 'Action'];Italian;3.39;102
Odds and Evens;nan;Sergio Corbucci;['Crime', 'Action', 'Comedy'];Italian;3.42;115
The Hellbenders;nan;Sergio Corbucci;['Western'];Italian;3.47;90
Minnesota Clay;nan;Sergio Corbucci;['Western'];Italian;3.21;93
The Specialists;nan;Sergio Corbucci;['Western'];Italian;3.43;104
Navajo Joe;nan;Sergio Corbucci;['Western'];Italian;3.33;93
What Am I Doing in the Middle of the Revolution?;nan;Sergio Corbucci;['Adventure', 'Comedy', 'Western'];Italian;nan;103
Massacre At Grand Canyon;nan;Sergio Corbucci;['Western'];Italian;3.02;89
Mr. Robinson;nan;Sergio Corbucci;['Adventure', 'Comedy'];Italian;3.17;107
The Con Artists;nan;Sergio Corbucci;['Crime', 'Comedy'];Italian;3.5;105
Ringo and His Golden Pistol;nan;Sergio Corbucci;['Western'];Italian;3.17;87
Sonny and Jed;nan;Sergio Corbucci;['Comedy', 'Western'];Italian;3.36;94
Atrocious Tales of Love and Death;nan;Sergio Corbucci;['Comedy', 'Thriller'];Italian;3.26;115
Duel of the Titans;nan;Sergio Corbucci;['Adventure'];Italian;3.18;108
Sing Sing;nan;Sergio Corbucci;['Comedy'];Italian;3.08;110
The Two Marshals;nan;Sergio Corbucci;['Comedy'];Italian;3.5;90
Death on the Run;nan;Sergio Corbucci;['Action', 'Crime', 'Mystery'];Italian;3.21;92
The Man Who Laughs;nan;Sergio Corbucci;['Drama'];Italian;nan;88
Here We for Example...;nan;Sergio Corbucci;['Comedy'];Italian;3.11;109
Rimini Rimini;nan;Sergio Corbucci;['Comedy'];Italian;2.88;114
Robot Chicken: Star Wars;nan;Seth Green;['TV Movie', 'Action', 'Adventure', 'Animation', 'Fantasy', 'Comedy', 'Science Fiction'];English;3.63;23
Robot Chicken: Star Wars Episode II;nan;Seth Green;['Fantasy', 'Adventure', 'Animation', 'TV Movie', 'Action', 'Comedy', 'Science Fiction'];English;3.63;23
Giuseppe Makes a Movie;nan;Adam Rifkin;['Documentary'];English;3.86;82
Take Me;nan;Pat Healy;['Crime', 'Comedy'];English;3.04;83
Small Crimes;nan;E.L. Katz;['Crime', 'Drama', 'Comedy', 'Thriller'];English;2.86;95
One Cut of the Dead;nan;Shinichiro Ueda;['Comedy', 'Horror', 'Drama'];Japanese;4.06;96
Glass: The Perfect American;nan;János Darvas, Phelim McDermott;['Music'];English;nan;120
The Funhouse;nan;Tobe Hooper;['Horror'];English;3.06;96
Spontaneous Combustion;nan;Tobe Hooper;['Science Fiction', 'Horror'];English;3.11;97
Crocodile;nan;Tobe Hooper;['Horror'];English;2.17;94
Eggshells;nan;Tobe Hooper;['Fantasy', 'Drama', 'Horror'];English;3.3;89
Night Terrors;nan;Tobe Hooper;['Horror'];English;2.43;94
I'm Dangerous Tonight;nan;Tobe Hooper;['Thriller', 'Horror', 'TV Movie'];English;2.87;88
The Burglar;nan;Paul Wendkos;['Crime', 'Thriller', 'Drama'];English;3.29;90
Gidget;nan;Paul Wendkos;['Comedy', 'Romance'];English;3.22;95
The Mephisto Waltz;nan;Paul Wendkos;['Horror'];English;3.16;115
The Legend of Lizzie Borden;nan;Paul Wendkos;['TV Movie', 'Crime', 'Drama'];English;3.27;96
Gidget Goes Hawaiian;nan;Paul Wendkos;['Comedy', 'Romance', 'Music'];English;3.16;101
Good Against Evil;nan;Paul Wendkos;['Horror', 'TV Movie'];English;2.82;84
Special Delivery;nan;Paul Wendkos;['Comedy', 'Crime', 'Action'];English;3.29;99
Gidget Goes to Rome;nan;Paul Wendkos;['Comedy', 'Romance'];English;3.05;104
Angel Baby;nan;Paul Wendkos, Hubert Cornfield;['Drama'];English;nan;98
How High 2;nan;Bruce Leddy;['Comedy', 'TV Movie'];English;2.27;89
At the End of the Day;nan;Kevin O'Brien;['Drama', 'Comedy'];English;2.97;108
Life of the Party;nan;Ben Falcone;['Comedy'];English;2.57;105
The Dark Power;nan;Phil Smoot;['Fantasy', 'Comedy', 'Horror'];English;2.55;81
Alien Outlaw;nan;Phil Smoot;['Horror', 'Western', 'Comedy', 'Science Fiction', 'Mystery'];English;2.63;90
Pucked;nan;Arthur Hiller;['Comedy'];English;2.77;83
A-Haunting We Will Go;nan;Alfred L. Werker;['Comedy', 'Adventure'];English;3.24;68
He Walked by Night;nan;Alfred L. Werker;['Crime', 'Thriller', 'Drama'];English;3.44;79
Shock;nan;Alfred L. Werker;['Drama', 'Thriller'];English;3.06;70
Sealed Cargo;nan;Alfred L. Werker;['Drama', 'War'];English;nan;90
Lost Boundaries;nan;Alfred L. Werker;['Drama'];English;3.31;99
Hello, Sister!;nan;Erich von Stroheim, Raoul Walsh;['Romance', 'Drama'];English;3.41;62
Three Hours to Kill;nan;Alfred L. Werker;['Western', 'Mystery'];English;3.28;77
Walk East on Beacon;nan;Alfred L. Werker;['Drama'];English;2.89;98
Aachi and Ssipak;nan;Jo Beom-jin;['Comedy', 'Animation', 'Action'];Korean;3.3;90
All the Colors of the Dark;nan;Sergio Martino;['Horror', 'Thriller', 'Mystery'];Italian;3.53;94
The Case of the Scorpion's Tail;nan;Sergio Martino;['Mystery', 'Thriller'];Italian;3.42;96
Slave of the Cannibal God;nan;Sergio Martino;['Adventure', 'Horror'];Italian;2.73;102
The Suspicious Death of a Minor;nan;Sergio Martino;['Thriller', 'Crime', 'Comedy'];Italian;3.39;100
A Man Called Blade;nan;Sergio Martino;['Western'];Italian;3.34;96
The Violent Professionals;nan;Sergio Martino;['Thriller', 'Crime'];Italian;3.33;104
American Rickshaw;nan;Sergio Martino;['Action', 'Horror', 'Thriller'];English;2.96;96
Gambling City;nan;Sergio Martino;['Action', 'Thriller', 'Drama', 'Crime'];Italian;3.35;101
Giovannona Long-Thigh;nan;Sergio Martino;['Comedy'];Italian;3.05;94
Silent Action;nan;Sergio Martino;['Crime', 'Drama', 'Action'];Italian;3.37;98
L'allenatore nel pallone;nan;Sergio Martino;['Comedy'];Italian;3.22;98
Sex with a Smile;nan;Sergio Martino;['Comedy'];Italian;nan;100
Arizona Colt Returns;nan;Sergio Martino;['Western'];Italian;nan;90
The Smile of the Fox;nan;Sergio Martino;['Thriller'];Italian;2.89;86
High School Girl;nan;Sergio Martino;['Drama', 'Comedy'];Italian;nan;90
The Fishmen and Their Queen;nan;Sergio Martino;['Horror', 'Science Fiction', 'TV Movie', 'Adventure'];Italian;nan;94
Casablanca Express;nan;Sergio Martino;['Action', 'Drama', 'War'];English;nan;90
A Is for Acid;nan;Harry Bradbeer;['TV Movie', 'Crime', 'Drama'];English;3.3;99
Abar, the First Black Superman;nan;Frank Packard;['Action'];English;2.96;102
The Spectre of Edgar Allan Poe;nan;Mohy Quandour;['Horror', 'Drama'];English;nan;89
Grizzly;nan;William Girdler;['Horror', 'Adventure', 'Thriller'];English;2.72;91
The Manitou;nan;William Girdler;['Horror', 'Science Fiction'];English;3.03;104
Sheba, Baby;nan;William Girdler;['Action', 'Drama', 'Thriller'];English;3.02;90
Three on a Meathook;nan;William Girdler;['Horror'];English;2.74;77
The Zebra Killer;nan;William Girdler;['Action', 'Crime'];English;nan;92
Project: Kill;nan;William Girdler;['Action', 'Drama'];English;2.86;90
Abashiri Prison;nan;Teruo Ishii;['Crime', 'Thriller', 'Drama'];Japanese;3.53;92
Female Yakuza Tale;nan;Teruo Ishii;['Crime', 'Thriller', 'Action', 'Drama'];Japanese;3.36;86
Horrors of Malformed Men;nan;Teruo Ishii;['Mystery', 'Horror'];Japanese;3.47;99
Bohachi Bushido: Code of the Forgotten Eight;nan;Teruo Ishii;['Action'];Japanese;3.56;81
Blind Woman's Curse;nan;Teruo Ishii;['Crime', 'Action', 'Horror', 'Drama'];Japanese;3.45;85
Orgies of Edo;nan;Teruo Ishii;['Drama', 'Thriller', 'Horror'];Japanese;3.22;89
The Executioner;nan;Teruo Ishii;['Action'];Japanese;3.35;87
Inferno of Torture;nan;Teruo Ishii;['Horror', 'Drama'];Japanese;3.18;95
Shogun's Joy of Torture;nan;Teruo Ishii;['Horror', 'Drama'];Japanese;3.28;96
Love and Crime;nan;Teruo Ishii;['Drama', 'Horror', 'Thriller', 'Crime'];Japanese;3.34;92
Japanese Hell;nan;Teruo Ishii;['Horror'];Japanese;3.17;102
Screwed;nan;Teruo Ishii;['Thriller', 'Drama'];Japanese;3.34;87
Yakuza Law;nan;Teruo Ishii;['Crime', 'Action', 'Drama'];Japanese;3.24;96
Blind Beast vs Killer Dwarf;nan;Teruo Ishii;['Horror'];Japanese;nan;95
Black Line;nan;Teruo Ishii;['Crime'];Japanese;nan;80
The Executioner II: Karate Inferno;nan;Teruo Ishii;['Comedy', 'Action', 'Crime'];Japanese;2.99;86
The Red Silk Gambler;nan;Teruo Ishii;['Action', 'Crime'];Japanese;nan;86
The Perfect Date;nan;Chris Nelson;['Romance', 'Comedy'];English;1.73;93
Checkered Ninja;nan;Thorbjørn Christoffersen, Anders Matthesen;['Comedy', 'Animation', 'Fantasy', 'Adventure'];Danish;3.16;83
Okko's Inn;nan;Kitaro Kosaka;['Fantasy', 'Adventure', 'Drama', 'Family', 'Animation', 'Comedy'];Japanese;3.52;94
The Standoff at Sparrow Creek;nan;Henry Dunham;['Thriller', 'Crime', 'Drama'];English;3.43;88
HOMECOMING: A film by Beyoncé;nan;Beyoncé;['Music', 'Documentary'];English;4.35;137
Intolerance: Love's Struggle Throughout the Ages;nan;D.W. Griffith;['Drama', 'History'];No spoken language;3.69;197
The Blue Angel;nan;Josef von Sternberg;['Drama'];German;3.81;108
My Name Is Julia Ross;nan;Joseph H. Lewis;['Thriller', 'Mystery'];English;3.51;65
Madman;nan;Joe Giannone;['Horror', 'Thriller'];English;2.64;89
Buffet Froid;nan;Bertrand Blier;['Crime', 'Comedy'];French;3.67;92
Get Out Your Handkerchiefs;nan;Bertrand Blier;['Drama', 'Comedy', 'Romance'];French;3.5;108
Beau Pere;nan;Bertrand Blier;['Romance', 'Drama'];French;3.37;123
Femmes Fatales;nan;Bertrand Blier;['Comedy'];French;3.43;81
Too Beautiful for You;nan;Bertrand Blier;['Drama', 'Romance', 'Comedy'];French;3.46;91
How Much Do You Love Me?;nan;Bertrand Blier;['Drama', 'Comedy'];French;2.75;95
Josie;nan;Eric England;['Thriller', 'Drama'];English;2.35;87
Nightmare Beach;nan;James Justice, Umberto Lenzi;['Horror', 'Thriller'];English;2.89;90
Extremely Wicked, Shockingly Evil and Vile;nan;Joe Berlinger;['Crime', 'Drama'];English;3.07;111
The House on Sorority Row;nan;Mark Rosman;['Thriller', 'Horror', 'Mystery'];English;3.06;91
The Force;nan;Mark Rosman;['Thriller', 'Horror', 'Action'];English;nan;94
Conversations with a Killer: The Ted Bundy Tapes;nan;Joe Berlinger;['Documentary', 'Crime'];English;3.71;236
Metallica: Some Kind of Monster;nan;Joe Berlinger, Bruce Sinofsky;['Music', 'Documentary'];English;3.72;141
What We Left Behind: Looking Back at Star Trek: Deep Space Nine;nan;David Zappone, Ira Steven Behr;['Documentary'];English;3.82;116
Naked Vengeance;nan;Cirio H. Santiago;['Crime', 'Action', 'Drama'];English;3.18;97
Death Force;nan;Cirio H. Santiago;['Action'];English;3.09;110
TNT Jackson;nan;Cirio H. Santiago;['Action', 'Thriller'];English;2.75;72
The Muthers;nan;Cirio H. Santiago;['Drama', 'Action'];English;2.77;83
Wheels of Fire;nan;Cirio H. Santiago;['Adventure', 'Science Fiction', 'Action'];English;2.83;81
Vampire Hookers;nan;Cirio H. Santiago;['Horror', 'Comedy'];English;2.29;82
Firecracker;nan;Cirio H. Santiago;['Action', 'Thriller'];English;2.97;77
Stryker;nan;Cirio H. Santiago;['Action', 'Science Fiction'];English;2.85;86
Equalizer 2000;nan;Cirio H. Santiago;['Action', 'Science Fiction'];English;2.7;85
Future Hunters;nan;Cirio H. Santiago;['Adventure', 'Action', 'Science Fiction'];English;3.0;96
Silk;nan;Cirio H. Santiago;['Drama', 'Crime', 'Action'];English;2.72;84
Angelfist;nan;Cirio H. Santiago;['Thriller', 'Action'];English;2.98;80
Dune Warriors;nan;Cirio H. Santiago;['Action', 'Science Fiction'];English;2.88;80
Fly Me;nan;Cirio H. Santiago;['Action', 'Drama'];English;2.99;72
Nam Angels;nan;Cirio H. Santiago;['Action', 'War', 'Adventure'];English;3.13;91
Cover Girl Models;nan;Cirio H. Santiago;['Action', 'Drama'];English;2.93;98
The Devastator;nan;Cirio H. Santiago;['Action'];English;3.11;79
Savage!;nan;Cirio H. Santiago;['Action', 'Adventure'];English;3.15;81
Silk 2;nan;Cirio H. Santiago;['Thriller', 'Action'];English;2.98;85
Raiders of the Sun;nan;Cirio H. Santiago;['Science Fiction', 'Adventure', 'Action'];English;2.95;80
Final Mission;nan;Cirio H. Santiago;['Action', 'Thriller', 'Crime'];English;nan;101
Eye of the Eagle;nan;Cirio H. Santiago;['Action', 'Thriller'];English;nan;84
Stranglehold;nan;Cirio H. Santiago;['Action'];English;nan;73
Kill Zone;nan;Cirio H. Santiago;['Action', 'War', 'Thriller'];English;nan;81
Killer Instinct;nan;Cirio H. Santiago;['Drama', 'War'];English;nan;88
Caged Heat II: Stripped of Freedom;nan;Cirio H. Santiago;['Drama', 'Action', 'Thriller'];English;nan;72
The Expendables;nan;Cirio H. Santiago;['Action'];English;nan;89
Vulcan;nan;Cirio H. Santiago;['Fantasy', 'Family'];Tagalog;nan;82
Field of Fire;nan;Cirio H. Santiago;['Action', 'Adventure', 'War'];English;nan;96
Bloodfist 2050;nan;Cirio H. Santiago;['Action'];English;nan;78
Beyond the Call of Duty;nan;Cirio H. Santiago;['Action'];English;nan;92
One Man Army;nan;Cirio H. Santiago;['Action', 'Crime'];English;nan;79
Live by the Fist;nan;Cirio H. Santiago;['Action'];English;nan;77
Hell Hole;nan;Cirio H. Santiago;['Action'];English;nan;82
Water Wars;nan;Cirio H. Santiago, Jim Wynorski;['Action', 'Science Fiction'];English;nan;78
Aladdin and the Adventure of All Time;nan;Cirio H. Santiago;['Animation'];English;nan;81
Firehawk;nan;Cirio H. Santiago;['Adventure', 'Action', 'War'];English;nan;92
Fast Gun;nan;Cirio H. Santiago;['Thriller', 'Action', 'Crime'];English;nan;82
Operation Balikatan;nan;Cirio H. Santiago;['Action', 'Thriller'];English;nan;88
Dunderklumpen!;nan;Per Åhlin;['Family', 'Animation', 'Adventure', 'Music', 'Fantasy'];Swedish;3.54;97
South Seas;nan;Pablo Santiago;['Action'];English;nan;81
Gay Purr-ee;nan;Abe Levitow;['Animation', 'Family', 'Music', 'Romance'];English;3.23;85
Mr. Bug Goes to Town;nan;Dave Fleischer;['Comedy', 'Family', 'Animation'];English;3.32;78
Hey There, It's Yogi Bear!;nan;Joseph Barbera, William Hanna;['Animation', 'Family', 'Adventure', 'Comedy'];English;3.26;89
The Man from Button Willow;nan;David Detiege;['Animation', 'Western'];English;nan;81
The Man Called Flintstone;nan;William Hanna, Joseph Barbera;['Romance', 'Music', 'Animation', 'Family', 'Mystery', 'Comedy', 'Adventure'];English;3.17;89
1001 Arabian Nights;nan;Jack Kinney;['Animation', 'Comedy', 'Fantasy'];English;nan;75
The Rose Of Baghdad;nan;Anton Gino Domenighini;['Animation'];Italian;3.33;76
Shinbone Alley;nan;John Wilson;['Romance', 'Comedy', 'Family', 'Music', 'Animation'];English;3.21;85
Journey Back to Oz;nan;Hal Sutherland;['Animation', 'Family', 'Fantasy'];English;2.96;88
Hugo the Hippo;nan;Bill Feigenbaum;['Adventure', 'Family', 'Animation'];English;3.42;91
Heidi's Song;nan;Robert Taylor;['Animation', 'Family'];English;nan;94
The Water Babies;nan;Lionel Jeffries;['Music', 'Animation', 'Adventure', 'Family', 'Fantasy'];English;3.13;92
Raggedy Ann & Andy: A Musical Adventure;nan;Richard Williams;['Fantasy', 'Music', 'Comedy', 'Adventure', 'Family', 'Animation'];English;3.72;85
Gallavants;nan;Art Vitello;['Family', 'Animation'];English;nan;100
The Care Bears Movie;nan;Arna Selznick;['Adventure', 'Fantasy', 'Family', 'Animation', 'Comedy'];English;3.02;76
The Elm Chanted Forest;nan;Milan Blažeković;['Fantasy', 'Animation'];Serbo-Croatian;3.53;83
My Little Pony: The Movie;nan;Mike Joens;['Family', 'Animation'];English;3.12;86
The Chipmunk Adventure;nan;Janice Karman;['Comedy', 'Music', 'Family', 'Animation', 'Adventure'];English;3.34;77
Pinocchio and the Emperor of the Night;nan;Hal Sutherland;['Animation', 'Family', 'Adventure'];English;3.13;83
Babar: The Movie;nan;Alan Bunce;['Animation', 'Fantasy', 'Family', 'Adventure'];English;3.34;70
The BFG;nan;Brian Cosgrove;['Fantasy', 'Family', 'Animation'];English;3.27;87
Happily Ever After;nan;John Howley;['Family', 'Animation'];English;2.77;75
The Nutcracker Prince;nan;Paul Schibli;['Family', 'Animation'];English;3.26;75
The Magic Riddle;nan;Yoram Gross;['Animation'];English;nan;93
Hugo, the Jungle Creature;nan;Flemming Quist Møller, Stefan Fjeldmark;['Animation', 'Family'];Danish;3.24;73
The Princess and the Goblin;nan;József Gémes;['Fantasy', 'Adventure', 'Family', 'Animation'];English;3.17;82
Freddie as F.R.O.7.;nan;Jon Acevski;['Adventure', 'Science Fiction', 'Fantasy', 'Animation', 'Family'];English;2.81;91
Blinky Bill;nan;Yoram Gross;['Animation', 'Family'];English;3.33;93
The Land Before Time II: The Great Valley Adventure;nan;Roy Allen Smith;['Family', 'Adventure', 'Animation'];English;3.12;73
Thumbelina;nan;Don Bluth, Gary Goldman;['Fantasy', 'Music', 'Animation', 'Family', 'Romance'];English;3.09;86
The Swan Princess;nan;Richard Rich;['Animation', 'Family', 'Adventure', 'Comedy', 'Fantasy'];English;3.2;89
The Hunchback of Notre Dame;nan;Takashi Masunaga, Toshiyuki Hiruma;['Drama', 'Adventure', 'Animation'];German;nan;49
Hercules;nan;Toshiyuki Hiruma, Takashi Masunaga;['Family', 'Adventure', 'Animation'];English;3.25;50
The Secret of the Hunchback;nan;Ken C. Johnson, Mike Joens;['Animation', 'Family'];English;3.01;50
Pippi Longstocking;nan;Michael Schaack, Clive A. Smith;['Family', 'Adventure', 'Comedy', 'Animation'];English;3.04;76
Cats Don't Dance;nan;Mark Dindal;['Animation', 'Family', 'Music', 'Comedy'];English;3.56;74
The Snow Queen;nan;Martin Gates;['Family', 'Animation'];English;3.15;75
The Mighty Kong;nan;Art Scott;['Family', 'Animation', 'Adventure'];English;2.38;71
Young Pocahontas;nan;Bill Schwartz;['Animation'];English;nan;nan
Quest for Camelot;nan;Frederik Du Chau;['Romance', 'Drama', 'Fantasy', 'Family', 'Animation'];English;3.15;86
Tarzan of the Apes;nan;Diane Eskenazi;['Adventure', 'Animation', 'Family'];English;nan;48
The King and I;nan;Richard Rich;['Animation', 'Music', 'Romance', 'Family'];English;2.51;87
The Legend of the Titanic;nan;Orlando Corradi, Kim Jun Ok;['Family', 'Animation'];Italian;1.54;84
Animaniacs: Wakko's Wish;nan;Liz Holzman, Rusty Mills;['Fantasy', 'Comedy', 'Adventure', 'Drama', 'Family', 'Animation', 'Music'];English;3.48;80
The Scarecrow;nan;Brian Nissen, Richard Rich;['Animation'];English;3.16;81
The Magic Pudding;nan;Karl Zwicky;['Family', 'Music', 'Animation'];English;3.11;80
The Tangerine Bear: Home in Time for Christmas!;nan;Bert Ring;['Family', 'Animation'];English;3.63;61
Tom Sawyer;nan;Paul Sabella, Phil Mendez;['Animation', 'Adventure', 'Family'];English;3.19;89
Aida of the Trees;nan;Guido Manuli;['Animation', 'Fantasy'];Italian;3.31;75
The Princess and the Pea;nan;Mark Swan;['Animation', 'Family', 'Fantasy'];English;3.24;88
Eight Crazy Nights;nan;Seth Kearsley;['Animation', 'Comedy'];English;2.36;76
The Trumpet of the Swan;nan;Richard Rich, Terry L. Noss;['Family', 'Animation'];English;2.89;75
Clifford's Really Big Movie;nan;Robert C. Ramirez;['Comedy', 'Animation', 'Adventure', 'Family'];English;2.89;74
Jack Frost 2: The Revenge of the Mutant Killer Snowman;nan;Michael Cooney;['Comedy', 'Horror', 'Fantasy'];English;2.07;91
Jack Frost;nan;Michael Cooney;['Fantasy', 'Comedy', 'Horror'];English;2.39;89
6 Souls;nan;Måns Mårlind, Björn Stein;['Mystery', 'Thriller', 'Horror'];English;2.63;112
The I Inside;nan;Roland Suso Richter;['Drama', 'Science Fiction', 'Thriller', 'Mystery'];English;2.87;90
Ryan's Babe;nan;Ray Ramayya;['Adventure'];English;2.87;90
Thomas and the Magic Railroad;nan;Britt Allcroft;['Adventure', 'Fantasy', 'Family'];English;2.72;85
Ready to Rumble;nan;Brian Robbins;['Comedy', 'Action'];English;2.59;107
Varsity Blues;nan;Brian Robbins;['Comedy', 'Drama', 'Romance'];English;3.07;106
The Perfect Score;nan;Brian Robbins;['Comedy', 'Crime'];English;2.71;93
Big Fat Liar;nan;Shawn Levy;['Comedy', 'Adventure', 'Family'];English;2.89;88
Deuces Wild;nan;Scott Kalvert;['Drama', 'Crime', 'Action'];English;2.56;96
Agent Cody Banks;nan;Harald Zwart;['Family', 'Comedy', 'Action', 'Adventure'];English;2.5;102
Stay Alive;nan;William Brent Bell;['Fantasy', 'Horror', 'Science Fiction', 'Mystery', 'Thriller'];English;2.36;86
On My Skin;nan;Alessio Cremonini;['Drama'];Italian;3.73;100
The Perfection;nan;Richard Shepard;['Horror', 'Drama', 'Thriller'];English;2.88;90
The Boy Who Harnessed the Wind;nan;Chiwetel Ejiofor;['History', 'Drama'];English;3.67;113
Hotel Mumbai;nan;Anthony Maras;['Thriller', 'Action', 'Drama', 'History'];English;3.68;123
The Night Comes for Us;nan;Timo Tjahjanto;['Action', 'Thriller', 'Crime'];Indonesian;3.6;121
Goyo: The Boy General;nan;Jerrold Tarog;['History'];Tagalog;3.43;155
Mirage;nan;Oriol Paulo;['Drama', 'Mystery', 'Thriller', 'Fantasy'];Spanish;3.46;129
The Burial of Kojo;nan;Blitz Bazawule;['Drama', 'Fantasy', 'Thriller'];Akan;3.49;80
The Man from Yesterday;nan;Berthold Viertel;['Drama', 'Romance', 'War'];English;nan;71
The Passing of the Third Floor Back;nan;Berthold Viertel;['Fantasy', 'Romance', 'Drama'];English;3.51;90
The Wiser Sex;nan;Berthold Viertel;['Drama', 'Comedy'];English;nan;76
City Girl;nan;F. W. Murnau;['Romance', 'Drama'];English;3.96;88
4 Devils;nan;F. W. Murnau;['Drama', 'Action'];English;nan;100
Superman: Doomsday;nan;Lauren Montgomery, Bruce Timm;['Animation', 'Science Fiction', 'Action'];English;3.15;75
Doomsday Book;nan;Yim Pil-sung, Kim Jee-woon;['Fantasy', 'Drama', 'Science Fiction'];Korean;3.04;113
Doomsdays;nan;Eddie Mullins;nan;English;3.42;91
Doomsday Machine;nan;Harry Hope, Lee Sholem;['Science Fiction'];English;2.34;83
MacGyver: Trail to Doomsday;nan;Charles Correll;['Action', 'Adventure', 'TV Movie'];English;3.31;93
2012 Doomsday;nan;Nick Everhart;['Thriller', 'Science Fiction', 'Fantasy', 'Horror', 'Adventure', 'Action'];English;1.96;86
Danny's Doomsday;nan;Martin Barnewitz;['Family', 'Science Fiction', 'Adventure'];Danish;3.08;88
I'm Dreaming of a White Doomsday;nan;Mike Lombardo;['Horror', 'Drama'];English;2.91;71
300;nan;Zack Snyder;['Action', 'War', 'Adventure'];English;3.38;116
The President's Analyst;nan;Theodore J. Flicker;['Comedy', 'Science Fiction', 'Thriller'];English;3.49;103
Analyze That;nan;Harold Ramis;['Crime', 'Comedy'];English;2.8;96
City Island;nan;Raymond De Felitta;['Drama', 'Comedy'];English;3.44;104
Lost and Delirious;nan;Léa Pool;['Drama', 'Romance'];English;3.04;103
The Milk of Sorrow;nan;Claudia Llosa;['Drama'];Spanish;3.68;94
Scared Shrekless;nan;Gary Trousdale;['Family', 'Animation', 'Comedy'];English;3.22;21
The Crimson Permanent Assurance;nan;Terry Gilliam;['Adventure', 'Fantasy', 'Comedy'];English;3.85;16
Assault on Precinct 13;nan;Jean-François Richet;['Adventure', 'Crime', 'Drama', 'Thriller', 'Action'];English;2.91;109
Assault on Wall Street;nan;Uwe Boll;['Action', 'Thriller', 'Drama'];English;2.53;99
Rome, Armed to the Teeth;nan;Umberto Lenzi;['Crime', 'Action'];Italian;3.44;94
The Assault;nan;Julien Leclercq;['Action', 'Thriller', 'Drama'];French;3.04;88
Big Top Pee-wee;nan;Randal Kleiser;['Comedy', 'Family'];English;2.74;86
Big Top Scooby-Doo!;nan;Heather A. Maxwell;['Animation', 'Family', 'Comedy', 'Mystery'];English;3.14;81
Big Top Bunny;nan;Robert McKimson;['Family', 'Comedy', 'Animation'];English;3.39;7
Die Artisten in der Zirkuskuppel: Ratlos;nan;Alexander Kluge;['Drama'];German;3.45;103
The Black Hole;nan;Philip Sansom, Olly Williams;['Mystery'];English;3.32;3
The Black House;nan;Yoshimitsu Morita;['Horror'];Japanese;3.39;118
The Black Hole;nan;Tibor Takács;['Science Fiction', 'Thriller', 'TV Movie'];English;2.64;90
The Black Hole;nan;Mark Steven Grove;['Science Fiction', 'Thriller'];English;nan;111
The Blues Brothers;nan;John Landis;['Comedy', 'Action', 'Crime', 'Music'];English;3.99;133
Kaili Blues;nan;Bi Gan;['Drama', 'Mystery'];Chinese;3.95;113
Miami Blues;nan;George Armitage;['Drama', 'Action', 'Crime', 'Thriller'];English;3.5;97
Norwegian Wood;nan;Trần Anh Hùng;['Drama', 'Romance'];Japanese;3.05;133
Brewster's Millions;nan;Walter Hill;['Comedy'];English;3.19;97
You're So Cool, Brewster! The Story of Fright Night;nan;Chris Griffiths;['Documentary'];English;3.65;217
Brewster's Millions;nan;Allan Dwan;['Comedy'];English;3.29;79
The Women of Brewster Place;nan;Donna Deitch;['History', 'Drama'];English;3.5;178
Burlesque;nan;Steve Antin;['Drama', 'Romance'];English;3.39;119
Lady of Burlesque;nan;William A. Wellman;['Horror', 'Comedy', 'Mystery', 'Music'];English;3.08;91
Capote;nan;Bennett Miller;['Drama', 'Crime'];English;3.71;114
In Cold Blood;nan;Richard Brooks;['Thriller', 'Drama', 'Crime', 'History'];English;4.11;134
Car Wash;nan;Michael Schultz;['Drama', 'Romance', 'Comedy'];English;3.36;97
Chaplin;nan;Richard Attenborough;['Drama'];English;3.59;143
Charlie;nan;Martin Prakkat;['Drama', 'Romance'];Malayalam;3.74;130
Charlie;nan;Luke Mordue;nan;English;nan;15
Charlie;nan;Lesley Johnson;['Drama'];English;nan;7
A Charlie Brown Christmas;nan;Bill Melendez;['Family', 'Animation', 'Comedy', 'TV Movie'];English;4.27;25
Cocoon;nan;Ron Howard;['Comedy', 'Science Fiction', 'Mystery'];English;3.29;117
Pale Cocoon;nan;Yasuhiro Yoshiura;['Animation', 'Science Fiction'];Japanese;3.43;23
Pokémon the Movie: Diancie and the Cocoon of Destruction;nan;Kunihiko Yuyama;['Family', 'Animation', 'Action', 'Drama', 'Adventure', 'Comedy'];Japanese;2.78;76
Echelon Conspiracy;nan;Greg Marcks;['Action', 'Thriller'];English;2.6;105
The Crash;nan;Aram Rappaport;['Thriller', 'Crime'];English;2.69;84
Conspiracy;nan;Adam Marcus;['Drama', 'Action', 'Thriller', 'Mystery'];English;2.85;90
Conspiracy;nan;Pao-Chang Han;['Drama', 'Action'];Chinese;nan;89
Conspiracy;nan;Lew Landers;['Romance', 'Drama', 'Action', 'Adventure'];English;nan;58
The Code Conspiracy;nan;Hank Whetstone;['Action', 'Thriller'];English;nan;97
After the Condor;nan;Sergio Martino;['Action'];Italian;nan;95
The Cat o' Nine Tails;nan;Dario Argento;['Horror', 'Mystery', 'Thriller'];Italian;3.36;112
JCVD;nan;Mabrouk El Mechri;['Drama', 'Action', 'Crime', 'Comedy'];French;3.5;96
Code Unknown;nan;Michael Haneke;['Drama'];French;3.8;118
Coma;nan;Michael Crichton;['Mystery', 'Thriller'];English;3.46;113
Coma;nan;Mikael Salomon;['Drama', 'Mystery'];English;3.07;320
Cricket on the Hearth;nan;Jules Bass, Arthur Rankin, Jr.;['TV Movie', 'Family', 'Animation'];English;2.39;49
The Happy Cricket;nan;Walbercy Ribas;['Fantasy', 'Animation', 'Music', 'Family', 'Action'];Portuguese;3.33;80
The Dead;nan;John Huston;['Drama'];English;3.71;83
Los Muertos;nan;Lisandro Alonso;['Drama'];Spanish;3.66;78
The Dead;nan;Howard J. Ford, Jonathan Ford;['Horror', 'Action', 'Thriller', 'Science Fiction'];English;2.86;105
The Dead Pool;nan;Buddy Van Horn;['Crime', 'Action', 'Thriller'];English;2.99;91
Attack Girls' Swim Team Versus the Undead;nan;Kôji Kawano;['Action', 'Horror'];Japanese;2.87;78
Death Race 2000;nan;Paul Bartel;['Science Fiction', 'Comedy', 'Action'];English;3.28;80
Death Rides a Horse;nan;Giulio Petroni;['Western'];Italian;3.64;114
The Fear of 13;nan;David Sington;['Crime', 'Documentary'];English;3.68;92
Death Race 2050;nan;G.J. Echternkamp;['Science Fiction', 'Comedy', 'Action'];English;2.4;93
Death Race: Inferno;nan;Roel Reiné;['Thriller', 'Science Fiction', 'Action'];English;2.28;104
The Departed;nan;Martin Scorsese;['Crime', 'Thriller', 'Drama'];English;4.32;151
Departures;nan;Yojiro Takita;['Drama'];Japanese;4.05;130
Mountains May Depart;nan;Jia Zhangke;['Drama', 'Romance'];Chinese;3.7;127
Wicker Park;nan;Paul McGuigan;['Drama', 'Romance', 'Mystery', 'Thriller'];English;3.14;114
The Keeper of Lost Causes;nan;Mikkel Nørgaard;['Crime', 'Mystery', 'Thriller'];Danish;3.46;93
Departure;nan;Andrew Steggall;['Family', 'Drama', 'Romance'];English;3.15;109
Diggstown;nan;Michael Ritchie;['Drama', 'Comedy'];English;3.39;98
Dillinger;nan;John Milius;['Action', 'Drama', 'Crime'];English;3.57;107
Dillinger Is Dead;nan;Marco Ferreri;['Drama'];Italian;3.76;95
Decoy;nan;Jack Bernhard;['Crime', 'Thriller'];English;3.34;76
Dillinger and Capone;nan;Jon Purdy;['Drama', 'Crime', 'Thriller', 'Action'];English;nan;95
Young Dillinger;nan;Terry O. Morse;['Drama', 'Crime'];English;nan;102
Time of the Wolves;nan;Sergio Gobbi;['Crime', 'Action', 'Drama'];French;nan;105
Dillinger;nan;Rupert Wainwright;['Crime', 'Action'];English;nan;90
Detroit Rock City;nan;Adam Rifkin;['Music', 'Comedy'];English;3.47;95
The Giant Mechanical Man;nan;Lee Kirk;['Comedy', 'Romance', 'Drama'];English;3.12;94
Doctor Detroit;nan;Michael Pressman;['Comedy'];English;2.67;89
Detroit 9000;nan;Arthur Marks;['Action', 'Crime', 'Drama'];English;3.28;106
A Fugitive from the Past;nan;Tomu Uchida;['Mystery', 'Drama', 'Crime'];Japanese;4.08;183
Burn;nan;Tom Putnam, Brenna Sanchez;['Documentary'];English;3.53;86
Ranam;nan;Nirmal Sahadev;['Action'];Malayalam;3.21;142
Exit the Dragon, Enter the Tiger;nan;Lee Tso-Nam;['Action'];Chinese;3.08;79
Escobar: Paradise Lost;nan;Andrea Di Stefano;['Romance', 'Thriller'];English;2.99;120
The Olsen Gang Long Gone;nan;Erik Balling;['Family', 'Crime', 'Comedy'];Danish;3.41;100
Bitter Moon;nan;Roman Polanski;['Thriller', 'Romance', 'Drama'];English;3.71;139
Game of Thrones: The Last Watch;nan;Jeanie Finlay;['Documentary'];English;3.66;115
Boeing, Boeing;nan;John Rich;['Comedy'];English;3.24;102
Voices of Iraq;nan;Martin Kunert;['War', 'Documentary'];English;nan;80
Felix in Hollywood;nan;Otto Messmer;['Animation'];No spoken language;3.31;9
Godspell;nan;David Greene;['Comedy', 'Music', 'Family'];English;3.3;103
Fletch;nan;Michael Ritchie;['Mystery', 'Crime', 'Comedy'];English;3.35;98
Quick Change;nan;Bill Murray, Howard Franklin;['Crime', 'Comedy'];English;3.43;89
Miss Representation;nan;Jennifer Siebel Newsom;['Documentary'];English;3.47;85
The Accidental Tourist;nan;Lawrence Kasdan;['Comedy', 'Drama', 'Romance'];English;3.3;121
Venom;nan;Ruben Fleischer;['Science Fiction', 'Action'];English;2.9;112
Wild Rose;nan;Tom Harper;['Comedy', 'Drama', 'Music'];English;3.6;101
Gotti;nan;Kevin Connolly;['Drama', 'History', 'Crime', 'Thriller'];English;1.79;110
Cannibal Terror;nan;Alain Deruelle;['Horror'];French;2.17;93
Eyeball;nan;Umberto Lenzi;['Mystery', 'Thriller', 'Horror'];Italian;3.12;91
Night of the Howling Beast;nan;Miguel Iglesias;['Fantasy', 'Adventure', 'Horror'];Spanish;2.95;87
Crimson, the Color of Blood;nan;Juan Fortuny;['Drama', 'Horror'];Spanish;2.8;87
The Man with the Iron Heart;nan;Cédric Jimenez;['Thriller', 'War', 'Action', 'History'];English;3.14;120
The Trap;nan;Sidney Hayers;['Romance', 'Western', 'Adventure', 'Drama'];English;3.39;106
Anna and the Apocalypse;nan;John McPhail;['Comedy', 'Horror', 'Fantasy'];English;3.09;98
Where Do We Go from Here?;nan;John McPhail;['Comedy', 'Drama'];English;nan;82
Big Little Lies;nan;Jean-Marc Vallée;['Drama'];English;4.33;702
Valhalla;nan;Fenar Ahmad;['Adventure', 'Fantasy'];Danish;2.61;105
Exit Plan;nan;Jonas Alexander Arnby;['Mystery', 'Drama', 'Thriller'];Danish;2.76;90
Ad Astra;nan;James Gray;['Drama', 'Science Fiction'];English;3.36;123
Ready or Not;nan;Matt Bettinelli-Olpin, Tyler Gillett;['Comedy', 'Horror'];English;3.52;95
Men in Black: International;nan;F. Gary Gray;['Science Fiction', 'Comedy', 'Action'];English;2.19;115
Toy Story 4;nan;Josh Cooley;['Adventure', 'Comedy', 'Fantasy', 'Animation', 'Family'];English;3.37;100
Rocketman;nan;Dexter Fletcher;['Music', 'Drama'];English;3.69;121
Hellboy;nan;Neil Marshall;['Action', 'Fantasy', 'Adventure', 'Horror'];English;2.05;120
Memory: The Origins of Alien;nan;Alexandre O. Philippe;['Documentary'];English;3.4;95
Midsommar;nan;Ari Aster;['Mystery', 'Drama', 'Horror'];English;3.77;147
The King;nan;David Michôd;['War', 'History', 'Drama'];English;3.41;140
Hustlers;nan;Lorene Scafaria;['Comedy', 'Crime', 'Drama'];English;3.29;110
The Irishman;nan;Martin Scorsese;['History', 'Drama', 'Crime'];English;3.91;209
Where'd You Go, Bernadette;nan;Richard Linklater;['Drama', 'Comedy'];English;3.09;109
Between Two Ferns: The Movie;nan;Scott Aukerman;['Comedy'];English;2.89;82
Winter's Blood;nan;Parker Brennon;['Horror'];English;3.19;4
Doctor Sleep;nan;Mike Flanagan;['Horror', 'Fantasy', 'Thriller'];English;3.36;152
The Kitchen;nan;Andrea Berloff;['Action', 'Drama', 'Crime'];English;2.54;103
Missing Link;nan;Chris Butler;['Animation', 'Comedy', 'Adventure', 'Family'];English;3.25;95
The Intruder;nan;Deon Taylor;['Thriller'];English;2.45;102
After Midnight;nan;Christian Stella, Jeremy Gardner;['Drama', 'Romance', 'Horror'];English;3.01;83
My Little Pony: The Movie;nan;Jayson Thiessen;['Fantasy', 'Family', 'Adventure', 'Animation'];English;3.18;99
White of the Eye;nan;Donald Cammell;['Horror', 'Thriller'];English;3.36;111
Up the Down Staircase;nan;Robert Mulligan;['Drama'];English;3.53;124
Tie Xi Qu: West of the Tracks;nan;Wang Bing;['Documentary'];Chinese;4.38;551
You, Me and Dupree;nan;Anthony Russo, Joe Russo;['Comedy', 'Romance'];English;2.44;108
The Hustle;nan;Chris Addison;['Comedy', 'Crime'];English;2.52;94
Black and Blue;nan;Deon Taylor;['Action', 'Crime', 'Drama', 'Thriller'];English;2.85;109
Jojo Rabbit;nan;Taika Waititi;['War', 'Drama', 'Comedy'];English;4.03;108
The Specials;nan;Éric Toledano, Olivier Nakache;['Comedy', 'Drama'];French;3.81;114
Harriet;nan;Kasi Lemmons;['History', 'Drama'];English;3.32;125
Ford v Ferrari;nan;James Mangold;['Drama', 'Action', 'History'];English;3.99;153
Melvin and Howard;nan;Jonathan Demme;['Comedy', 'Drama'];English;3.66;95
Passenger 57;nan;Kevin Hooks;['Adventure', 'Action', 'Thriller'];English;2.92;84
Joker;nan;Todd Phillips;['Crime', 'Drama', 'Thriller'];English;3.84;122
WHAT DID JACK DO?;nan;David Lynch;['Crime', 'Comedy', 'Mystery'];English;3.34;17
Parasite;nan;Bong Joon Ho;['Comedy', 'Thriller', 'Drama'];Korean;4.55;133
1917;nan;Sam Mendes;['History', 'Thriller', 'Drama', 'War'];English;4.11;119
The Bye Bye Man;nan;Stacy Title;['Thriller', 'Horror'];English;1.55;96
Dracula;nan;Jonny Campbell, Damon Thomas;['Drama'];English;3.2;264
Document of the Dead;nan;Roy Frumkes;['Horror', 'Documentary'];English;3.5;66
The Lighthouse;nan;Robert Eggers;['Horror', 'Drama', 'Thriller', 'Fantasy'];English;4.02;109
Knives Out;nan;Rian Johnson;['Mystery', 'Comedy', 'Crime'];English;3.97;131
Uncut Gems;nan;Benny Safdie, Josh Safdie;['Thriller', 'Drama', 'Crime'];English;3.95;136
Once Upon a Time... in Hollywood;nan;Quentin Tarantino;['Drama', 'Thriller', 'Comedy'];English;3.76;162
The Two Popes;nan;Fernando Meirelles;['History', 'Drama'];English;3.65;125
Bombshell;nan;Jay Roach;['Drama'];English;3.12;109
The Farewell;nan;Lulu Wang;['Comedy', 'Drama'];English;4.06;100
Weathering with You;nan;Makoto Shinkai;['Fantasy', 'Animation', 'Romance', 'Drama'];Japanese;3.67;112
Portrait of a Lady on Fire;nan;Céline Sciamma;['History', 'Drama', 'Romance'];French;4.43;121
Star Wars: The Rise of Skywalker;nan;J.J. Abrams;['Adventure', 'Action', 'Science Fiction'];English;2.34;142
I Bought a Vampire Motorcycle;nan;Dirk Campbell;['Horror', 'Comedy'];English;2.89;101
Marriage Story;nan;Noah Baumbach;['Drama'];English;4.0;137
Yardie;nan;Idris Elba;['Crime', 'Drama'];English;3.01;101
The Corrupted;nan;Ron Scalpello;['Thriller', 'Crime'];English;2.95;103
Her Smell;nan;Alex Ross Perry;['Music', 'Drama'];English;3.5;136
Crawl;nan;Alexandre Aja;['Thriller', 'Horror'];English;2.87;87
Dan in Real Life;nan;Peter Hedges;['Comedy', 'Drama', 'Romance'];English;3.29;98
Gamera: Guardian of the Universe;nan;Shusuke Kaneko;['Science Fiction', 'Action', 'Fantasy', 'Horror'];Japanese;3.58;96
Gamera 2: Attack of Legion;nan;Shusuke Kaneko;['Horror', 'Science Fiction', 'Fantasy'];Japanese;3.7;99
Gamera 3: Revenge of Iris;nan;Shusuke Kaneko;['Fantasy', 'Science Fiction', 'Horror'];Japanese;3.81;108
Gamera vs. Barugon;nan;Shigeo Tanaka;['Science Fiction', 'Action', 'Fantasy'];Japanese;3.01;106
Gamera vs. Viras;nan;Noriaki Yuasa;['Action', 'Family', 'Science Fiction', 'Adventure'];Japanese;2.56;81
Gamera vs. Gyaos;nan;Noriaki Yuasa;['Action', 'Science Fiction', 'Adventure', 'Horror'];Japanese;3.06;86
Scare Package;nan;Aaron B. Koontz, Chris McInroy;['Horror', 'Comedy'];English;2.72;106
Luce;nan;Julius Onah;['Drama', 'Thriller'];English;3.43;109
Atlantics;nan;Mati Diop;['Fantasy', 'Romance', 'Drama'];French;3.68;106
The Annihilators;nan;Charles E. Sellier Jr.;['Drama', 'Action', 'Crime'];English;2.96;84
CQ;nan;Roman Coppola;['Comedy', 'Drama'];English;3.23;88
The Spirit of '76;nan;Lucas Reiner;['Science Fiction', 'Comedy'];English;3.26;82
The Darjeeling Limited;nan;Wes Anderson;['Comedy', 'Adventure', 'Drama'];English;3.84;92
The French Dispatch;nan;Wes Anderson;['Drama', 'Comedy'];English;3.67;108
Operation Crossbow;nan;Michael Anderson;['Drama', 'War', 'Thriller'];English;3.21;115
How the West Was Won;nan;John Ford, George Marshall;['Western'];English;3.46;164
Dragon Quest: Your Story;nan;Ryuichi Yagi, Takashi Yamazaki;['Action', 'Comedy', 'Family', 'Fantasy', 'Adventure', 'Animation'];Japanese;3.19;102
Verotika;nan;Glenn Danzig;['Horror'];English;1.43;90
Silent Madness;nan;Simon Nuchtern;['Horror'];English;2.75;93
Savage Dawn;nan;Simon Nuchtern;['Thriller', 'Action'];English;2.86;102
Night Killer;nan;Bruno Mattei, Claudio Fragasso;['Thriller', 'Horror'];English;2.63;93
Night of the Zombies;nan;Bruno Mattei;['Horror', 'Science Fiction'];Italian;2.65;101
After Death;nan;Claudio Fragasso;['Horror', 'Action'];Italian;2.44;84
Beyond Darkness;nan;Claudio Fragasso;['Thriller', 'Horror'];English;2.48;93
Us;nan;Jordan Peele;['Horror', 'Thriller', 'Mystery'];English;3.66;116
Guns Akimbo;nan;Jason Lei Howden;['Comedy', 'Crime', 'Thriller', 'Action'];English;2.77;98
Permissive;nan;Lindsay Shonteff;['Drama'];English;3.16;90
Devil Doll;nan;Lindsay Shonteff;['Mystery', 'Horror'];English;2.65;81
The Million Eyes of Sumuru;nan;Lindsay Shonteff;['Crime', 'Action', 'Adventure'];English;2.42;80
Big Zapper;nan;Lindsay Shonteff;['Action', 'Comedy'];English;nan;92
Stargirl;nan;Julia Hart;['Romance', 'Drama', 'Family', 'Comedy'];English;2.55;107
Hello, Dolly!;nan;Gene Kelly;['Romance', 'Music', 'Comedy'];English;3.75;148
Wash;nan;Kristofer Kiggs Carlsson;['Horror'];Swedish;nan;7
Your Hands;nan;Georgia King;['Drama', 'Comedy'];English;nan;12
Skin;nan;Guy Nattiv;['History', 'Crime', 'Drama', 'Romance'];English;3.18;110
Contact;nan;Robert Zemeckis;['Science Fiction', 'Mystery', 'Drama'];English;3.81;150
Cancel;nan;Sebastian Johansson Micci;['Comedy', 'Drama'];Swedish;nan;9
The Trip to Italy;nan;Michael Winterbottom;['Comedy', 'Drama'];English;3.58;108
Toilet;nan;Naoko Ogigami;['Comedy', 'Drama'];English;3.37;109
Paper Boy;nan;V. JayaShankarr;['Romance'];Telugu;3.14;125
Just;nan;David Maurice Gil;nan;English;nan;12
Buy It Now;nan;Antonio Campos;['Drama', 'Documentary'];English;nan;58
Isolate;nan;Martyn Park;['Horror'];English;nan;76
Just;nan;Nate Fleming;['Action'];English;nan;28
Pray;nan;Yuichi Satoh;['Thriller', 'Horror'];Japanese;3.08;77
X&Y;nan;Anna Odell;['Drama'];Swedish;3.26;112
The Reunion;nan;Anna Odell;['Drama'];Swedish;3.5;88
The Houses October Built;nan;Bobby Roe, Jeff Larson;['Horror', 'Documentary'];English;2.7;94
The Houses October Built;nan;Bobby Roe;['Thriller', 'Horror'];English;2.52;91
The Houses October Built 2;nan;Bobby Roe;['Horror'];English;2.17;99
Tommy;nan;Ken Russell;['Music', 'Drama'];English;3.53;111
The Lair of the White Worm;nan;Ken Russell;['Comedy', 'Horror'];English;3.44;93
Crimes of Passion;nan;Ken Russell;['Thriller', 'Crime', 'Drama'];English;3.55;107
Women in Love;nan;Ken Russell;['Romance', 'Drama'];English;3.75;131
Gothic;nan;Ken Russell;['Horror'];English;3.25;88
The Boy Friend;nan;Ken Russell;['Romance', 'Music', 'Comedy'];English;3.81;137
Lisztomania;nan;Ken Russell;['Fantasy', 'Music', 'Comedy'];English;3.42;103
Salome's Last Dance;nan;Ken Russell;['Drama'];English;3.54;89
Savage Messiah;nan;Ken Russell;['Drama'];English;3.58;103
Whore;nan;Ken Russell;['Drama', 'Comedy'];English;3.0;85
Mahler;nan;Ken Russell;['Drama', 'Music'];English;3.68;115
Valentino;nan;Ken Russell;['History', 'Drama'];English;3.33;128
Trapped Ashes;nan;Sean S. Cunningham, Ken Russell;['Horror'];English;2.75;105
The Rainbow;nan;Ken Russell;['Drama', 'Romance'];English;3.3;113
Dante's Inferno;nan;Ken Russell;['History', 'Drama', 'TV Movie'];English;3.58;87
The Debussy Film;nan;Ken Russell;['TV Movie', 'Drama'];English;3.6;82
Lady Chatterley;nan;Ken Russell;['Drama'];English;3.33;200
The Fall of the Louse of Usher;nan;Ken Russell;['Horror', 'Comedy', 'Fantasy'];English;3.05;83
A Kitten for Hitler;nan;Ken Russell;['Comedy'];English;3.06;8
Prisoner of Honor;nan;Ken Russell;['TV Movie', 'Drama', 'History'];English;nan;88
Alice in Russialand;nan;Ken Russell;['TV Movie', 'Fantasy', 'Documentary', 'History'];English;nan;60
The Raven;nan;Charles Brabin;['Horror', 'Fantasy', 'Drama'];No spoken language;nan;80
20,000 Leagues Under the Sea;nan;Stuart Paton;['Drama', 'Science Fiction', 'Adventure', 'Action'];No spoken language;3.1;99
The Avenging Conscience;nan;D.W. Griffith;['Horror', 'Drama'];No spoken language;3.42;83
Cabiria;nan;Giovanni Pastrone;['Drama', 'History'];No spoken language;3.5;148
The Student of Prague;nan;Stellan Rye;['Drama', 'Fantasy'];No spoken language;3.36;85
The Spiders: Part 2 - The Diamond Ship;nan;Fritz Lang;['Crime', 'Adventure'];No spoken language;3.13;105
The Spiders: Part 1 - The Golden Sea;nan;Fritz Lang;['Adventure', 'Crime'];No spoken language;3.26;69
J'accuse;nan;Abel Gance;['War', 'Drama'];No spoken language;4.04;165
Tarzan of the Apes;nan;Scott Sidney;['Adventure', 'Action'];No spoken language;3.05;60
Seven Keys to Baldpate;nan;Hugh Ford;['Thriller', 'Mystery'];No spoken language;nan;65
Dr. Jekyll and Mr. Hyde;nan;J. Charles Haydon;['Horror', 'Drama', 'Science Fiction'];English;nan;60
Dr. Jekyll and Mr. Hyde;nan;John S. Robertson;['Horror', 'Drama', 'Science Fiction'];No spoken language;3.38;79
Nomads of the North;nan;David Hartford;['Drama', 'Romance', 'Thriller', 'Adventure', 'Crime'];No spoken language;nan;78
The Penalty;nan;Wallace Worsley;['Drama', 'Crime', 'Thriller'];No spoken language;3.62;90
The Golem: How He Came Into the World;nan;Carl Boese, Paul Wegener;['Horror', 'Fantasy'];No spoken language;3.68;85
Outside the Law;nan;Tod Browning;['Romance', 'Drama', 'Thriller', 'Crime'];No spoken language;3.36;76
The Phantom Carriage;nan;Victor Sjöström;['Fantasy', 'Horror', 'Drama'];No spoken language;4.09;106
The Haunted Castle;nan;F. W. Murnau;['Horror', 'Drama', 'Crime', 'Mystery'];No spoken language;3.13;81
Destiny;nan;Fritz Lang;['Drama', 'Romance', 'Fantasy'];No spoken language;3.8;98
The Last Warning;nan;Paul Leni;['Thriller', 'Horror', 'Mystery'];English;3.45;89
Spies;nan;Fritz Lang;['Thriller', 'Romance'];No spoken language;3.81;145
Woman in the Moon;nan;Fritz Lang;['Science Fiction', 'Romance', 'Drama'];No spoken language;3.71;170
The Mysterious Island;nan;Benjamin Christensen, Lucien Hubbard;['Action', 'Drama', 'Fantasy', 'Horror', 'Science Fiction', 'Adventure'];English;3.23;95
Slow Burn;nan;John Eyres;['Action'];English;nan;95
Beyond the Law;nan;Giorgio Stegani;['Western'];Italian;3.23;109
Streetwise;nan;Martin Bell;['Documentary'];English;4.36;91
Tampopo;nan;Jūzō Itami;['Comedy'];Japanese;4.31;115
All That Jazz;nan;Bob Fosse;['Music', 'Drama'];English;4.33;123
The Exterminating Angel;nan;Luis Buñuel;['Drama', 'Comedy', 'Fantasy'];Spanish;4.17;93
Monterey Pop;nan;D. A. Pennebaker;['Documentary', 'Music'];English;4.1;80
Rope;nan;Alfred Hitchcock;['Crime', 'Drama', 'Thriller'];English;4.14;81
Burden of Dreams;nan;Les Blank;['Documentary'];English;4.08;97
Gimme Shelter;nan;Albert Maysles, David Maysles;['Documentary', 'Music'];English;4.04;92
The Servant;nan;Joseph Losey;['Drama'];English;4.12;116
Threads;nan;Mick Jackson;['Drama', 'War', 'Science Fiction'];English;4.16;117
Chimes at Midnight;nan;Orson Welles;['Drama', 'War', 'History', 'Comedy'];English;3.99;115
Elevator to the Gallows;nan;Louis Malle;['Crime', 'Thriller', 'Drama'];French;4.1;91
Dial M for Murder;nan;Alfred Hitchcock;['Crime', 'Thriller'];English;4.14;105
The Big Heat;nan;Fritz Lang;['Crime', 'Thriller'];English;4.09;89
The Fabulous Baron Munchausen;nan;Karel Zeman;['Animation', 'Adventure', 'Fantasy', 'Comedy'];Czech;4.03;85
Trust;nan;Hal Hartley;['Drama', 'Comedy', 'Romance'];English;4.0;107
The War Game;nan;Peter Watkins;['War', 'TV Movie'];English;4.06;48
Blue Collar;nan;Paul Schrader;['Drama', 'Crime'];English;4.09;114
Shadow of a Doubt;nan;Alfred Hitchcock;['Mystery', 'Thriller'];English;3.96;107
The Vanishing;nan;George Sluizer;['Mystery', 'Thriller'];Dutch;4.03;106
The Passenger;nan;Michelangelo Antonioni;['Mystery', 'Thriller', 'Drama'];English;3.99;126
Nazarin;nan;Luis Buñuel;['Drama'];Spanish;3.93;95
Simon of the Desert;nan;Luis Buñuel;['Comedy', 'Drama'];Spanish;3.98;45
Ninotchka;nan;Ernst Lubitsch;['Comedy', 'Romance'];English;3.95;110
The Decline of Western Civilization;nan;Penelope Spheeris;['Documentary', 'Music'];English;3.9;100
Monsieur Verdoux;nan;Charlie Chaplin;['Crime', 'Comedy', 'Drama'];English;3.97;124
Sierra Burgess Is a Loser;nan;Ian Samuels;['Drama', 'Romance', 'Comedy'];English;1.55;105
Swiped;nan;Ann Deborah Fishman;['Romance', 'Comedy', 'Drama'];English;1.09;93
The Ridiculous 6;nan;Frank Coraci;['Action', 'Comedy', 'Adventure', 'Western'];English;1.9;119
Secret Obsession;nan;Peter Sullivan;['Thriller', 'Horror', 'Drama'];English;1.8;97
Bright;nan;David Ayer;['Fantasy', 'Thriller', 'Action'];English;2.3;117
The Cloverfield Paradox;nan;Julius Onah;['Horror', 'Thriller', 'Science Fiction'];English;2.27;102
The Open House;nan;Suzanne Coote, Matt Angel;['Thriller', 'Horror'];English;1.44;94
The Disappearance of Madeleine McCann;nan;Chris Smith;['Crime', 'Documentary'];English;3.19;435
The Kissing Booth;nan;Vince Marcello;['Romance', 'Comedy'];English;1.64;105
The Fundamentals of Caring;nan;Rob Burnett;['Comedy', 'Drama'];English;3.49;97
Cargo;nan;Yolanda Ramke, Ben Howling;['Horror', 'Thriller', 'Drama'];English;3.11;105
Apostle;nan;Gareth Evans;['Horror', 'Mystery'];English;3.09;130
The Ritual;nan;David Bruckner;['Horror', 'Mystery', 'Thriller'];English;3.18;94
Unicorn Store;nan;Brie Larson;['Drama', 'Fantasy', 'Comedy'];English;2.82;92
Outlaw King;nan;David Mackenzie;['War', 'History', 'Action'];English;3.3;122
Pokémon the Movie: Mewtwo Strikes Back - Evolution;nan;Motonori Sakakibara, Kunihiko Yuyama;['Family', 'Action', 'Fantasy', 'Adventure', 'Animation'];Japanese;2.52;98
I Am Mother;nan;Grant Sputore;['Science Fiction', 'Thriller'];English;3.07;114
6 Underground;nan;Michael Bay;['Action', 'Thriller', 'Comedy'];English;2.51;128
Calibre;nan;Matt Palmer;['Drama', 'Thriller'];English;3.33;101
Illang: The Wolf Brigade;nan;Kim Jee-woon;['Science Fiction', 'Thriller', 'Action', 'Drama'];Korean;2.85;138
Extinction;nan;Ben Young;['Science Fiction', 'Action', 'Drama', 'Thriller'];English;2.46;96
The Red Sea Diving Resort;nan;Gideon Raff;['History', 'Thriller', 'Drama'];English;2.89;130
El Camino: A Breaking Bad Movie;nan;Vince Gilligan;['Crime', 'Drama', 'Thriller'];English;3.57;123
6 Days;nan;Toa Fraser;['Drama', 'Thriller', 'History', 'Action'];English;2.95;95
Bleach;nan;Shinsuke Sato;['Adventure', 'Fantasy', 'Action'];Japanese;2.79;108
The Dirt;nan;Jeff Tremaine;['History', 'Music', 'Drama', 'Comedy'];English;3.19;108
NiNoKuni;nan;Yoshiyuki Momose;['Family', 'Action', 'Romance', 'Adventure', 'Animation', 'Fantasy'];Japanese;2.8;106
The Highwaymen;nan;John Lee Hancock;['Drama', 'Crime', 'Thriller'];English;3.17;133
The Silence;nan;John R. Leonetti;['Horror', 'Thriller', 'Drama', 'Fantasy'];English;2.15;90
IO;nan;Jonathan Helpert;['Science Fiction'];English;2.18;96
BLAME!;nan;Hiroyuki Seshita;['Drama', 'Science Fiction', 'Action', 'Animation'];Japanese;3.1;106
In the Tall Grass;nan;Vincenzo Natali;['Drama', 'Thriller', 'Horror'];English;2.41;102
Take the 10;nan;Chester Tam;['Comedy'];English;2.07;80
Special Correspondents;nan;Ricky Gervais;['Comedy'];English;2.55;100
Dolemite Is My Name;nan;Craig Brewer;['Drama', 'History', 'Comedy'];English;3.65;118
Private Life;nan;Tamara Jenkins;['Comedy', 'Drama'];English;3.78;123
Roxanne Roxanne;nan;Michael Larnell;['Drama'];English;3.1;98
The Polka King;nan;Maya Forbes;['Comedy'];English;2.9;95
The Laundromat;nan;Steven Soderbergh;['Drama', 'Crime', 'Comedy'];English;2.72;96
Velvet Buzzsaw;nan;Dan Gilroy;['Mystery', 'Horror', 'Thriller'];English;2.42;113
Murder Mystery;nan;Kyle Newacheck;['Action', 'Comedy', 'Mystery'];English;2.72;97
Wine Country;nan;Amy Poehler;['Comedy'];English;2.6;103
The Land of Steady Habits;nan;Nicole Holofcener;['Drama', 'Comedy'];English;3.01;98
Escape to Witch Mountain;nan;John Hough;['Adventure', 'Family', 'Fantasy', 'Science Fiction'];English;3.11;97
I Wanna Hold Your Hand;nan;Robert Zemeckis;['Comedy', 'Music'];English;3.63;99
Treasure of the Four Crowns;nan;Ferdinando Baldi;['Fantasy', 'Action', 'Adventure'];English;2.79;97
The African Queen;nan;John Huston;['Romance', 'Drama', 'Adventure'];English;3.71;105
Onward;nan;Dan Scanlon;['Comedy', 'Family', 'Fantasy', 'Adventure', 'Animation'];English;3.36;103
Putney Swope;nan;Robert Downey Sr.;['Comedy'];English;3.68;85
Alaya;nan;Nathaniel Dorsky;nan;No spoken language;3.71;28
MouseHunt;nan;Gore Verbinski;['Comedy', 'Family'];English;3.24;98
A Cinderella Story;nan;Mark Rosman;['Comedy', 'Family', 'Romance'];English;3.27;95
One Fine Day;nan;Michael Hoffman;['Romance', 'Comedy'];English;3.27;108
Sonic the Hedgehog;nan;Jeff Fowler;['Science Fiction', 'Action', 'Comedy', 'Family'];English;2.89;99
Tiger King;nan;Eric Goode, Rebecca Chaiklin;['Crime', 'Documentary'];English;3.49;354
Last Party 2000;nan;Donovan Leitch, Rebecca Chaiklin;['Documentary'];English;nan;137
Poster Boy;nan;Zak Tucker;['Drama', 'Romance', 'Comedy'];English;nan;98
The Gentlemen;nan;Guy Ritchie;['Crime', 'Comedy', 'Action'];English;3.73;113
Shake Junt - Chicken Bone Nowison;nan;Shane Heyl;nan;English;nan;68
ThanksKilling;nan;Jordan Downey;['Comedy', 'Horror'];English;2.18;66
The Head Hunter;nan;Jordan Downey;['Fantasy', 'Horror'];English;3.03;72
ThanksKilling 3;nan;Jordan Downey;['Comedy', 'Horror', 'Science Fiction'];English;1.67;99
Techno Western;nan;Jordan Downey;['Adventure', 'Crime'];English;nan;15
Raging Bull;nan;Martin Scorsese;['Drama'];English;4.24;129
Swing Time;nan;George Stevens;['Comedy', 'Romance'];English;3.6;103
Woman of the Year;nan;George Stevens;['Drama', 'Comedy', 'Romance'];English;3.4;114
Gunga Din;nan;George Stevens;['War', 'Action', 'Adventure', 'Comedy'];English;3.41;117
The Diary of Anne Frank;nan;George Stevens;['Drama', 'History'];English;3.7;180
The More the Merrier;nan;George Stevens;['Comedy', 'Romance'];English;3.78;104
Swing;nan;Tony Gatlif;['Drama', 'Music', 'Comedy'];French;3.53;90
Bloody Muscle Body Builder in Hell;nan;Shinichi Fukazawa;['Horror'];Japanese;3.35;62
Mr. Blandings Builds His Dream House;nan;H. C. Potter;['Comedy'];English;3.38;94
Vivarium;nan;Lorcan Finnegan;['Mystery', 'Thriller', 'Horror', 'Science Fiction'];English;2.77;97
An American in Paris;nan;Vincente Minnelli;['Comedy', 'Romance', 'Music'];English;3.66;113
Never Rarely Sometimes Always;nan;Eliza Hittman;['Drama'];English;3.97;101
The Big Knife;nan;Robert Aldrich;['Drama', 'Crime'];English;3.38;111
Nobody Sleeps in the Woods Tonight;nan;Bartosz M. Kowalski;['Comedy', 'Horror'];Polish;2.28;102
Shockproof;nan;Douglas Sirk;['Thriller', 'Crime', 'Romance'];English;3.2;79
Hellmaster;nan;Douglas Schulze;['Horror'];English;2.38;96
Mimesis;nan;Douglas Schulze;['Horror'];English;2.78;95
The Dark Below;nan;Douglas Schulze;['Thriller'];English;nan;75
Dark Fields;nan;Douglas Schulze;['Horror'];English;nan;110
Deep End;nan;Jerzy Skolimowski;['Drama', 'Comedy'];English;3.89;92
Fellowship of the Frog;nan;Harald Reinl;['Mystery', 'Thriller', 'Crime'];German;3.29;89
Spy Today, Die Tomorrow;nan;Franz Josef Gottlieb;['Adventure'];German;nan;111
Death Drums Along the River;nan;Lawrence Huntington;['Crime', 'Adventure'];English;nan;83
Bullets Don't Argue;nan;Mario Caiano;['Western'];Italian;nan;89
Ski Fever;nan;Curt Siodmak;['Romance'];German;nan;86
Curucu, Beast of the Amazon;nan;Curt Siodmak;['Adventure', 'Horror'];English;2.7;76
Tales of Frankenstein;nan;Curt Siodmak;['Drama', 'Science Fiction', 'Horror'];English;nan;28
Love Slaves of the Amazons;nan;Curt Siodmak;['Drama', 'Romance', 'Adventure'];English;nan;81
Bride of the Gorilla;nan;Curt Siodmak;['Horror'];English;2.59;70
People on Sunday;nan;Robert Siodmak, Edgar G. Ulmer;['Drama'];No spoken language;3.63;74
The Good Liar;nan;Bill Condon;['Crime'];English;3.08;109
Space Mutiny;nan;Neal Sundstrom;['Romance', 'Science Fiction', 'Adventure'];English;1.97;93
Last Exit (the underground film);nan;David Noel Bourke;['Thriller', 'Horror', 'Crime', 'Drama'];English;nan;97
Jay and Silent Bob Reboot;nan;Kevin Smith;['Adventure', 'Comedy', 'Action'];English;2.62;105
Rebooted;nan;Michael Shanks;['Animation', 'Comedy', 'Drama'];English;3.81;13
The Bamboo House of Dolls;nan;Kuei Chih-Hung;['Drama', 'Horror', 'Action', 'War'];Chinese;3.17;110
The Barefoot Contessa;nan;Joseph L. Mankiewicz;['Drama'];English;3.47;128
The Daytrippers;nan;Greg Mottola;['Drama', 'Comedy'];English;3.85;87
Mortal Kombat Legends: Scorpion's Revenge;nan;Ethan Spaulding;['Fantasy', 'Animation', 'Action'];English;3.4;80
Gone in 60 Seconds;nan;H.B. Halicki;['Drama', 'Thriller', 'Crime', 'Action'];English;3.22;105
Seasons...;nan;Stan Brakhage, Phil Solomon;nan;No spoken language;3.89;16
The Hills Run Red;nan;Carlo Lizzani;['Action', 'Drama', 'Western'];Italian;3.22;89
The Hills Run Red;nan;Dave Parker;['Horror', 'Thriller'];English;2.62;81
Tales of Halloween;nan;Darren Lynn Bousman, Axelle Carolyn;['Horror', 'Adventure', 'Thriller', 'Fantasy', 'Comedy'];English;2.73;97
The Dead Hate the Living!;nan;Dave Parker;['Horror', 'Comedy'];English;2.62;90
Bimbo Movie Bash;nan;Mike Mendez, Dave Parker;['Horror', 'Science Fiction', 'Comedy'];English;nan;80
Masters of Horror;nan;Dave Parker, Mike Mendez;['Documentary'];English;3.53;90
Seven Men from Now;nan;Budd Boetticher;['Western'];English;3.79;78
Xanadu;nan;Robert Greenwald;['Romance', 'Fantasy', 'Science Fiction'];English;2.9;96
Wal-Mart: The High Cost of Low Price;nan;Robert Greenwald;['Documentary'];English;3.18;98
Outfoxed: Rupert Murdoch's War on Journalism;nan;Robert Greenwald;['Documentary'];English;3.37;74
The Burning Bed;nan;Robert Greenwald;['Drama', 'Crime', 'TV Movie'];English;3.37;100
Breaking Up;nan;Robert Greenwald;['Romance', 'Drama'];English;2.79;90
Steal This Movie;nan;Robert Greenwald;['Drama'];English;3.22;107
Hear No Evil;nan;Robert Greenwald;['Thriller'];English;2.97;97
Iraq for Sale: The War Profiteers;nan;Robert Greenwald;['Documentary'];English;3.48;75
Sweet Hearts Dance;nan;Robert Greenwald;['Romance', 'Drama', 'Comedy'];English;3.12;101
Flatbed Annie & Sweetie Pie: Lady Truckers;nan;Robert Greenwald;['Drama', 'Action', 'Comedy', 'TV Movie'];English;nan;100
Friends: Naki on Monster Island;nan;Takashi Yamazaki, Ryuichi Yagi;['Comedy', 'Animation', 'Family'];Japanese;3.61;87
Stand by Me Doraemon;nan;Takashi Yamazaki, Ryuichi Yagi;['Science Fiction', 'Family', 'Animation', 'Adventure', 'Fantasy'];Japanese;3.43;94
The Last Dance;nan;Jason Hehir;['Documentary'];English;4.44;491
The Source Family;nan;Maria Demopoulos, Jodi Wille;['Documentary'];English;3.43;98
What She Said: The Art of Pauline Kael;nan;Rob Garver;['Documentary'];English;3.33;98
This Is My Life;nan;Nora Ephron;['Drama', 'Comedy'];English;3.38;95
Robert the Bruce;nan;Richard Gray;['Drama', 'History'];English;2.56;124
Billy Liar;nan;John Schlesinger;['Romance', 'Comedy', 'Drama'];English;3.72;98
Waiting to Exhale;nan;Forest Whitaker;['Comedy', 'Romance', 'Drama'];English;3.39;127
The Willoughbys;nan;Kris Pearn;['Comedy', 'Family', 'Animation'];English;3.1;92
Bloodsucking Freaks;nan;Joel M. Reed;['Horror', 'Comedy'];English;2.44;85
Blood Quantum;nan;Jeff Barnaby;['Horror'];English;3.02;98
Heartburn;nan;Mike Nichols;['Drama', 'Romance', 'Comedy'];English;3.15;108
Terms of Endearment;nan;James L. Brooks;['Comedy', 'Drama'];English;3.8;132
The Last Detail;nan;Hal Ashby;['Drama', 'Comedy'];English;3.92;104
Something's Gotta Give;nan;Nancy Meyers;['Romance', 'Comedy', 'Drama'];English;3.22;128
Reds;nan;Warren Beatty;['Drama', 'History', 'Romance'];English;3.9;195
The Pledge;nan;Sean Penn;['Drama', 'Crime', 'Mystery', 'Thriller'];English;3.28;123
How Do You Know;nan;James L. Brooks;['Drama', 'Romance', 'Comedy'];English;2.28;121
Wolf;nan;Mike Nichols;['Horror', 'Drama', 'Fantasy', 'Romance'];English;2.97;125
The Shooting;nan;Monte Hellman;['Western', 'Drama'];English;3.54;82
Prizzi's Honor;nan;John Huston;['Crime', 'Comedy', 'Romance'];English;3.27;124
Carnal Knowledge;nan;Mike Nichols;['Romance', 'Drama'];English;3.62;98
Stanley Kubrick: A Life in Pictures;nan;Jan Harlan;['Documentary'];English;3.9;141
The Postman Always Rings Twice;nan;Bob Rafelson;['Thriller', 'Crime', 'Romance', 'Drama'];English;3.22;122
Hoffa;nan;Danny DeVito;['Drama', 'History', 'Crime'];English;3.21;140
The Kid Stays in the Picture;nan;Nanette Burstein, Brett Morgen;['Documentary'];English;3.64;93
The Last Tycoon;nan;Elia Kazan;['Romance', 'Drama'];English;3.16;123
Making 'The Shining';nan;Vivian Kubrick;['Documentary'];English;3.94;35
The Missouri Breaks;nan;Arthur Penn;['Western', 'Drama'];English;3.31;126
Ragtime;nan;Miloš Forman;['History', 'Drama'];English;3.67;155
Ironweed;nan;Héctor Babenco;['Drama'];English;3.31;143
Corman's World;nan;Alex Stapleton;['Documentary'];English;3.73;91
And the Oscar Goes To...;nan;Rob Epstein, Jeffrey Friedman;['Documentary', 'TV Movie'];English;3.32;95
A Safe Place;nan;Henry Jaglom;['Drama', 'Science Fiction'];English;2.58;94
Goin' South;nan;Jack Nicholson;['Comedy', 'Romance', 'Western'];English;2.98;109
The Border;nan;Tony Richardson;['Drama', 'Crime'];English;3.26;108
The Fortune;nan;Mike Nichols;['Crime', 'Comedy', 'Romance'];English;2.85;88
The St. Valentine's Day Massacre;nan;Roger Corman;['Crime', 'History'];English;3.34;100
Blood and Wine;nan;Bob Rafelson;['Crime', 'Thriller'];English;2.97;101
On a Clear Day You Can See Forever;nan;Vincente Minnelli;['Fantasy', 'Comedy', 'Drama', 'Romance'];English;3.34;129
The Wild Ride;nan;Harvey Berman;['Crime', 'Drama'];English;2.8;60
Saturday Night Live: 40th Anniversary Special;nan;Don Roy King;['TV Movie', 'Comedy'];English;3.67;153
The Cry Baby Killer;nan;Jus Addiss;['Crime'];English;2.92;62
Man Trouble;nan;Bob Rafelson;['Comedy', 'Romance'];English;2.6;100
The Evening Star;nan;Robert Harling;['Drama', 'Comedy', 'Romance'];English;2.81;129
Hells Angels on Wheels;nan;Richard Rush;['Thriller', 'Drama', 'Action', 'Adventure', 'Crime'];English;2.92;95
Rebel Rousers;nan;Martin B. Cohen;['Crime', 'Drama'];English;2.91;78
Lost Kubrick: The Unfinished Films of Stanley Kubrick;nan;Gary Leva;['Documentary'];English;3.42;20
The Visions of Stanley Kubrick;nan;Gary Leva;['Documentary'];English;3.41;17
Flight to Fury;nan;Monte Hellman;['Adventure', 'Drama'];English;nan;72
Ensign Pulver;nan;Joshua Logan;['War', 'Comedy'];English;3.1;104
View from the Overlook: Crafting 'The Shining';nan;Gary Leva;['Documentary'];English;3.46;30
Too Soon to Love;nan;Richard Rush;['Romance', 'Drama'];English;nan;85
The Broken Land;nan;John A. Bushelman;['Western'];English;nan;60
Dr. Jack & Mr. Nicholson;nan;Emmanuelle Nobécourt;['Documentary', 'TV Movie'];English;3.41;52
BBStory: An American Film Renaissance;nan;Greg Carson;['Documentary'];English;nan;47
Studs Lonigan;nan;Irving Lerner;['Drama'];English;nan;95
Spaceship Earth;nan;Matt Wolf;['Documentary'];English;3.19;115
Teenage;nan;Matt Wolf;['Documentary'];English;3.25;80
Wild Combination: A Portrait of Arthur Russell;nan;Matt Wolf;['Music', 'Documentary'];English;3.74;71
Recorder: The Marion Stokes Project;nan;Matt Wolf;['Documentary'];English;3.54;87
Bayard & Me;nan;Matt Wolf;['Documentary'];English;nan;16
It's Me, Hilary: The Man Who Drew Eloise;nan;Matt Wolf;['Documentary'];English;nan;36
Have a Good Trip: Adventures in Psychedelics;nan;Donick Cary;['Comedy', 'Documentary'];English;3.26;85
Z.P.G.;nan;Michael Campus;['Science Fiction', 'Thriller'];English;2.9;97
The Adventures of the Wilderness Family;nan;Stewart Raffill;['Family', 'Adventure', 'Drama'];English;3.19;105
Three;nan;Stewart Raffill;['Thriller', 'Drama'];English;2.19;95
High Risk;nan;Stewart Raffill;['Action', 'Adventure', 'Thriller'];English;3.15;94
The Sea Gypsies;nan;Stewart Raffill;['Adventure', 'Family'];English;nan;102
The Philadelphia Experiment;nan;Stewart Raffill;['Thriller', 'Adventure', 'Science Fiction'];English;2.92;102
The Happytime Murders;nan;Brian Henson;['Comedy', 'Action', 'Crime'];English;2.18;90
Waves;nan;Trey Edward Shults;['Romance', 'Drama'];English;3.92;135
Sweet Charity;nan;Bob Fosse;['Comedy', 'Romance', 'Music', 'Drama'];English;3.72;153
Artemis Fowl;nan;Kenneth Branagh;['Fantasy', 'Action', 'Adventure', 'Science Fiction', 'Family'];English;1.35;94
Get on the Bus;nan;Spike Lee;['Drama'];English;3.65;120
Girl Walk // All Day;nan;Jacob Krupnick;['Music'];English;3.97;77
Lucky Numbers;nan;Nora Ephron;['Comedy', 'Crime'];English;2.38;105
16 Shots;nan;Rick Rowley;['Documentary'];English;3.55;92
Shirley;nan;Josephine Decker;['Mystery', 'Thriller', 'Drama'];English;3.36;107
Give Me Liberty;nan;Kirill Mikhanovsky;['Comedy', 'Drama'];English;3.66;110
The King of Staten Island;nan;Judd Apatow;['Drama', 'Comedy'];English;3.44;137
Damsel;nan;David Zellner, Nathan Zellner;['Western', 'Comedy', 'Drama'];English;3.0;114
The Limey;nan;Steven Soderbergh;['Drama', 'Mystery', 'Thriller', 'Crime'];English;3.59;89
The Stepford Wives;nan;Frank Oz;['Science Fiction', 'Horror', 'Comedy'];English;2.94;93
Dirty Rotten Scoundrels;nan;Frank Oz;['Comedy', 'Crime'];English;3.71;110
In & Out;nan;Frank Oz;['Comedy'];English;3.3;90
Housesitter;nan;Frank Oz;['Romance', 'Comedy'];English;3.02;102
The Indian in the Cupboard;nan;Frank Oz;['Adventure', 'Fantasy', 'Family'];English;2.9;96
Muppet Guys Talking: Secrets Behind the Show the Whole World Watched;nan;Frank Oz;['Documentary'];English;3.6;65
Bowfinger;nan;Frank Oz;['Comedy'];English;3.37;97
May It Last: A Portrait of the Avett Brothers;nan;Michael Bonfiglio, Judd Apatow;['Documentary', 'Music'];English;3.98;107
The Zen Diaries of Garry Shandling;nan;Judd Apatow;['Documentary'];English;4.04;259
Witness to Murder;nan;Roy Rowland;['Crime', 'Drama', 'Thriller'];English;3.32;83
The 5,000 Fingers of Dr. T.;nan;Roy Rowland;['Family', 'Fantasy', 'Music'];English;3.45;89
Scene of the Crime;nan;Roy Rowland;['Crime', 'Mystery', 'Drama'];English;3.27;94
Our Vines Have Tender Grapes;nan;Roy Rowland;['Drama', 'Family'];English;3.5;105
Hit the Deck;nan;Roy Rowland;['Romance', 'Music', 'Comedy'];English;3.25;112
Rogue Cop;nan;Roy Rowland;['Crime', 'Drama'];English;3.34;92
Meet Me in Las Vegas;nan;Roy Rowland;['Romance', 'Comedy', 'Music'];English;3.29;112
Hollywood Party;nan;George Stevens, Charles Reisner;['Comedy', 'Music'];English;3.13;68
Two Weeks with Love;nan;Roy Rowland;['Music', 'Comedy', 'Romance'];English;3.35;92
The Girl Hunters;nan;Roy Rowland;['Mystery', 'Crime'];English;3.21;98
The Moonlighter;nan;Roy Rowland;['Western'];English;3.07;78
These Wilder Years;nan;Roy Rowland;['Drama'];English;3.34;91
Tenth Avenue Angel;nan;Roy Rowland;['Drama'];English;3.24;74
Many Rivers to Cross;nan;Roy Rowland;['Western', 'Romance', 'Comedy'];English;3.19;95
Lost Angel;nan;Roy Rowland;['Drama'];English;nan;91
Gun Glory;nan;Roy Rowland;['Western'];English;nan;89
Excuse My Dust;nan;Roy Rowland;['Comedy', 'Music'];English;nan;82
Slander;nan;Roy Rowland;['Drama'];English;nan;81
Affair with a Stranger;nan;Roy Rowland;['Romance', 'Drama'];English;nan;89
A Stranger in Town;nan;Roy Rowland;['Crime', 'Romance'];English;3.33;67
The Outriders;nan;Roy Rowland;['Western'];English;nan;93
The Romance of Rosy Ridge;nan;Roy Rowland;['Drama', 'Romance', 'Western', 'Comedy'];English;nan;105
Seven Hills of Rome;nan;Roy Rowland;['Romance', 'Drama'];English;nan;107
Hollywood Party;nan;Roy Rowland;['Comedy', 'Music'];English;nan;21
Killer McCoy;nan;Roy Rowland;['Drama'];English;nan;104
Bugles in the Afternoon;nan;Roy Rowland;['Western'];English;nan;85
Jack Pot;nan;Roy Rowland;['Crime', 'Drama'];English;nan;20
Gunfighters of Casa Grande;nan;Roy Rowland;['Western'];English;nan;90
Man Called Gringo;nan;Roy Rowland;['Western'];German;nan;86
The Big Hit of Surcouf;nan;Sergio Bergonzelli, Roy Rowland;['Adventure'];French;nan;97
The Last Princess of Royal Blood;nan;Bayaneruul;['Drama'];Mongolian;nan;96
诺日吉玛;nan;Bayaneruul;['Drama', 'War', 'Music'];Chinese;nan;107
Borat: Cultural Learnings of America for Make Benefit Glorious Nation of Kazakhstan;nan;Larry Charles;['Comedy'];English;3.73;84
Army of One;nan;Larry Charles;['Comedy'];English;2.72;92
Religulous;nan;Larry Charles;['Comedy', 'Documentary'];English;3.26;101
Shaolin Soccer;nan;Stephen Chow;['Comedy', 'Action'];Cantonese;3.75;113
Kung Fu Hustle;nan;Stephen Chow;['Comedy', 'Fantasy', 'Crime', 'Action'];Cantonese;3.98;99
The Mermaid;nan;Stephen Chow;['Comedy', 'Romance', 'Fantasy'];Chinese;3.1;93
Journey to the West: Conquering the Demons;nan;Stephen Chow;['Adventure', 'Action', 'Comedy', 'Fantasy'];Chinese;3.45;110
The God of Cookery;nan;Stephen Chow, Lee Lik-Chi;['Comedy', 'Drama', 'Fantasy'];Cantonese;3.74;95
CJ7;nan;Stephen Chow;['Family', 'Science Fiction', 'Comedy', 'Fantasy', 'Drama'];Cantonese;3.24;88
King of Comedy;nan;Lee Lik-Chi, Stephen Chow;['Romance', 'Comedy', 'Drama'];Cantonese;3.7;89
From Beijing with Love;nan;Stephen Chow, Lee Lik-Chi;['Action', 'Comedy'];Cantonese;3.61;84
Love on Delivery;nan;Lee Lik-Chi;['Comedy', 'Action'];Cantonese;3.74;100
The New King of Comedy;nan;Stephen Chow;['Comedy'];Chinese;3.04;91
Forbidden City Cop;nan;Vincent Kok Tak-Chiu, Stephen Chow;['Action', 'Adventure', 'Comedy'];Cantonese;3.51;89
1:99 Shorts;nan;Wai Ka-Fai, Fruit Chan;['Comedy', 'Drama'];Cantonese;nan;72
Climax;nan;Gaspar Noé;['Horror', 'Drama'];French;3.77;97
7 Days in Havana;nan;Laurent Cantet, Benicio del Toro;['Drama'];Spanish;3.02;129
Short Plays;nan;Vincent Gallo, Karim Aïnouz;['Drama', 'Documentary'];Spanish;3.29;105
A Hypnotic Television Experience;nan;Gaspar Noé;['Fantasy', 'Documentary'];French;3.21;27
Tintarella di Luna;nan;Gaspar Noé;['Drama', 'Mystery', 'Science Fiction'];French;2.91;18
We Fuck Alone;nan;Gaspar Noé;nan;No spoken language;2.43;24
8: SIDA;nan;Gaspar Noé;['Documentary', 'Drama'];French;3.44;18
Intoxication;nan;Gaspar Noé;['Documentary', 'Drama'];French;2.68;5
8;nan;Gael García Bernal, Gus Van Sant;['Drama'];English;3.28;100
Destricted;nan;Marina Abramović, Matthew Barney;['Romance', 'Drama'];English;2.72;116
Eva;nan;Gaspar Noé;['Fantasy', 'Drama'];No spoken language;2.69;6
Sodomites;nan;Gaspar Noé;nan;No spoken language;2.1;7
Carne;nan;Gaspar Noé;['Thriller', 'Drama', 'Crime'];French;3.37;38
Lux Æterna;nan;Gaspar Noé;['Horror', 'Drama'];French;3.47;51
7 Days in Havana;nan;Laurent Cantet, Benicio del Toro;['Drama'];Spanish;3.02;129
House of Flying Daggers;nan;Zhang Yimou;['Romance', 'Drama', 'Action', 'Adventure'];Chinese;3.77;119
Red Sorghum;nan;Zhang Yimou;['History', 'Drama', 'Romance'];Chinese;3.76;91
Curse of the Golden Flower;nan;Zhang Yimou;['Drama', 'Action', 'Fantasy'];Chinese;3.52;114
To Live;nan;Zhang Yimou;['Romance', 'War', 'Drama'];Chinese;4.21;133
The Flowers of War;nan;Zhang Yimou;['War', 'History', 'Drama'];Chinese;3.65;146
Shadow;nan;Zhang Yimou;['Action', 'War'];Chinese;3.63;116
Raise the Red Lantern;nan;Zhang Yimou;['Drama'];Chinese;4.32;125
The Great Wall;nan;Zhang Yimou;['Action', 'Fantasy', 'Adventure'];English;2.27;103
To Each His Own Cinema;nan;Theo Angelopoulos, Olivier Assayas;['Comedy', 'Drama'];French;3.5;100
Ju Dou;nan;Zhang Yimou;['Drama'];Chinese;3.82;95
The Road Home;nan;Zhang Yimou;['Romance', 'Drama'];Chinese;3.8;89
Love and Monsters;nan;Michael Matthews;['Adventure', 'Action', 'Comedy', 'Fantasy', 'Science Fiction'];English;3.2;109
The Trial of the Chicago 7;nan;Aaron Sorkin;['History', 'Drama'];English;3.75;130
Hubie Halloween;nan;Steven Brill;['Horror', 'Mystery', 'Comedy'];English;2.21;103
I'm Your Woman;nan;Julia Hart;['Crime', 'Drama'];English;3.24;120
French Exit;nan;Azazel Jacobs;['Comedy', 'Drama'];English;3.13;113
Cuties;nan;Maïmouna Doucouré;['Drama'];French;2.5;96
Bundle of Joy;nan;Norman Taurog;['Music', 'Romance', 'Comedy'];English;3.08;98
Felon;nan;Ric Roman Waugh;['Drama', 'Action', 'Thriller', 'Crime'];English;3.39;103
Jumanji: The Next Level;nan;Jake Kasdan;['Adventure', 'Fantasy', 'Comedy'];English;2.86;123
American Pie Presents: Girls' Rules;nan;Mike Elliott;['Comedy'];English;1.78;95
The Haunting of Bly Manor;nan;Mike Flanagan, Ciarán Foy;['Drama', 'Horror', 'Mystery'];English;3.9;494
Enola Holmes;nan;Harry Bradbeer;['Mystery', 'Crime', 'Adventure'];English;3.09;123
BLACKPINK: Light Up the Sky;nan;Caroline Suh;['Music', 'Documentary'];Korean;3.68;79
The Wolf of Snow Hollow;nan;Jim Cummings;['Horror', 'Thriller'];English;3.32;85
The Devil All the Time;nan;Antonio Campos;['Drama', 'Crime', 'Thriller'];English;3.31;138
I'm Thinking of Ending Things;nan;Charlie Kaufman;['Mystery', 'Drama', 'Fantasy', 'Thriller'];English;3.47;135
Tenet;nan;Christopher Nolan;['Action', 'Thriller', 'Science Fiction'];English;3.41;150
The Social Dilemma;nan;Jeff Orlowski;['Documentary', 'Drama'];English;3.25;94
Invasion of the Bee Girls;nan;Denis Sanders;['Science Fiction', 'Thriller', 'Horror'];English;2.64;85
The Love Parade;nan;Ernst Lubitsch;['Romance', 'Comedy'];English;3.44;107
Nuts;nan;Martin Ritt;['Drama'];English;3.24;116
Nuts;nan;Martin Ritt;['Drama'];English;3.24;116
Ant-Man and the Wasp;nan;Peyton Reed;['Adventure', 'Action', 'Science Fiction'];English;2.86;119
Ant-Man and the Wasp;nan;Peyton Reed;['Adventure', 'Action', 'Science Fiction'];English;2.86;119
Alucarda;nan;Juan López Moctezuma;['Horror'];English;3.48;77
Belladonna of Sadness;nan;Eiichi Yamamoto;['Drama', 'Fantasy', 'Animation'];Japanese;3.74;86
Lemon;nan;Janicza Bravo;['Comedy', 'Drama'];English;2.69;83
Teen Wolf Too;nan;Christopher Leitch;['Comedy', 'Fantasy', 'Family'];English;2.05;95
When They See Us;nan;Ava DuVernay;['Drama'];English;4.57;296
Da 5 Bloods;nan;Spike Lee;['Drama', 'War'];English;3.5;155
Into the Darkness;nan;Anders Refn;['History', 'War', 'Drama'];Danish;3.23;152
Palm Springs;nan;Max Barbakow;['Romance', 'Science Fiction', 'Comedy'];English;3.77;90
Nine Days;nan;Edson Oda;['Fantasy', 'Drama'];English;3.82;124
Nomadland;nan;Chloé Zhao;['Drama'];English;3.82;108
The Invisible Man;nan;Leigh Whannell;['Science Fiction', 'Horror', 'Thriller'];English;3.42;124
The Way Back;nan;Gavin O'Connor;['Drama'];English;3.3;107
Calm with Horses;nan;Nick Rowland;['Drama', 'Crime'];English;3.54;100
First Cow;nan;Kelly Reichardt;['Western', 'Drama'];English;3.9;122
Boys State;nan;Jesse Moss, Amanda McBaine;['Documentary'];English;3.95;110
Dick Johnson Is Dead;nan;Kirsten Johnson;['Documentary'];English;3.92;89
Sorry We Missed You;nan;Ken Loach;['Drama'];English;3.95;101
Bad Education;nan;Cory Finley;['History', 'Crime', 'Drama'];English;3.65;108
Babyteeth;nan;Shannon Murphy;['Drama', 'Romance', 'Comedy'];English;3.75;118
Possessor;nan;Brandon Cronenberg;['Science Fiction', 'Thriller', 'Horror'];English;3.57;103
Justice League Dark: Apokolips War;nan;Matt Peters, Christina Sotta;['Action', 'Fantasy', 'Animation', 'Science Fiction', 'Adventure'];English;3.56;90
The Platform;nan;Galder Gaztelu-Urrutia;['Drama', 'Science Fiction', 'Thriller'];Spanish;3.24;95
The Forty-Year-Old Version;nan;Radha Blank;['Drama', 'Music', 'Comedy'];English;3.78;123
Host;nan;Rob Savage;['Horror', 'Mystery'];English;3.2;57
Yes, God, Yes;nan;Karen Maine;['Drama', 'Comedy'];English;2.92;78
Robin's Wish;nan;Tylor Norwood;['Documentary'];English;3.61;76
Tigertail;nan;Alan Yang;['Drama'];English;3.32;91
The Old Guard;nan;Gina Prince-Bythewood;['Fantasy', 'Action'];English;3.04;125
The Half of It;nan;Alice Wu;['Romance', 'Comedy', 'Drama'];English;3.24;104
Bill & Ted Face the Music;nan;Dean Parisot;['Science Fiction', 'Adventure', 'Comedy'];English;2.98;92
Bad Boys for Life;nan;Bilall Fallah, Adil El Arbi;['Crime', 'Action', 'Thriller'];English;2.91;124
Bad Boys for Life;nan;Bilall Fallah, Adil El Arbi;['Crime', 'Action', 'Thriller'];English;2.91;124
On the Rocks;nan;Sofia Coppola;['Romance', 'Comedy', 'Drama'];English;3.15;96
The Vast of Night;nan;Andrew Patterson;['Drama', 'Thriller', 'Science Fiction', 'Mystery'];English;3.55;91
VFW;nan;Joe Begos;['Horror', 'Crime', 'Thriller', 'Action'];English;3.13;92
Big Time Adolescence;nan;Jason Orley;['Comedy', 'Drama'];English;3.44;91
Relic;nan;Natalie Erika James;['Horror', 'Mystery'];English;3.15;89
37 Seconds;nan;Hikari;['Drama'];Japanese;3.69;115
Troop Zero;nan;Bertie, Bert;['Comedy', 'Drama', 'Family'];English;3.42;94
Unpregnant;nan;Rachel Lee Goldenberg;['Drama', 'Comedy'];English;3.4;104
Unpregnant;nan;Rachel Lee Goldenberg;['Drama', 'Comedy'];English;3.4;104
Emma.;nan;Autumn de Wilde;['Romance', 'Comedy'];English;3.71;125
The Hater;nan;Jan Komasa;['Thriller', 'Drama'];Polish;3.47;136
LA Originals;nan;Estevan Oriol;['Documentary'];English;3.56;92
The Outpost;nan;Rod Lurie;['Drama', 'Action', 'History', 'War'];English;3.29;123
The Lodge;nan;Veronika Franz, Severin Fiala;['Horror', 'Thriller', 'Mystery', 'Drama'];English;3.12;108
Extraction;nan;Sam Hargrave;['Thriller', 'Action'];English;3.12;116
Birds of Prey (and the Fantabulous Emancipation of One Harley Quinn);nan;Cathy Yan;['Action', 'Crime'];English;3.02;109
The Broken Hearts Gallery;nan;Natalie Krinsky;['Comedy', 'Romance'];English;3.3;109
American Murder: The Family Next Door;nan;Jenny Popplewell;['Documentary'];English;3.3;83
The Boys in the Band;nan;Joe Mantello;['Drama'];English;3.39;121
#Alive;nan;Cho Il;['Action', 'Horror'];Korean;3.07;98
Clouds;nan;Justin Baldoni;['Drama', 'Music', 'Romance'];English;3.44;121
The Hunt;nan;Craig Zobel;['Thriller', 'Action', 'Horror'];English;2.97;90
True History of the Kelly Gang;nan;Justin Kurzel;['Drama', 'Western', 'Crime', 'Thriller'];English;3.26;124
Batman: Death in the Family;nan;Brandon Vietti;['Action', 'Animation'];English;2.94;96
Get Duked!;nan;Ninian Doff;['Comedy', 'Horror', 'Action'];English;3.33;87
The Assistant;nan;Kitty Green;['Drama'];English;3.51;88
Spree;nan;Eugene Kotlyarenko;['Horror', 'Comedy', 'Thriller', 'Crime'];English;3.09;93
Swallow;nan;Carlo Mirabella-Davis;['Thriller', 'Drama', 'Horror'];English;3.42;95
Color Out of Space;nan;Richard Stanley;['Science Fiction', 'Thriller', 'Horror', 'Mystery'];English;3.18;110
A Shaun the Sheep Movie: Farmageddon;nan;Will Becher, Richard Phelan;['Animation', 'Science Fiction', 'Adventure', 'Family', 'Comedy'];English;3.35;87
Superman: Red Son;nan;Sam Liu;['Animation', 'Science Fiction', 'Action'];English;3.06;84
To All the Boys: P.S. I Still Love You;nan;Michael Fimognari;['Comedy', 'Romance'];English;2.52;102
Mulan;nan;Niki Caro;['Action', 'Fantasy', 'Adventure', 'Family'];English;2.25;115
Greyhound;nan;Aaron Schneider;['Action', 'War', 'Drama'];English;3.18;92
Phineas and Ferb the Movie: Candace Against the Universe;nan;Dan Povenmire, Bob Bowen;['Comedy', 'Family', 'Science Fiction', 'Animation'];English;3.31;85
Project Power;nan;Ariel Schulman, Henry Joost;['Science Fiction', 'Action', 'Crime'];English;2.54;113
The Banker;nan;George Nolfi;['Drama'];English;3.47;120
Sea Fever;nan;Neasa Hardiman;['Mystery', 'Drama', 'Thriller', 'Horror', 'Science Fiction'];English;2.96;95
Timmy Failure: Mistakes Were Made;nan;Tom McCarthy;['Fantasy', 'Mystery', 'Comedy', 'Family'];English;2.87;99
Superman: Man of Tomorrow;nan;Chris Palmer;['Animation', 'Action', 'Science Fiction'];English;3.14;87
Buffaloed;nan;Tanya Wexler;['Comedy', 'Drama'];English;3.18;95
A Whisker Away;nan;Junichi Sato, Tomotaka Shibayama;['Fantasy', 'Romance', 'Drama', 'Animation'];Japanese;3.23;104
An American Pickle;nan;Brandon Trost;['Drama', 'Comedy'];English;2.76;89
Becky;nan;Cary Murnion, Jonathan Milott;['Thriller', 'Horror', 'Action'];English;3.0;93
Impractical Jokers: The Movie;nan;Chris Henchy;['Comedy'];English;2.91;92
Escape from Pretoria;nan;Francis Annan;['History', 'Thriller', 'Drama'];English;3.33;102
All the Bright Places;nan;Brett Haley;['Drama', 'Romance'];English;3.01;108
We Summon the Darkness;nan;Marc Meyers;['Thriller', 'Horror'];English;2.54;91
Uncorked;nan;Prentice Penny;['Comedy', 'Drama'];English;3.17;104
Nocturne;nan;Zu Quirke;['Horror', 'Mystery', 'Thriller'];English;2.78;90
7500;nan;Patrick Vollrath;['Thriller', 'Action', 'Drama'];English;3.01;94
Black Box;nan;Emmanuel Osei-Kuffour, Jr.;['Thriller', 'Science Fiction', 'Horror'];English;2.94;100
The Lovebirds;nan;Michael Showalter;['Comedy', 'Action', 'Romance'];English;2.89;87
The Occupant;nan;David Pastor, Àlex Pastor;['Thriller', 'Drama'];Spanish;3.01;103
The New Mutants;nan;Josh Boone;['Horror', 'Science Fiction', 'Action'];English;2.11;94
Scoob!;nan;Tony Cervone;['Animation', 'Family', 'Mystery', 'Comedy'];English;2.27;93
The One and Only Ivan;nan;Thea Sharrock;['Comedy', 'Family', 'Drama'];English;2.95;93
Blow the Man Down;nan;Bridget Savage Cole, Danielle Krudy;['Drama', 'Comedy', 'Mystery'];English;3.41;90
Altered Carbon: Resleeved;nan;Yoshiyuki Okada, Takeru Nakajima;['Animation', 'Science Fiction'];Japanese;3.1;75
My Spy;nan;Peter Segal;['Comedy', 'Action', 'Family'];English;2.63;99
Work It;nan;Laura Terruso;['Music', 'Comedy'];English;2.53;93
The High Note;nan;Nisha Ganatra;['Comedy', 'Drama', 'Music', 'Romance'];English;3.15;113
Arkansas;nan;Clark Duke;['Crime', 'Thriller', 'Action', 'Mystery'];English;3.05;117
Peninsula;nan;Yeon Sang-ho;['Horror', 'Thriller', 'Action', 'Adventure'];Korean;2.54;115
Guilty;nan;Ruchi Narain;['Thriller', 'Drama'];Hindi;2.77;119
Unhinged;nan;Derrick Borte;['Horror', 'Action', 'Thriller'];English;2.6;90
Ultras;nan;Francesco Lettieri;['Drama'];Italian;3.03;109
Underwater;nan;William Eubank;['Science Fiction', 'Horror', 'Action', 'Adventure'];English;2.8;95
The Wretched;nan;Drew T. Pierce, Brett Pierce;['Horror', 'Mystery', 'Thriller'];English;2.63;95
The Last Full Measure;nan;Todd Robinson;['Action', 'War', 'Drama'];English;3.13;110
The Photograph;nan;Stella Meghie;['Drama', 'Romance'];English;3.11;106
Chemical Hearts;nan;Richard Tanne;['Drama', 'Romance'];English;2.53;93
Irresistible;nan;Jon Stewart;['Comedy', 'Drama'];English;2.75;101
The Rental;nan;Dave Franco;['Horror', 'Thriller'];English;2.63;88
All Day and a Night;nan;Joe Robert Cole;['Drama'];English;3.21;121
Trolls World Tour;nan;Walt Dohrn;['Music', 'Adventure', 'Fantasy', 'Family', 'Comedy', 'Animation'];English;2.78;91
Sergio;nan;Greg Barker;['Drama'];English;2.82;118
Magic Camp;nan;Mark Waters;['Fantasy', 'Comedy', 'Family'];English;2.65;100
The Call of the Wild;nan;Chris Sanders;['Family', 'Drama', 'Adventure'];English;3.01;100
Horse Girl;nan;Jeff Baena;['Drama'];English;2.95;104
Vampires vs. the Bronx;nan;Oz Rodríguez;['Comedy', 'Horror'];English;2.89;86
She Dies Tomorrow;nan;Amy Seimetz;['Drama'];English;2.87;85
Resistance;nan;Jonathan Jakubowicz;['Drama', 'History', 'War'];English;3.22;120
The Babysitter: Killer Queen;nan;McG;['Comedy', 'Horror'];English;2.51;101
Eurovision Song Contest: The Story of Fire Saga;nan;David Dobkin;['Music', 'Comedy'];English;2.8;123
Lost Girls;nan;Liz Garbus;['History', 'Drama', 'Thriller', 'Mystery'];English;2.81;95
Lost Girls;nan;Liz Garbus;['History', 'Drama', 'Thriller', 'Mystery'];English;2.81;95
Body Cam;nan;Malik Vitthal;['Mystery', 'Thriller', 'Horror'];English;2.39;96
Spenser Confidential;nan;Peter Berg;['Thriller', 'Comedy', 'Action'];English;2.47;110
Sputnik;nan;Egor Abramenko;['Horror', 'Drama', 'Science Fiction'];Russian;3.18;113
A Babysitter's Guide to Monster Hunting;nan;Rachel Talalay;['Adventure', 'Family', 'Fantasy', 'Comedy'];English;2.33;94
Secret Society of Second Born Royals;nan;Anna Mastro;['Action', 'Adventure', 'Fantasy', 'Comedy'];English;2.21;97
Love Wedding Repeat;nan;Dean Craig;['Romance', 'Comedy'];English;2.27;100
The Coldest Game;nan;Łukasz Kośmicki;['Drama', 'Thriller'];English;2.74;104
The Binge;nan;Jeremy Garelick;['Comedy'];English;2.51;98
Wasp Network;nan;Olivier Assayas;['Drama', 'Thriller', 'History'];English;2.8;128
Gretel & Hansel;nan;Osgood Perkins;['Mystery', 'Fantasy', 'Horror'];English;2.76;87
The Tax Collector;nan;David Ayer;['Drama', 'Crime', 'Action'];English;2.05;95
Capone;nan;Josh Trank;['Crime', 'Drama'];English;2.28;103
Valley Girl;nan;Rachel Lee Goldenberg;['Music', 'Comedy', 'Romance'];English;2.67;102
Ghost Stories;nan;Karan Johar, Zoya Akhtar;['Horror'];Hindi;2.62;144
Antebellum;nan;Gerard Bush, Christopher Renz;['Horror'];English;2.68;105
Earth and Blood;nan;Julien Leclercq;['Action', 'Thriller'];French;2.57;80
Radioactive;nan;Marjane Satrapi;['Romance', 'History', 'Drama'];English;2.84;111
Go!;nan;Owen Trevor;['Family'];English;2.59;110
Love, Guaranteed;nan;Mark Steven Johnson;['Romance', 'Comedy'];English;2.23;91
The Rhythm Section;nan;Reed Morano;['Thriller', 'Action'];English;2.42;109
Evil Eye;nan;Elan Dassani, Rajeev Dassani;['Thriller', 'Mystery', 'Horror'];English;2.35;90
The Binding;nan;Domenico Emanuele de Feudis;['Thriller', 'Horror', 'Drama'];Italian;2.31;93
Amulet;nan;Romola Garai;['Horror'];English;2.78;99
Bloodshot;nan;Dave Wilson;['Adventure', 'Action', 'Science Fiction'];English;2.12;110
The Sleepover;nan;Trish Sie;['Family', 'Action'];English;2.33;103
Inheritance;nan;Vaughn Stein;['Mystery', 'Drama', 'Thriller'];English;2.56;110
The Wrong Missy;nan;Tyler Spindel;['Comedy', 'Romance'];English;2.19;90
Ava;nan;Tate Taylor;['Crime', 'Action', 'Thriller'];English;2.19;96
Dolittle;nan;Stephen Gaghan;['Adventure', 'Fantasy', 'Family', 'Comedy'];English;2.08;101
You Should Have Left;nan;David Koepp;['Horror', 'Thriller'];English;2.35;93
A Fall from Grace;nan;Tyler Perry;['Thriller', 'Mystery', 'Drama'];English;2.61;120
Like a Boss;nan;Miguel Arteta;['Comedy'];English;2.19;83
The Night Clerk;nan;Michael Cristofer;['Thriller', 'Crime', 'Drama'];English;2.38;90
Coffee & Kareem;nan;Michael Dowse;['Action', 'Crime', 'Comedy'];English;2.21;88
The Main Event;nan;Jaime Eliezer Karas;['Family', 'Comedy'];English;2.08;102
The Last Days of American Crime;nan;Olivier Megaton;['Crime', 'Action', 'Thriller'];English;1.71;149
The Lie;nan;Veena Sud;['Thriller', 'Horror', 'Mystery'];English;2.28;95
Dangerous Lies;nan;Michael M. Scott;['Thriller'];English;2.05;96
Behind You;nan;Andrew Mecham, Matthew Whedon;['Horror'];English;1.86;86
John Henry;nan;Will Forbes;['Drama', 'Thriller'];English;1.85;91
The Kissing Booth 2;nan;Vince Marcello;['Romance', 'Comedy'];English;1.49;132
Desperados;nan;LP;['Comedy', 'Romance'];English;2.08;105
Brahms: The Boy II;nan;William Brent Bell;['Mystery', 'Horror', 'Thriller'];English;1.72;86
The Turning;nan;Floria Sigismondi;['Thriller', 'Horror'];English;1.81;94
The Grudge;nan;Nicolas Pesce;['Horror', 'Mystery'];English;1.73;93
Fatal Affair;nan;Peter Sullivan;['Thriller'];English;1.92;89
The Last Thing He Wanted;nan;Dee Rees;['Thriller', 'Drama'];English;1.91;116
The Murder of Nicole Brown Simpson;nan;Daniel Farrands;['Thriller', 'Crime', 'Drama'];English;1.39;86
Fantasy Island;nan;Jeff Wadlow;['Adventure', 'Fantasy', 'Mystery', 'Horror'];English;1.76;109
The Jesus Rolls;nan;John Turturro;['Crime', 'Comedy', 'Drama'];English;2.05;85
365 Days;nan;Barbara Białowąs, Tomasz Mandes;['Drama', 'Romance'];Polish;1.08;116
Radar Men from the Moon;nan;Fred C. Brannon;['Action', 'Science Fiction'];English;2.97;169
King of the Rocket Men;nan;Fred C. Brannon;['Adventure', 'Action', 'Crime', 'Science Fiction'];English;nan;167
The Wolf of Wall Street;nan;Martin Scorsese;['Comedy', 'Drama', 'Crime'];English;3.99;180
Mind Game;nan;Masaaki Yuasa;['Animation', 'Drama', 'Comedy', 'Romance', 'Fantasy'];Japanese;4.18;103
Mera Naam Joker;nan;Raj Kapoor;['Drama', 'Romance'];Hindi;3.78;248
Meet the Deedles;nan;Steve Boyum;['Family', 'Comedy'];English;2.29;93
Meet the Applegates;nan;Michael Lehmann;['Comedy', 'Fantasy', 'Horror'];English;2.94;90
College Road Trip;nan;Roger Kumble;['Action', 'Comedy', 'Family', 'Adventure'];English;2.46;83
Minari;nan;Lee Isaac Chung;['Drama'];English;4.09;115
Honey Boy;nan;Alma Har'el;['Drama'];English;3.82;94
Demented Death Farm Massacre;nan;Donn Davison, Fred Olen Ray;['Horror', 'Comedy', 'Thriller'];English;2.73;85
Demented Death Farm Massacre;nan;Donn Davison, Fred Olen Ray;['Horror', 'Comedy', 'Thriller'];English;2.73;85
Manhunt;nan;Greg Yaitanes;['Mystery', 'Crime'];English;3.88;336
Shithouse;nan;Cooper Raiff;['Comedy', 'Drama', 'Romance'];English;3.76;102
Borat Subsequent Moviefilm;nan;Jason Woliner;['Comedy'];English;3.28;96
Stoker;nan;Park Chan-wook;['Drama', 'Thriller', 'Horror'];English;3.58;99
Spontaneous;nan;Brian Duffield;['Comedy', 'Horror'];English;3.23;102
Friend Request;nan;Simon Verhoeven;['Horror', 'Thriller'];English;2.02;92
Lupin III: The First;nan;Takashi Yamazaki;['Adventure', 'Animation', 'Action'];Japanese;3.65;93
Rebecca;nan;Ben Wheatley;['Thriller', 'Drama', 'Romance', 'Mystery'];English;2.54;123
Time;nan;Garrett Bradley;['Documentary'];English;3.77;81
Bruce Springsteen's Letter to You;nan;Thom Zimny;['Music', 'Documentary'];English;3.63;90
Kiss the Girls;nan;Gary Fleder;['Drama', 'Crime', 'Mystery', 'Thriller'];English;3.1;115
What Lies Beneath;nan;Robert Zemeckis;['Horror', 'Thriller', 'Drama', 'Mystery'];English;3.15;130
The Velvet Vampire;nan;Stephanie Rothman;['Horror'];English;2.97;80
Ravenous;nan;Antonia Bird;['Comedy', 'Western', 'Drama', 'Adventure', 'Horror'];English;3.65;101
Madagascar: Escape 2 Africa;nan;Eric Darnell, Tom McGrath;['Animation', 'Family', 'Comedy', 'Adventure'];English;3.17;89
Marvel One-Shot: Item 47;nan;Louis D'Esposito;['Science Fiction', 'Fantasy', 'Action'];English;2.9;12
United Skates;nan;Tina Brown, Dyana Winkler;['Documentary'];English;3.74;89
Marvel One-Shot: The Consultant;nan;Leythum;['Action', 'Adventure', 'Fantasy', 'Science Fiction'];English;2.75;4
Marvel One-Shot: A Funny Thing Happened on the Way to Thor's Hammer;nan;Leythum;['Fantasy', 'Action', 'Adventure', 'Comedy', 'Science Fiction'];English;3.09;4
Conspiracy: The Trial of the Chicago 8;nan;Jeremy Kagan;['Drama', 'TV Movie'];English;nan;118
Meet Me in St. Louis;nan;Vincente Minnelli;['Romance', 'Comedy', 'Drama', 'Family'];English;3.81;114
Coming Home Again;nan;Wayne Wang;['Drama'];English;3.22;86
The Long, Long Trailer;nan;Vincente Minnelli;['Romance', 'Comedy'];English;3.37;96
Freaky;nan;Christopher Landon;['Horror', 'Comedy', 'Thriller'];English;3.09;102
Fireball: Visitors from Darker Worlds;nan;Werner Herzog, Clive Oppenheimer;['Documentary'];English;3.59;98
Batman & Mr. Freeze: SubZero;nan;Boyd Kirkland;['Action', 'Crime', 'Animation'];English;3.36;67
The 8 Diagram Pole Fighter;nan;Lau Kar-Leung;['Drama', 'Action'];Cantonese;4.04;98
2067;nan;Seth Larney;['Science Fiction'];English;2.31;114
Angels in America;nan;Mike Nichols;['Drama'];English;4.23;352
Lemora: A Child's Tale of the Supernatural;nan;Richard Blackburn;['Horror'];English;3.32;85
Messiah of Evil;nan;Willard Huyck, Gloria Katz;['Horror', 'Mystery'];English;3.54;90
The Mask;nan;Julian Roffman;['Horror', 'Thriller'];English;3.09;83
Malpertuis;nan;Harry Kümel;['Horror', 'Fantasy', 'Drama'];Dutch;3.48;125
Neither the Sea Nor the Sand;nan;Fred Burnley;['Horror', 'Fantasy', 'Romance'];English;3.2;91
Lisa and the Devil;nan;Mario Bava;['Horror'];Italian;3.37;95
The Mafu Cage;nan;Karen Arthur;['Horror', 'Thriller'];English;3.44;102
Incubus;nan;Leslie Stevens;['Horror'];Esperanto;3.22;74
Five Dolls for an August Moon;nan;Mario Bava;['Mystery', 'Thriller', 'Horror'];Italian;3.04;82
Four Flies on Grey Velvet;nan;Dario Argento;['Thriller', 'Mystery', 'Horror'];Italian;3.43;104
Ganja & Hess;nan;Bill Gunn;['Fantasy', 'Drama', 'Horror'];English;3.63;113
The Diabolical Dr. Z;nan;Jesús Franco;['Science Fiction', 'Horror'];Spanish;3.47;86
Dementia;nan;John Parker;['Horror'];English;3.62;56
Day-Dream;nan;Tetsuji Takechi;['Horror', 'Thriller', 'Drama'];Japanese;3.39;92
Daughters of Fire;nan;Walter Hugo Khouri;['Mystery', 'Horror'];Portuguese;3.65;98
Daughters of Darkness;nan;Harry Kümel;['Drama', 'Thriller', 'Horror'];English;3.53;100
Vampir Cuadecuc;nan;Pere Portabella;['Documentary'];English;3.56;67
Born of Fire;nan;Jamil Dehlavi;['Horror', 'Drama', 'Fantasy'];English;3.37;84
Blind Beast;nan;Yasuzō Masumura;['Horror', 'Thriller'];Japanese;3.7;84
Baron Olavo, The Horrible;nan;Júlio Bressane;['Horror', 'Crime', 'Comedy'];Portuguese;3.34;72
The Beast;nan;Walerian Borowczyk;['Drama', 'Horror', 'Fantasy', 'Romance'];French;3.07;98
The Beautiful Prisoner;nan;Alain Robbe-Grillet;['Mystery', 'Drama'];French;3.5;88
Angst;nan;Gerald Kargl;['Thriller', 'Horror', 'Crime'];German;3.73;75
Anguish;nan;Bigas Luna;['Horror', 'Thriller'];English;3.66;84
The Nude Vampire;nan;Jean Rollin;['Science Fiction', 'Horror'];French;3.28;85
ORG;nan;Fernando Birri;['Drama', 'Fantasy', 'Horror'];Italian;nan;177
The Perfume of the Lady in Black;nan;Francesco Barilli;['Horror', 'Drama', 'Mystery'];Italian;3.44;103
The Night Visitor;nan;László Benedek;['Mystery', 'Horror', 'Thriller'];English;3.32;106
The Night of the Hunted;nan;Jean Rollin;['Horror', 'Thriller'];French;3.26;87
Necropolis;nan;Franco Brocani;['Fantasy', 'Horror'];Italian;nan;116
Shock! Shock! Shock!;nan;Arn McConnell, Todd Rutt;['Science Fiction', 'Horror', 'Thriller', 'Comedy'];English;nan;53
Sinthia: The Devil's Doll;nan;Ray Dennis Steckler;['Horror'];English;3.1;78
This Night I'll Possess Your Corpse;nan;José Mojica Marins;['Horror', 'Thriller'];Portuguese;3.71;109
Experiment in Evil;nan;Jean Renoir;['Horror', 'TV Movie', 'Science Fiction'];French;3.46;95
Vampirisme;nan;Bernard Chaouat, Patrice Duvic;['Horror', 'Comedy'];French;nan;12
Vampyros Lesbos;nan;Jesús Franco;['Horror'];German;3.17;89
Viy;nan;Georgi Kropachyov, Konstantin Ershov;['Drama', 'Fantasy', 'Horror'];Russian;3.6;76
Werewolves on Wheels;nan;Michel Levesque;['Horror', 'Action'];English;2.67;85
Napoleon;nan;Abel Gance;['Drama', 'History', 'War'];No spoken language;4.24;330
The Power and the Glory;nan;William K. Howard;['Drama'];English;3.34;76
Secrets of the Soul;nan;Vincenzo Denizot;nan;No spoken language;nan;22
The Infernal Cakewalk;nan;Georges Méliès;['Music', 'Fantasy', 'Comedy'];No spoken language;3.18;6
The Four Horsemen of the Apocalypse;nan;Rex Ingram;['War', 'Drama', 'Romance'];No spoken language;3.45;156
Mr. Deeds Goes to Town;nan;Frank Capra;['Comedy', 'Romance', 'Drama'];English;3.87;115
The Roaring Twenties;nan;Raoul Walsh;['Drama', 'Thriller', 'Crime'];English;3.98;104
How Green Was My Valley;nan;John Ford;['Drama'];English;4.05;118
Duel in the Sun;nan;King Vidor;['Drama', 'Romance', 'Western'];English;3.34;144
Children of Paradise;nan;Marcel Carné;['Drama', 'Romance'];French;4.27;190
Gilda;nan;Charles Vidor;['Romance', 'Thriller', 'Drama'];English;3.75;110
T-Men;nan;Anthony Mann;['Crime', 'Thriller'];English;3.44;92
I Walk Alone;nan;Byron Haskin;['Drama', 'Crime'];English;3.47;97
Germany, Year Zero;nan;Roberto Rossellini;['Drama'];German;4.01;72
The Lady from Shanghai;nan;Orson Welles;['Crime', 'Thriller', 'Mystery'];English;3.86;87
Force of Evil;nan;Abraham Polonsky;['Drama', 'Crime'];English;3.65;79
La Terra Trema;nan;Luchino Visconti;['Drama'];Italian;4.02;160
Macbeth;nan;Orson Welles;['Drama'];English;3.72;107
The Flowers of St. Francis;nan;Roberto Rossellini;['Drama', 'History'];Italian;3.87;87
Stromboli;nan;Roberto Rossellini;['Drama'];Italian;3.85;107
Caught;nan;Max Ophüls;['Romance', 'Drama', 'Thriller'];English;3.66;88
Europe '51;nan;Roberto Rossellini;['Drama'];Italian;3.9;118
The River;nan;Jean Renoir;['Drama', 'Romance'];English;3.81;99
The Magic Box;nan;John Boulting;['Drama'];English;3.43;118
Othello;nan;Orson Welles;['Drama'];English;3.83;93
Julius Caesar;nan;Joseph L. Mankiewicz;['History', 'Drama'];English;3.59;120
Ugetsu;nan;Kenji Mizoguchi;['Fantasy', 'Drama', 'Mystery'];Japanese;4.26;96
Journey to Italy;nan;Roberto Rossellini;['Romance', 'Drama'];Italian;3.82;85
Sweet Smell of Success;nan;Alexander Mackendrick;['Drama'];English;4.24;97
Big Deal on Madonna Street;nan;Mario Monicelli;['Comedy', 'Crime'];Italian;4.0;106
Some Came Running;nan;Vincente Minnelli;['Romance', 'Drama'];English;3.8;137
One, Two, Three;nan;Billy Wilder;['Comedy'];English;3.94;109
Two Weeks in Another Town;nan;Vincente Minnelli;['Drama'];English;3.54;107
Salvatore Giuliano;nan;Francesco Rosi;['Drama', 'Crime'];Italian;3.85;119
Il Sorpasso;nan;Dino Risi;['Comedy', 'Drama'];Italian;4.23;105
America America;nan;Elia Kazan;['Drama', 'History'];English;3.81;174
Jason and the Argonauts;nan;Don Chaffey;['Adventure', 'Family', 'Fantasy'];English;3.63;104
The Leopard;nan;Luchino Visconti;['Drama'];Italian;4.14;186
The Fall of the Roman Empire;nan;Anthony Mann;['History', 'Drama', 'War'];English;3.37;188
The Taking of Power by Louis XIV;nan;Roberto Rossellini;['Drama', 'History'];French;3.7;95
The Butcher;nan;Claude Chabrol;['Drama', 'Crime', 'Thriller'];French;3.77;93
Death by Hanging;nan;Nagisa Ōshima;['Drama', 'Comedy'];Japanese;4.1;118
The American Friend;nan;Wim Wenders;['Crime', 'Drama', 'Thriller'];German;4.02;125
The Merchant of Four Seasons;nan;Rainer Werner Fassbinder;['Drama'];German;3.77;88
Ali: Fear Eats the Soul;nan;Rainer Werner Fassbinder;['Drama', 'Romance'];German;4.18;93
The Messiah;nan;Roberto Rossellini;['Drama', 'History'];Italian;3.74;140
HealtH;nan;Robert Altman;['Comedy'];English;3.2;105
Kings of the Road;nan;Wim Wenders;['Drama'];German;4.0;176
Heaven's Gate;nan;Michael Cimino;['Drama', 'Western'];English;3.76;218
Born on the Fourth of July;nan;Oliver Stone;['War', 'Drama'];English;3.71;145
Commando;nan;Mark L. Lester;['Adventure', 'Action', 'Thriller'];English;3.39;90
Crimson Tide;nan;Tony Scott;['Action', 'War', 'Thriller', 'Drama'];English;3.81;116
Red Meadows;nan;Bodil Ipsen, Lau Lauritzen Jr.;['War', 'Drama'];Danish;3.38;85
Seven Beauties;nan;Lina Wertmüller;['War', 'Comedy', 'Drama'];Italian;3.97;116
Killer of Sheep;nan;Charles Burnett;['Drama'];English;3.94;80
The Housemaid;nan;Kim Ki-young;['Crime', 'Drama'];Korean;3.77;112
The Bitter Tears of Petra von Kant;nan;Rainer Werner Fassbinder;['Romance', 'Drama'];German;4.12;124
The Umbrellas of Cherbourg;nan;Jacques Demy;['Drama', 'Romance'];French;4.14;92
Bob & Carol & Ted & Alice;nan;Paul Mazursky;['Drama', 'Comedy'];English;3.68;105
Girlfriends;nan;Claudia Weill;['Drama', 'Comedy'];English;3.91;86
Dunkirk;nan;Leslie Norman;['War', 'Drama'];English;3.47;134
Letter Never Sent;nan;Mikhail Kalatozov;['Adventure', 'Drama'];Russian;4.06;97
Little Fugitive;nan;Ray Ashley, Morris Engel;['Family', 'Drama'];English;3.84;80
Black Jack;nan;Ken Loach;['History', 'Adventure'];English;3.44;105
Ordinary People;nan;Robert Redford;['Drama'];English;4.01;124
Sophie's Choice;nan;Alan J. Pakula;['War', 'Drama', 'Romance'];English;3.64;151
The Rutles: All You Need Is Cash;nan;Eric Idle, Gary Weis;['TV Movie', 'Music', 'Comedy'];English;3.67;76
Harry and Tonto;nan;Paul Mazursky;['Adventure', 'Drama', 'Comedy'];English;3.67;115
La Ronde;nan;Max Ophüls;['Drama', 'Comedy', 'Romance'];French;3.9;95
The Double Life of Véronique;nan;Krzysztof Kieślowski;['Drama'];French;4.12;98
Winter Light;nan;Ingmar Bergman;['Drama'];Swedish;4.25;80
Tucker and Dale vs. Evil;nan;Eli Craig;['Comedy', 'Horror'];English;3.67;89
The Green Butchers;nan;Anders Thomas Jensen;['Comedy'];Danish;3.61;100
Nerve;nan;Henry Joost, Ariel Schulman;['Adventure', 'Mystery', 'Crime'];English;2.97;96
Spies in Disguise;nan;Nick Bruno, Troy Quane;['Adventure', 'Animation', 'Action', 'Comedy', 'Family'];English;2.98;102
Deadpool: No Good Deed;nan;David Leitch;['Action', 'Crime', 'Comedy'];English;3.37;4
Derren Brown: Pushed to the Edge;nan;Jon Richards;['TV Movie', 'Documentary'];English;3.46;70
Bao;nan;Domee Shi;['Family', 'Fantasy', 'Animation'];English;3.91;8
The Voices;nan;Marjane Satrapi;['Fantasy', 'Crime', 'Comedy', 'Horror'];English;3.23;104
Knock Knock;nan;Eli Roth;['Crime', 'Horror', 'Thriller'];English;1.97;99
Arctic;nan;Joe Penna;['Drama', 'Adventure'];English;3.47;98
Johnny English;nan;Peter Howitt;['Adventure', 'Comedy', 'Action'];English;3.03;89
Johnny English;nan;Peter Howitt;['Adventure', 'Comedy', 'Action'];English;3.03;89
When We First Met;nan;Ari Sandel;['Fantasy', 'Romance', 'Comedy'];English;2.64;97
Accident Man;nan;Jesse V. Johnson;['Thriller', 'Crime', 'Action'];English;3.04;101
Rebirth;nan;Karl Mueller;['Thriller'];English;2.5;101
The Strangers: Prey at Night;nan;Johannes Roberts;['Horror', 'Thriller'];English;2.72;86
Lifted;nan;Gary Rydstrom;['Comedy', 'Science Fiction', 'Animation', 'Family'];English;3.58;5
A Thousand Words;nan;Brian Robbins;['Drama', 'Comedy'];English;2.45;91
"Maggie Simpson in ""Playdate with Destiny""";nan;David Silverman;['Animation', 'Family', 'Comedy', 'Romance'];English;3.08;4
Collective;nan;Alexander Nanau;['Documentary'];Romanian;4.0;109
Bad Hair;nan;Justin Simien;['Comedy', 'Horror'];English;2.99;102
Long Weekend;nan;Colin Eggleston;['Mystery', 'Thriller', 'Horror'];English;3.42;92
Hack-O-Lantern;nan;Jag Mundhra;['Horror', 'Thriller'];English;2.6;96
The Specialist;nan;Luis Llosa;['Action', 'Thriller'];English;2.54;110
Sniper;nan;Luis Llosa;['Action', 'Thriller', 'Drama'];English;2.9;98
Fire on the Amazon;nan;Luis Llosa;['Action', 'Adventure', 'Drama'];English;2.38;78
The Feast of the Goat;nan;Luis Llosa;['Drama', 'History'];Spanish;nan;132
Hour of the Assassin;nan;Luis Llosa;['Action'];English;nan;96
Watchers III;nan;Jeremy Stanford;['Science Fiction', 'Horror'];English;2.83;84
Ultra Warrior;nan;Kevin Tent, Augusto Tamayo San Román;['Action', 'Adventure', 'Science Fiction'];English;nan;81
Mars;nan;Geoff Marslett;['Comedy', 'Romance', 'Animation', 'Science Fiction'];English;3.24;82
Mars;nan;Jon Hess;['Science Fiction', 'Action'];English;nan;91
Mars;nan;Pavel Klushantsev;['Documentary', 'Science Fiction'];Russian;nan;49
Hungry Wives;nan;George A. Romero;['Drama', 'Horror'];English;3.14;89
Holidate;nan;John Whitesell;['Romance', 'Comedy'];English;2.61;104
His House;nan;Remi Weekes;['Drama', 'Horror'];English;3.44;93
Marebito;nan;Takashi Shimizu;['Horror'];Japanese;3.3;92
The Dark and the Wicked;nan;Bryan Bertino;['Horror'];English;3.03;95
Roald Dahl's The Witches;nan;Robert Zemeckis;['Family', 'Comedy', 'Fantasy'];English;2.26;106
Roald Dahl's The Witches;nan;Robert Zemeckis;['Family', 'Comedy', 'Fantasy'];English;2.26;106
Roald Dahl's The Witches;nan;Robert Zemeckis;['Family', 'Comedy', 'Fantasy'];English;2.26;106
The Hyp-Nut-Tist;nan;Dave Fleischer;['Comedy', 'Animation'];English;3.41;6
12th & Delaware;nan;Rachel Grady, Heidi Ewing;['Documentary'];English;3.52;90
12th & Delaware;nan;Rachel Grady, Heidi Ewing;['Documentary'];English;3.52;90
Sweet Bird of Youth;nan;Richard Brooks;['Romance', 'Drama'];English;3.48;120
Come Play;nan;Jacob Chase;['Mystery', 'Thriller', 'Horror'];English;2.48;96
Welcome Home, Roxy Carmichael;nan;Jim Abrahams;['Drama', 'Comedy'];English;3.09;95
The Ghost of Frankenstein;nan;Erle C. Kenton;['Science Fiction', 'Horror'];English;2.93;68
The Ghost of Frankenstein;nan;Erle C. Kenton;['Science Fiction', 'Horror'];English;2.93;68
Cellular;nan;David R. Ellis;['Thriller', 'Action', 'Crime', 'Drama'];English;2.94;94
Dark Night of the Scarecrow;nan;Frank De Felitta;['TV Movie', 'Horror'];English;3.27;97
Scissors;nan;Frank De Felitta;['Thriller', 'Horror', 'Drama'];English;2.75;105
Trapped;nan;Frank De Felitta;['Drama', 'Action', 'TV Movie'];English;3.15;74
The Two Worlds of Jennie Logan;nan;Frank De Felitta;['Fantasy', 'TV Movie', 'Drama', 'Romance'];English;3.24;96
The Entity;nan;Sidney J. Furie;['Thriller', 'Horror', 'Mystery'];English;3.45;125
The Savage Is Loose;nan;George C. Scott;['Adventure'];English;nan;114
The Penthouse;nan;David Greene;['TV Movie', 'Thriller'];English;nan;93
Mank;nan;David Fincher;['History', 'Drama'];English;3.3;132
Terror in the Aisles;nan;Andrew J. Kuehn;['Horror', 'Documentary'];English;3.2;84
House of Dracula;nan;Erle C. Kenton;['Fantasy', 'Horror', 'Science Fiction'];English;2.79;64
The Call of Cthulhu;nan;Andrew Leman;['Fantasy', 'Science Fiction', 'Thriller', 'Horror'];English;3.5;47
Atomic Brain Invasion;nan;Richard Griffin;['Comedy', 'Science Fiction', 'Horror'];English;nan;91
Scarewaves;nan;Henrique Couto;['Horror'];English;nan;88
Too Many Cooks;nan;Casper Kelly;['Crime', 'Horror', 'TV Movie', 'Science Fiction', 'Comedy'];English;3.99;11
Joe Pera Talks You to Sleep;nan;Kieran O'Hare;['Animation', 'Comedy'];English;4.26;11
What the Constitution Means to Me;nan;Marielle Heller;['Comedy', 'History', 'Drama'];English;4.05;100
Jungleland;nan;Max Winkler;['Drama'];English;3.25;90
Friday the 13th Part VII: The New Blood;nan;John Carl Buechler;['Thriller', 'Horror'];English;2.5;88
The Queen's Gambit;nan;Scott Frank;['Drama'];English;4.23;393
Parenthood;nan;Ron Howard;['Drama', 'Comedy'];English;3.44;124
American Dreamz;nan;Paul Weitz;['Comedy', 'Drama'];English;2.57;107
The Skeleton Key;nan;Iain Softley;['Drama', 'Mystery', 'Horror', 'Thriller'];English;3.11;104
Hillbilly Elegy;nan;Ron Howard;['Drama'];English;2.71;117
The American President;nan;Rob Reiner;['Comedy', 'Romance', 'Drama'];English;3.37;114
Violation;nan;Dusty Mancinelli, Madeleine Sims-Fewer;['Thriller', 'Horror', 'Drama'];English;3.05;107
It Lives Again;nan;Larry Cohen;['Horror', 'Science Fiction'];English;2.85;90
The Ambulance;nan;Larry Cohen;['Comedy', 'Thriller', 'Action'];English;3.33;96
Bone;nan;Larry Cohen;['Thriller', 'Comedy', 'Drama'];English;3.65;95
God Told Me To;nan;Larry Cohen;['Horror', 'Science Fiction', 'Crime'];English;3.44;90
Special Effects;nan;Larry Cohen;['Thriller', 'Drama', 'Horror'];English;3.28;106
Full Moon High;nan;Larry Cohen;['Comedy', 'Horror', 'Fantasy'];English;2.59;93
It's Alive III: Island of the Alive;nan;Larry Cohen;['Horror'];English;2.92;95
It's Alive III: Island of the Alive;nan;Larry Cohen;['Horror'];English;2.92;95
Pick Me Up;nan;Larry Cohen;['TV Movie', 'Horror'];English;3.09;58
Perfect Strangers;nan;Larry Cohen;['Crime', 'Thriller', 'Drama'];English;3.06;91
Original Gangstas;nan;Larry Cohen;['Thriller', 'Drama', 'Crime', 'Action'];English;3.02;99
The Private Files of J. Edgar Hoover;nan;Larry Cohen;['History', 'Drama'];English;3.33;112
Wicked Stepmother;nan;Larry Cohen;['Horror', 'Science Fiction', 'Fantasy', 'Comedy'];English;2.33;90
Deadly Illusion;nan;Larry Cohen, William Tannen;['Drama', 'Crime', 'Mystery', 'Thriller'];English;3.05;87
As Good as Dead;nan;Larry Cohen;['Mystery', 'TV Movie', 'Thriller'];English;3.16;88
See China and Die;nan;Larry Cohen;['Horror', 'TV Movie', 'Drama', 'Thriller'];English;nan;86
Q;nan;Larry Cohen;['Horror', 'Mystery', 'Crime'];English;3.12;93
Body Snatchers;nan;Abel Ferrara;['Horror', 'Science Fiction'];English;3.3;87
King Cohen;nan;Steve Mitchell;['Documentary'];English;3.59;110
In Search of Darkness;nan;David A. Weiner;['Horror', 'Documentary'];English;3.83;264
Tales from the Script;nan;Peter Hanson;['Documentary'];English;3.37;105
42nd Street Memories: The Rise and Fall of America's Most Notorious Street;nan;Calum Waddell;['Documentary'];English;3.44;82
Nightmares in Red, White and Blue;nan;Andrew Monument;['Horror', 'Documentary'];English;3.42;96
Spies Like Us;nan;John Landis;['Comedy', 'Adventure'];English;3.07;102
Uncle Sam;nan;William Lustig;['Comedy', 'Horror'];English;2.49;90
Best Seller;nan;John Flynn;['Crime', 'Thriller', 'Drama', 'Action'];English;3.22;95
Captivity;nan;Roland Joffé;['Horror', 'Crime', 'Thriller'];English;2.09;85
Guilty as Sin;nan;Sidney Lumet;['Thriller', 'Drama'];English;2.94;107
Return of the Seven;nan;Burt Kennedy;['Western'];English;2.8;95
I, the Jury;nan;Richard T. Heffron;['Crime', 'Mystery', 'Thriller'];English;3.2;111
LEGO Star Wars Holiday Special;nan;Ken Cunningham;['Adventure', 'Comedy', 'Animation', 'Science Fiction', 'Family'];English;3.09;44
The Fresh Prince of Bel-Air Reunion;nan;Marcus Raboy;['Documentary'];English;3.8;75
The Fresh Prince of Bel-Air Reunion;nan;Marcus Raboy;['Documentary'];English;3.8;75
Nighthawks;nan;Bruce Malmuth;['Thriller', 'Action', 'Crime'];English;3.21;99
Nighthawks;nan;Bruce Malmuth;['Thriller', 'Action', 'Crime'];English;3.21;99
Movie Trailers: A Love Story;nan;John Campea;['Documentary'];English;nan;81
Movie Trailers: A Love Story;nan;John Campea;['Documentary'];English;nan;81
Late Phases;nan;Adrián García Bogliano;['Horror', 'Thriller'];English;3.16;95
Cold Comes the Night;nan;Tze Chun;['Crime', 'Thriller', 'Drama'];English;2.64;90
Welcome Home Roscoe Jenkins;nan;Malcolm D. Lee;['Drama', 'Comedy', 'Family'];English;2.67;114
Weepah Way For Now;nan;Stephen Ringer;['Drama', 'Comedy'];English;3.33;89
Johnny Frank Garrett's Last Word;nan;Simon Rumley;['Horror'];English;2.86;95
Dark House;nan;Darin Scott;['Thriller', 'Horror'];English;2.92;85
Run;nan;Aneesh Chaganty;['Thriller', 'Horror', 'Drama'];English;3.16;90
Happiest Season;nan;Clea DuVall;['Romance', 'Comedy'];English;3.12;102
Zappa;nan;Alex Winter;['Documentary', 'Music'];English;3.77;129
Ship of Fools;nan;Stanley Kramer;['Drama', 'Romance'];English;3.38;149
A Streetcar Named Desire;nan;Elia Kazan;['Thriller', 'Drama'];English;4.0;125
Waterloo Bridge;nan;Mervyn LeRoy;['Romance', 'Drama'];English;3.87;109
That Hamilton Woman;nan;Alexander Korda;['Romance', 'History', 'Drama'];English;3.51;125
The Christmas Chronicles: Part Two;nan;Chris Columbus;['Fantasy', 'Adventure', 'Family', 'Comedy'];English;2.39;112
Superintelligence;nan;Ben Falcone;['Comedy', 'Science Fiction', 'Romance'];English;2.31;106
Belushi;nan;R. J. Cutler;['Documentary'];English;3.53;108
Iron Mask;nan;Oleg Stepchenko;['Action', 'Family', 'Adventure', 'Fantasy'];Russian;2.06;121
Monsoon;nan;Hong Khaou;['Romance', 'Drama'];English;3.22;85
Who Killed Teddy Bear?;nan;Joseph Cates;['Thriller', 'Crime', 'Drama'];English;3.5;94
The Texas Chainsaw Massacre;nan;Marcus Nispel;['Horror'];English;3.01;98
Aspen Extreme;nan;Patrick Hasburgh;['Adventure'];English;3.0;113
Boxing Helena;nan;Jennifer Lynch;['Thriller', 'Drama', 'Romance'];English;2.66;107
Girls in Prison;nan;John McNaughton;['Drama', 'Thriller', 'Crime'];English;3.1;83
Sound of Metal;nan;Darius Marder;['Music', 'Drama'];English;4.2;120
The Call;nan;Lee Chung-hyun;['Mystery', 'Science Fiction', 'Thriller'];Korean;3.59;112
The Bachelor and the Bobby-Soxer;nan;Irving Reis;['Romance', 'Comedy'];English;3.39;95
Joe;nan;John G. Avildsen;['Crime', 'Drama', 'Thriller'];English;3.49;107
Joe;nan;John G. Avildsen;['Crime', 'Drama', 'Thriller'];English;3.49;107
Lovers Rock;nan;Steve McQueen;['Drama', 'Romance'];English;4.04;70
Let Them All Talk;nan;Steven Soderbergh;['Drama', 'Comedy'];English;3.2;113
Another Round;nan;Thomas Vinterberg;['Drama', 'Comedy'];Danish;4.09;117
Folklore: The Long Pond Studio Sessions;nan;Taylor Swift;['Music', 'Documentary'];English;4.48;106
The Old Dark House;nan;James Whale;['Thriller', 'Horror', 'Drama'];English;3.5;70
Bloody Nose, Empty Pockets;nan;Bill Ross, Turner Ross;['Drama', 'Documentary'];English;3.8;98
The Man in the Iron Mask;nan;James Whale;['Adventure', 'Romance', 'History'];English;3.44;112
New Rose Hotel;nan;Abel Ferrara;['Drama', 'Science Fiction', 'Mystery'];English;3.43;93
The Flying Luna Clipper;nan;Ikko Ohno;['Fantasy', 'Animation'];English;3.71;55
Rebels of the Neon God;nan;Tsai Ming-liang;['Drama', 'Crime', 'Romance'];Chinese;3.98;106
Rebels of the Neon God;nan;Tsai Ming-liang;['Drama', 'Crime', 'Romance'];Chinese;3.98;106
Demonlover;nan;Olivier Assayas;['Thriller', 'Mystery', 'Drama'];French;3.55;121
Demonlover;nan;Olivier Assayas;['Thriller', 'Mystery', 'Drama'];French;3.55;121
Mosul;nan;Matthew Michael Carnahan;['War', 'Drama', 'Action'];Arabic;3.34;102
3:15 the Moment of Truth;nan;Larry Gross;['Crime', 'Thriller', 'Action'];English;3.12;86
555;nan;Wally Koz;['Horror'];English;2.8;90
18 Shaolin Riders;nan;Lin Fu-Ti;['Action'];Chinese;nan;85
A Cold Night's Death;nan;Jerrold Freedman;['Thriller', 'Horror', 'Science Fiction', 'TV Movie'];English;3.3;74
A... For Assassin;nan;Angelo Dorigo;['Thriller', 'Mystery'];Italian;nan;76
A Day Without Policemen;nan;Johnny Lee Kwing-Kai;['Thriller', 'Action', 'Crime'];Cantonese;nan;98
A Pistol for Ringo;nan;Duccio Tessari;['Western'];Italian;3.4;98
Any Gun Can Play;nan;Enzo G. Castellari;['Action', 'Western', 'Adventure'];Italian;3.22;103
Appointment with Fear;nan;Ramsey Thomas, Alan Smithee;['Horror', 'Fantasy', 'Crime'];English;2.99;96
Arizona Heat;nan;John G. Thomas;['Thriller'];English;2.89;85
Artemis '81;nan;Alastair Reid;['TV Movie', 'Drama', 'Thriller', 'Science Fiction'];English;nan;185
Assassination in Rome;nan;Silvio Amadio;['Thriller', 'Crime'];Italian;nan;104
Avenging Force;nan;Sam Firstenberg;['Drama', 'Action', 'Thriller'];English;3.09;104
Battle for the Lost Planet;nan;Brett Piper;['Science Fiction', 'Action', 'Adventure'];English;2.75;100
Battle of the Godfathers;nan;Jürgen Roland;['Drama', 'Action', 'Thriller'];German;nan;87
Warlords of the 21st Century;nan;Harley Cokeliss;['Adventure', 'Action', 'Science Fiction'];English;2.77;91
Beat Street;nan;Stan Lathan;['Drama', 'Music'];English;3.35;105
Berserker;nan;Jefferson Richard;['Horror'];English;2.49;85
Big Man on Campus;nan;Jeremy Kagan;['Comedy', 'Fantasy'];English;3.03;105
Tony Arzenta;nan;Duccio Tessari;['Drama', 'Action', 'Crime'];English;3.46;113
Black Jack;nan;Gianfranco Baldanello;['Western'];Italian;3.3;99
Black Heat;nan;Al Adamson;['Action', 'Drama', 'Crime'];English;2.99;94
Black Oak Conspiracy;nan;Bob Kelljan;['Drama', 'Action'];English;3.19;92
Black Moon;nan;Roy William Neill;['Horror', 'Drama'];English;2.98;68
Fight to the Death;nan;José Antonio de la Loma;['Crime', 'Drama'];Spanish;nan;106
Blood Diner;nan;Jackie Kong;['Horror', 'Comedy'];English;3.01;88
Blood Link;nan;Alberto De Martino;['Horror', 'Thriller'];English;3.08;98
Blood of the Executioner;nan;Luigi Capuano;['Drama', 'Adventure', 'Action'];Italian;nan;89
Blood Voyage;nan;Frank Mitchell;['Horror', 'Crime'];English;nan;80
Brotherhood of Death;nan;Bill Berry;['Action', 'Drama'];English;3.21;85
Lady Reporter;nan;Mang Hoi;['Comedy', 'Action', 'Crime'];Cantonese;3.14;90
Boggy Creek II: And the Legend Continues;nan;Charles B. Pierce;['Thriller', 'Horror', 'Adventure', 'Mystery'];English;2.08;92
Body Fever;nan;Ray Dennis Steckler;['Drama', 'Thriller', 'Crime'];English;3.19;78
Buck Rogers in the 25th Century;nan;Daniel Haller;['Science Fiction', 'Adventure', 'Action'];English;3.06;89
Bucktown;nan;Arthur Marks;['Action', 'Drama', 'Crime'];English;3.27;94
Burst City;nan;Gakuryu Ishii;['Science Fiction', 'Music', 'Action'];Japanese;3.38;115
Burnt Offerings;nan;Dan Curtis;['Horror', 'Thriller', 'Mystery'];English;3.32;116
Calamity of Snakes;nan;William Cheung Kei;['Horror'];Chinese;3.09;86
Callan;nan;Don Sharp;['Thriller'];English;3.34;106
Camorra;nan;Pasquale Squitieri;['Crime', 'Drama'];Italian;nan;105
Captive Rage;nan;Cedric Sundstrom;['Drama'];English;nan;99
Captive Rage;nan;Cedric Sundstrom;['Drama'];English;nan;99
Cartoon All-Stars to the Rescue;nan;Mike Svayko, Milton Gray;['Animation', 'TV Movie', 'Comedy', 'Family'];English;2.78;26
Cat Chaser;nan;Abel Ferrara;['Action', 'Thriller'];English;2.79;90
Chato's Land;nan;Michael Winner;['Western'];English;3.29;100
Chattahoochee;nan;Mick Jackson;['Drama'];English;3.13;98
Chopping Mall;nan;Jim Wynorski;['Horror', 'Science Fiction'];English;2.88;77
City Limits;nan;Aaron Lipstadt;['Action', 'Science Fiction'];English;2.39;86
Challenge of the Masters;nan;Lau Kar-Leung;['Drama', 'Action'];Chinese;3.32;97
Challenge of the Tiger;nan;Huang Kin-Lung;['Action', 'Adventure'];English;3.19;86
Rendezvous;nan;Claude Lelouch;['Romance', 'Action'];No spoken language;3.91;8
City on Fire;nan;Alvin Rakoff;['Action'];English;2.73;106
City on Fire;nan;Alvin Rakoff;['Action'];English;2.73;106
Clan of the White Lotus;nan;Lo Lieh;['Action'];Chinese;3.63;95
Clay Pigeon;nan;Lane Slate, Tom Stern;['Drama', 'Action'];English;nan;93
Clownhouse;nan;Victor Salva;['Horror'];English;2.54;81
Collision Course;nan;Lewis Teague;['Comedy', 'Action', 'Crime'];English;2.22;100
Colossus: The Forbin Project;nan;Joseph Sargent;['Thriller', 'Science Fiction'];English;3.56;100
Code of Silence;nan;Andrew Davis;['Crime', 'Action', 'Thriller', 'Drama'];English;3.03;101
Communion;nan;Philippe Mora;['Drama', 'Science Fiction', 'Horror', 'Thriller'];English;2.93;103
Crash and Burn;nan;Charles Band;['Thriller', 'Action', 'Science Fiction', 'Horror'];English;2.69;85
Countdown to Doomsday;nan;Marcello Baldi;['Crime', 'Thriller', 'Action'];German;nan;93
Cop;nan;James B. Harris;['Thriller', 'Drama', 'Crime', 'Mystery'];English;3.39;110
Creatures the World Forgot;nan;Don Chaffey;['Horror', 'Adventure', 'Science Fiction'];English;2.68;92
Crossroads;nan;Walter Hill;['Mystery', 'Romance', 'Drama', 'Music'];English;3.41;99
The Curse of Snake Valley;nan;Marek Piestrak;['Adventure', 'Science Fiction', 'Horror'];Polish;2.96;99
Bushido: The Cruel Code of the Samurai;nan;Tadashi Imai;['Action', 'Drama', 'History'];Japanese;3.78;122
Crucible of Terror;nan;Ted Hooker;['Horror', 'Drama'];English;2.84;91
Cyborg 3: The Recycler;nan;Michael Schroeder;['Action', 'Science Fiction', 'Thriller'];English;2.76;90
Daimajin;nan;Kimiyoshi Yasuda;['Horror', 'Fantasy', 'Drama'];Japanese;3.5;84
Joe Dakota;nan;Richard Bartlett;['Western'];English;nan;79
Danger Route;nan;Seth Holt;['Action', 'Thriller'];English;3.11;92
Dark Age;nan;Arch Nicholson;['Adventure', 'Horror'];English;3.22;91
Dark Age;nan;Arch Nicholson;['Adventure', 'Horror'];English;3.22;91
Dark Tide;nan;Luca Bercovici;['Thriller'];English;nan;94
Dawn of the Mummy;nan;Frank Agrama;['Horror'];English;2.36;93
Dawn of the Mummy;nan;Frank Agrama;['Horror'];English;2.36;93
Dawn of the Mummy;nan;Frank Agrama;['Horror'];English;2.36;93
Breach;nan;John Suits;['Action', 'Horror', 'Science Fiction'];English;1.57;93
The Scribbler;nan;John Suits;['Thriller'];English;2.62;88
3022;nan;John Suits;['Science Fiction'];English;2.29;90
Breathing Room;nan;John Suits, Gabriel Cowan;['Thriller', 'Mystery', 'Horror'];English;2.62;89
400 Days;nan;Matt Osterman;['Science Fiction', 'Thriller', 'Mystery'];English;2.19;91
Just Before I Go;nan;Courteney Cox;['Romance', 'Drama', 'Comedy'];English;2.85;95
Just Before I Go;nan;Courteney Cox;['Romance', 'Drama', 'Comedy'];English;2.85;95
Pandemic;nan;John Suits;['Science Fiction', 'Horror', 'Action'];English;2.11;91
Extracted;nan;Nir Paniry;['Science Fiction', 'Thriller'];English;3.17;85
Extracted;nan;Nir Paniry;['Science Fiction', 'Thriller'];English;3.17;85
Runaway Train;nan;Andrei Konchalovsky;['Drama', 'Adventure', 'Action', 'Thriller'];English;3.65;111
3 Nights in the Desert;nan;Gabriel Cowan;['Drama'];English;nan;83
The Odyssey;nan;Andrei Konchalovsky;['Drama'];English;3.03;176
Paradise;nan;Andrei Konchalovsky;['War', 'Drama'];Russian;3.64;130
The Postman's White Nights;nan;Andrei Konchalovsky;['Drama'];Russian;3.62;90
Siberiade;nan;Andrei Konchalovsky;['Drama', 'War', 'History', 'Romance'];Russian;4.09;275
The Nutcracker;nan;Andrei Konchalovsky;['Family', 'Fantasy', 'Music', 'Adventure'];English;2.2;108
House of Fools;nan;Andrei Konchalovsky;['War', 'Romance', 'Drama'];Russian;3.48;104
Maria's Lovers;nan;Andrei Konchalovsky;['Drama', 'Romance'];English;3.27;109
Shy People;nan;Andrei Konchalovsky;['Drama'];English;3.38;118
Uncle Vanya;nan;Andrei Konchalovsky;['Drama'];Russian;3.65;104
The First Teacher;nan;Andrei Konchalovsky;['Drama'];Russian;3.61;102
Homer and Eddie;nan;Andrei Konchalovsky;['Mystery', 'Comedy', 'Crime'];English;2.98;100
The Inner Circle;nan;Andrei Konchalovsky;['Drama', 'History'];English;3.39;137
The Inner Circle;nan;Andrei Konchalovsky;['Drama', 'History'];English;3.39;137
The Lion in Winter;nan;Andrei Konchalovsky;['Drama', 'History', 'Romance', 'TV Movie'];English;3.38;167
Bacurau;nan;Juliano Dornelles, Kleber Mendonça Filho;['Thriller', 'Mystery', 'Western'];Portuguese;3.91;131
The Man Standing Next;nan;Woo Min-ho;['Drama', 'Thriller'];Korean;3.55;114
The Piper;nan;Kim Kwang-tae;['Thriller', 'Mystery', 'Horror'];Korean;3.18;107
Marathon;nan;Chung Yoon-chul;['Drama', 'Family'];Korean;3.57;117
Real;nan;Lee Sa-rang;['Thriller', 'Action', 'Crime'];Korean;2.13;137
Hit-and-Run Squad;nan;Han Jun-hee;['Action', 'Crime'];Korean;2.81;133
Howling;nan;Yoo Ha;['Thriller', 'Mystery'];Korean;2.89;114
A Violent Prosecutor;nan;Lee Il-hyung;['Action', 'Crime', 'Comedy'];Korean;3.22;126
Café Noir;nan;Jung Sung-il;['Drama', 'Romance'];Korean;3.72;198
The Unjust;nan;Ryoo Seung-wan;['Crime', 'Thriller'];Korean;3.48;119
The Drug King;nan;Woo Min-ho;['Drama', 'Crime', 'Action'];Korean;3.1;139
The Witness;nan;Cho Kyu-jang;['Thriller', 'Crime'];Korean;3.16;111
Kundo: Age of the Rampant;nan;Yoon Jong-bin;['Action', 'Drama'];Korean;3.3;137
The Spy Gone North;nan;Yoon Jong-bin;['Drama', 'Thriller', 'History'];Korean;3.74;138
The Attorney;nan;Yang Woo-seok;['History', 'Drama'];Korean;3.76;127
Joint Security Area;nan;Park Chan-wook;['Thriller', 'War', 'Drama', 'Mystery'];Korean;4.16;108
The Age of Shadows;nan;Kim Jee-woon;['Thriller', 'Action'];Korean;3.69;140
Three... Extremes;nan;Fruit Chan, Takashi Miike;['Horror'];Korean;3.53;125
Masquerade;nan;Choo Chang-min;['History', 'Drama'];Korean;3.72;131
Ashfall;nan;Kim Byung-seo, Lee Hae-jun;['Adventure', 'Action', 'Thriller'];Korean;2.99;128
Inside Men;nan;Woo Min-ho;['Crime', 'Drama'];Korean;3.5;130
Misconduct;nan;Shintaro Shimosawa;['Drama', 'Thriller'];English;2.29;106
The Man from Nowhere;nan;Lee Jeong-beom;['Thriller', 'Action', 'Crime'];Korean;3.86;119
The Yellow Sea;nan;Na Hong-jin;['Drama', 'Crime', 'Thriller'];Korean;3.68;141
Nameless Gangster;nan;Yoon Jong-bin;['Thriller', 'Crime'];Korean;3.62;133
Steel Rain;nan;Yang Woo-seok;['Action', 'Thriller'];Korean;3.38;139
Tazza: The Hidden Card;nan;Kang Hyung-chul;['Drama', 'Crime'];Korean;3.31;147
The Shameless;nan;Oh Seung-uk;['Drama', 'Crime'];Korean;3.34;118
The Mayor;nan;Park In-je;['Thriller', 'Drama'];Korean;3.12;130
Steel Rain 2: Summit;nan;Yang Woo-seok;['Thriller', 'War', 'Action'];Korean;2.96;132
The Flu;nan;Kim Sung-soo;['Thriller', 'Science Fiction', 'Action'];Korean;3.19;122
1987: When the Day Comes;nan;Jang Joon-hwan;['Thriller', 'Drama', 'History'];Korean;3.88;129
Sea Fog;nan;Shim Sung-bo;['Thriller', 'Drama'];Korean;3.44;111
Helpless;nan;Byun Young-joo;['Mystery', 'Thriller'];Korean;3.31;117
Misbehavior;nan;Kim Tae-yong;['Drama'];Korean;3.03;96
Quick;nan;Cho Beom-gu;['Thriller', 'Crime', 'Action', 'Comedy'];Korean;2.71;115
Worst Woman;nan;Kim Jong-kwan;['Drama', 'Romance'];Korean;3.47;94
Sori: Voice from the Heart;nan;Lee Ho-jae;['Drama', 'Science Fiction'];Korean;3.28;117
No Tears for the Dead;nan;Lee Jeong-beom;['Action', 'Thriller', 'Drama'];Korean;3.31;117
Another Child;nan;Kim Yun-seok;['Drama'];Korean;3.55;96
Spring Song;nan;Yu Jun-sang;['Music', 'Adventure', 'Drama'];Korean;nan;83
New Trial;nan;Kim Tae-yun;['Drama', 'Crime'];Korean;3.38;119
My Brilliant Life;nan;E J-yong;['Drama'];Korean;3.33;117
See, Beethoven;nan;Min Bok-gi, Park Jin-soon;['Drama'];Korean;nan;90
Tunnel;nan;Kim Seong-hun;['Drama', 'Thriller'];Korean;3.4;126
Hope;nan;Lee Joon-ik;['Drama'];Korean;4.16;122
After My Death;nan;Kim Ui-seok;['Drama', 'Mystery'];Korean;3.52;113
Juror 8;nan;Hong Seung-wan;['Drama'];Korean;3.6;114
The Vanished;nan;Lee Chang-hee;['Thriller', 'Crime', 'Mystery'];Korean;3.27;101
The Bacchus Lady;nan;E J-yong;['Drama'];Korean;3.66;110
A Boy and Sungreen;nan;Ahn Ju-young;['Comedy', 'Drama'];Korean;3.6;99
The Face Reader;nan;Han Jae-rim;['Drama', 'History'];Korean;3.38;140
Secret Zoo;nan;Son Jae-gon;['Comedy', 'Drama'];Korean;2.92;117
Believer;nan;Lee Hae-young;['Action', 'Thriller', 'Crime'];Korean;3.33;123
Love Fiction;nan;Jeon Gye-soo;['Comedy', 'Romance'];Korean;3.22;121
Seven Years of Night;nan;Choo Chang-min;['Drama', 'Thriller', 'Action'];Korean;3.06;123
A Tiger in Winter;nan;Lee Kwang-kuk;['Drama'];Korean;3.33;107
Fatal Intuition;nan;Yun Jun-hyung;['Thriller', 'Crime'];Korean;3.1;109
Silenced;nan;Hwang Dong-hyuk;['Drama'];Korean;4.13;125
Confession of Murder;nan;Jung Byung-gil;['Thriller', 'Action'];Korean;3.41;119
The Negotiation;nan;Lee Jong-suk;['Crime', 'Thriller', 'Action'];Korean;3.17;114
Luck-Key;nan;Lee Kae-byeok;['Action', 'Crime', 'Comedy'];Korean;3.28;112
Do You Hear She Sings?;nan;Park Eun-hyung;['Drama'];Korean;nan;97
Assassination;nan;Choi Dong-hoon;['Action', 'Thriller', 'Drama'];Korean;3.63;140
Svaha: The Sixth Finger;nan;Jang Jae-hyun;['Mystery', 'Crime', 'Horror', 'Thriller'];Korean;3.12;122
The Terror Live;nan;Kim Byung-woo;['Drama', 'Thriller', 'Crime'];Korean;3.48;97
The Tiger;nan;Park Hoon-jung;['Drama', 'Adventure', 'History', 'Action'];Korean;3.53;139
The Divine Move;nan;Cho Beom-gu;['Action', 'Crime'];Korean;3.16;118
Default;nan;Choi Kook-hee;['Drama', 'History'];Korean;3.18;114
Broken;nan;Lee Jung-ho;['Drama', 'Crime', 'Action'];Korean;3.4;122
The Beast;nan;Lee Jung-ho;['Action', 'Thriller', 'Mystery', 'Crime'];Korean;3.08;130
The Foul King;nan;Kim Jee-woon;['Drama', 'Comedy'];Korean;3.55;112
Judgement;nan;Park Chan-wook;['Drama'];Korean;3.6;27
The Fortress;nan;Hwang Dong-hyuk;['War', 'History', 'Drama', 'Action'];Korean;3.58;140
The Suspect;nan;Won Shin-yeon;['Action', 'Thriller'];Korean;3.17;137
Ordinary Person;nan;Kim Bong-han;['Action', 'Mystery', 'Crime', 'Drama'];Korean;3.22;121
A Promise;nan;Kim Yoo-jin;['Romance', 'Crime'];Korean;nan;107
Spring, Again;nan;Joung Yong-ju;['Drama'];Korean;nan;104
12th Assistant Deacon;nan;Jang Jae-hyun;['Horror'];Korean;nan;25
Brothers in Heaven;nan;Park Hee-jun;['Action', 'Crime'];Korean;nan;114
Always;nan;Song Il-gon;['Drama', 'Romance'];Korean;3.69;108
Me and Me;nan;Jung Jin-young;['Drama', 'Mystery'];Korean;3.25;105
The Whistleblower;nan;Yim Soon-rye;['Drama'];Korean;3.34;113
The Scam;nan;Lee Ho-jae;['Action', 'Adventure', 'Crime', 'Thriller'];Korean;3.21;119
High Society;nan;Byun Hyuk;['Drama'];Korean;2.43;119
Forbidden Dream;nan;Hur Jin-ho;['Drama', 'History'];Korean;3.37;132
The Bad Utterances;nan;Jo Beom-Gu;['Drama'];Korean;nan;103
The Last Princess;nan;Hur Jin-ho;['Action', 'Drama', 'History'];Korean;3.51;126
A Hard Day;nan;Kim Seong-hun;['Action', 'Crime', 'Thriller', 'Mystery'];Korean;3.64;111
The Admiral: Roaring Currents;nan;Kim Han-min;['Action', 'Drama', 'War', 'History'];Korean;3.43;126
Diva;nan;Jo Seul-yeah;['Mystery', 'Thriller'];Korean;3.12;84
Okay! Madam;nan;Lee Cheol-ha;['Action', 'Comedy'];Korean;3.2;100
Watching;nan;Kim Sung-gi;['Thriller', 'Horror'];Korean;3.01;97
Ghost Sweepers;nan;Shin Jung-won;['Comedy', 'Adventure', 'Fantasy', 'Mystery'];Korean;3.05;119
Benny's Bathtub;nan;Jannik Hastrup, Flemming Quist Møller;['Animation', 'Comedy'];Danish;3.59;41
Christmas Evil;nan;Lewis Jackson;['Horror', 'Thriller'];English;3.11;94
Christmas Evil;nan;Lewis Jackson;['Horror', 'Thriller'];English;3.11;94
Running Mates;nan;Michael Lindsay-Hogg;['Romance', 'TV Movie', 'Comedy'];English;nan;92
High School Musical: The Musical: The Holiday Special;nan;Tim Federle;['Music', 'Documentary'];English;2.76;45
Godmothered;nan;Sharon Maguire;['Comedy', 'Fantasy', 'Family'];English;2.61;113
Black Beauty;nan;Ashley Avis;['Drama'];English;2.88;110
Ma Rainey's Black Bottom;nan;George C. Wolfe;['Music', 'Drama'];English;3.5;94
The Stand;nan;Josh Boone, Tucker Gates;['Drama', 'Horror'];English;2.75;515
Wind;nan;Marcell Iványi;['Drama'];No spoken language;3.99;7
The Kid Detective;nan;Evan Morgan;['Comedy', 'Mystery', 'Drama'];English;3.72;99
Room for One More;nan;Norman Taurog;['Family', 'Comedy'];English;3.47;98
Driveways;nan;Andrew Ahn;['Drama'];English;3.8;83
Wonder Woman 1984;nan;Patty Jenkins;['Action', 'Fantasy', 'Adventure'];English;2.08;151
Vitalina Varela;nan;Pedro Costa;['Drama'];Portuguese;3.86;124
I'm No Longer Here;nan;Luis Fernando Frías de la Parra;['Drama'];Spanish;4.02;112
The Prom;nan;Ryan Murphy;['Romance', 'Comedy'];English;2.31;130
Wolfwalkers;nan;Tomm Moore, Ross Stewart;['Animation', 'Family', 'Fantasy', 'Adventure'];English;4.21;103
Black Bear;nan;Lawrence Michael Levine;['Drama', 'Thriller'];English;3.57;106
Black Bear;nan;Lawrence Michael Levine;['Drama', 'Thriller'];English;3.57;106
Larry David: Curb Your Enthusiasm;nan;Robert B. Weide;['Comedy', 'TV Movie'];English;4.23;59
The Glorias;nan;Julie Taymor;['Drama'];English;3.12;147
Santa Claus Is Comin' to Town;nan;Arthur Rankin, Jr., Jules Bass;['TV Movie', 'Family', 'Fantasy', 'Animation'];English;3.6;51
He Ran All the Way;nan;John Berry;['Crime', 'Thriller'];English;3.55;77
Dance Dreams: Hot Chocolate Nutcracker;nan;Oliver Bokelberg;['Documentary'];English;3.51;80
ariana grande: excuse me, i love you;nan;Paul Dugdale;['Documentary', 'Music'];English;3.76;97
A Walk Among the Tombstones;nan;Scott Frank;['Drama', 'Thriller', 'Crime', 'Mystery'];English;3.06;114
Godless;nan;Scott Frank;['Western', 'Drama'];English;3.91;452
Little Man Tate;nan;Jodie Foster;['Drama', 'Family'];English;3.29;99
Heaven's Prisoners;nan;Phil Joanou;['Drama', 'Mystery', 'Thriller'];English;2.87;132
Flight of the Phoenix;nan;John Moore;['Action', 'Drama', 'Adventure'];English;2.9;113
Malice;nan;Harold Becker;['Thriller'];English;3.19;107
Dead Again;nan;Kenneth Branagh;['Thriller', 'Mystery', 'Crime', 'Drama'];English;3.35;107
The Interpreter;nan;Sydney Pollack;['Crime', 'Thriller'];English;2.99;128
Repo Men;nan;Miguel Sapochnik;['Action', 'Crime', 'Science Fiction', 'Thriller'];English;2.91;111
Armed and Dangerous;nan;Mark L. Lester;['Comedy', 'Crime', 'Action'];English;2.83;88
Roller Boogie;nan;Mark L. Lester;['Drama', 'Romance'];English;2.74;104
Night of the Running Man;nan;Mark L. Lester;['Thriller', 'Drama', 'Action'];English;3.06;93
Truck Stop Women;nan;Mark L. Lester;['Drama', 'Crime', 'Action'];English;2.95;88
Stunts;nan;Mark L. Lester;['Thriller', 'Drama', 'Mystery', 'Action'];English;3.09;89
Poseidon Rex;nan;Mark L. Lester;['Horror', 'Science Fiction', 'Action'];English;2.09;76
Bobbie Jo and the Outlaw;nan;Mark L. Lester;['Drama', 'Action', 'Crime'];English;3.03;89
Extreme Justice;nan;Mark L. Lester;['Action', 'Thriller'];English;3.18;96
Pterodactyl;nan;Mark L. Lester;['Adventure', 'Science Fiction', 'Horror', 'Thriller', 'Action'];English;2.41;89
Misbegotten;nan;Mark L. Lester;['Drama', 'Thriller', 'Horror'];English;3.2;95
Gold of the Amazon Women;nan;Mark L. Lester;['TV Movie', 'Adventure'];English;nan;100
The Base;nan;Mark L. Lester;['Drama', 'Action'];English;3.03;93
Hitman's Run;nan;Mark L. Lester;['Action', 'Crime'];English;3.01;93
Hitman's Run;nan;Mark L. Lester;['Action', 'Crime'];English;3.01;93
The Silent Partner;nan;Daryl Duke;['Drama', 'Thriller'];English;3.77;102
Saint Maud;nan;Rose Glass;['Horror', 'Thriller', 'Mystery'];English;3.49;85
DC Showcase: Adam Strange;nan;Butch Lukic;['Science Fiction', 'Action', 'Animation'];English;3.01;16
The Midnight Sky;nan;George Clooney;['Drama', 'Science Fiction'];English;2.49;118
The Man Who Thought Life;nan;Jens Ravn;['Horror', 'Science Fiction'];Danish;3.59;93
Houseboat;nan;Melville Shavelson;['Comedy', 'Romance'];English;3.21;110
Houseboat;nan;Melville Shavelson;['Comedy', 'Romance'];English;3.21;110
It Started in Naples;nan;Melville Shavelson;['Romance', 'Comedy'];English;3.22;100
A New Kind of Love;nan;Melville Shavelson;['Romance', 'Comedy'];English;3.01;110
The Five Pennies;nan;Melville Shavelson;['Drama', 'Music'];English;3.46;117
Cast a Giant Shadow;nan;Melville Shavelson;['Drama', 'War'];English;3.15;146
The Seven Little Foys;nan;Melville Shavelson;['Drama', 'Comedy', 'Music'];English;3.27;93
The War Between Men and Women;nan;Melville Shavelson;['Comedy', 'Drama', 'Romance'];English;3.18;105
On the Double;nan;Melville Shavelson;['War', 'Comedy'];English;3.28;92
The Pigeon That Took Rome;nan;Melville Shavelson;['Comedy', 'War'];English;nan;103
Beau James;nan;Melville Shavelson;['Drama'];English;nan;105
The Great Houdinis;nan;Melville Shavelson;['TV Movie', 'Drama', 'History'];English;nan;96
The Haunted Airman;nan;Chris Durlacher;['TV Movie', 'Horror', 'Drama', 'Thriller'];English;2.27;68
Down and Out in Beverly Hills;nan;Paul Mazursky;['Comedy'];English;3.14;103
Walk Don't Run;nan;Charles Walters;['Comedy', 'Romance'];English;3.32;114
PG: Psycho Goreman;nan;Steven Kostanski;['Horror', 'Science Fiction', 'Comedy'];English;3.37;95
Punk Vacation;nan;Stanley Lewis;['Action', 'Thriller', 'Crime'];English;2.54;94
I Care a Lot;nan;J Blakeson;['Drama', 'Crime', 'Thriller'];English;3.13;119
This Gun for Hire;nan;Frank Tuttle;['Thriller', 'Mystery', 'Crime'];English;3.61;81
Waiting for the Barbarians;nan;Ciro Guerra;['Drama', 'History'];English;2.97;114
Next Door;nan;Daniel Brühl;['Comedy', 'Drama'];German;3.31;93
Sun Don't Shine;nan;Amy Seimetz;['Drama', 'Crime', 'Horror', 'Romance', 'Mystery'];English;3.36;82
Judas and the Black Messiah;nan;Shaka King;['History', 'Drama'];English;4.03;126
Billie Eilish: The World's a Little Blurry;nan;R. J. Cutler;['Music', 'Documentary'];English;4.07;140
Tom & Jerry;nan;Tim Story;['Animation', 'Family', 'Comedy'];English;2.0;101
Promising Young Woman;nan;Emerald Fennell;['Crime', 'Drama', 'Thriller'];English;3.67;113
Malcolm & Marie;nan;Sam Levinson;['Romance', 'Drama'];English;3.05;106
Framing Britney Spears;nan;Samantha Stark;['Documentary'];English;3.41;74
I Blame Society;nan;Gillian Wallace Horvat;['Horror', 'Comedy', 'Thriller'];English;3.18;85
Barb & Star Go to Vista Del Mar;nan;Josh Greenbaum;['Comedy'];English;3.48;107
Where Danger Lives;nan;John Farrow;['Thriller'];English;3.23;82
The Innocents;nan;Jack Clayton;['Horror', 'Mystery'];English;4.12;100
The House of Yes;nan;Mark Waters;['Comedy', 'Drama'];English;3.44;85
Ocean's Eleven;nan;Lewis Milestone;['Comedy', 'Crime'];English;3.0;127
Zack Snyder's Justice League;nan;Zack Snyder;['Action', 'Fantasy', 'Adventure'];English;3.4;242
Duck Soup;nan;Leo McCarey;['War', 'Comedy'];English;3.93;69
Make Way for Tomorrow;nan;Leo McCarey;['Romance', 'Drama'];English;4.23;92
An Affair to Remember;nan;Leo McCarey;['Drama', 'Romance'];English;3.77;111
Going My Way;nan;Leo McCarey;['Comedy', 'Drama', 'Music'];English;3.3;126
Ruggles of Red Gap;nan;Leo McCarey;['Comedy'];English;3.87;90
The Bells of St. Mary's;nan;Leo McCarey;['Comedy', 'Drama'];English;3.47;126
Love Affair;nan;Leo McCarey;['Romance', 'Drama'];English;3.67;88
Nobody;nan;Ilya Naishuller;['Action', 'Thriller'];English;3.51;91
Save Ralph;nan;Spencer Susser;['Animation', 'Drama'];English;4.1;4
Shiva Baby;nan;Emma Seligman;['Comedy', 'Drama'];English;3.81;78
Sleeping with the Enemy;nan;Joseph Ruben;['Crime', 'Drama', 'Thriller'];English;3.09;99
Godzilla vs. Kong;nan;Adam Wingard;['Science Fiction', 'Adventure', 'Action'];English;2.8;114
Bad Trip;nan;Kitao Sakurai;['Comedy'];English;3.27;87
In the Earth;nan;Ben Wheatley;['Science Fiction', 'Horror', 'Thriller'];English;2.83;107
Green Card;nan;Peter Weir;['Drama', 'Comedy', 'Romance'];English;3.12;108
Memories of Murder;nan;Bong Joon Ho;['Thriller', 'Drama', 'Crime'];Korean;4.42;131
Saw VI;nan;Kevin Greutert;['Thriller', 'Horror'];English;2.89;90
Mother's Day;nan;Charles Kaufman;['Comedy', 'Action', 'Horror'];English;2.75;90
Palmer;nan;Fisher Stevens;['Drama'];English;3.53;110
White Eye;nan;Tomer Shushan;['Drama'];Hebrew (modern);3.68;21
Arlo the Alligator Boy;nan;Ryan Crego;['Comedy', 'Animation', 'Family'];English;3.23;90
Two Distant Strangers;nan;Martin Desmond Roe, Travon Free;['Drama'];English;2.9;32
Thunder Force;nan;Ben Falcone;['Adventure', 'Science Fiction', 'Comedy', 'Action'];English;1.76;107
New Gods: Nezha Reborn;nan;Zhao Ji;['Fantasy', 'Animation', 'Action'];Chinese;3.28;116
Death to 2020;nan;Al Campbell, Alice Mathias;['Comedy'];English;2.72;71
Space Sweepers;nan;Jo Sung-hee;['Fantasy', 'Drama', 'Science Fiction'];Korean;3.27;136
Ride or Die;nan;Ryuichi Hiroki;['Drama', 'Romance', 'Thriller'];Japanese;2.44;142
Pelé;nan;David Tryhorn, Ben Nicholas;['Documentary'];Portuguese;3.38;108
News of the World;nan;Paul Greengrass;['Western', 'Drama', 'Adventure'];English;3.22;118
Crack: Cocaine, Corruption & Conspiracy;nan;Stanley Nelson;['Documentary'];English;3.52;89
The Dig;nan;Simon Stone;['Drama', 'History'];English;3.35;112
Finding ʻOhana;nan;Jude Weng;['Action', 'Comedy', 'Adventure', 'Family'];English;2.73;123
The Big Shave;nan;Martin Scorsese;['Horror'];No spoken language;3.6;6
Lassiter;nan;Roger Young;['Drama', 'Action', 'Crime', 'Thriller'];English;2.98;100
It's Always Fair Weather;nan;Stanley Donen, Gene Kelly;['Romance', 'Comedy', 'Music'];English;3.75;102
Army of the Dead;nan;Zack Snyder;['Horror', 'Drama', 'Adventure', 'Action', 'Thriller', 'Science Fiction', 'Crime', 'War'];English;2.5;148
The Mitchells vs. the Machines;nan;Mike Rianda;['Animation', 'Comedy', 'Adventure'];English;3.86;110
Those Who Wish Me Dead;nan;Taylor Sheridan;['Thriller', 'Action'];English;2.73;100
Spiral: From the Book of Saw;nan;Darren Lynn Bousman;['Horror', 'Mystery'];English;2.06;93
Oxygen;nan;Alexandre Aja;['Horror', 'Thriller', 'Science Fiction'];French;3.14;100
Mortal Kombat;nan;Simon McQuoid;['Adventure', 'Action', 'Fantasy'];English;2.44;110
Police Story 2;nan;Jackie Chan;['Crime', 'Action', 'Thriller'];Cantonese;3.56;105
Wrath of Man;nan;Guy Ritchie;['Action', 'Thriller', 'Crime'];English;3.22;118
Accepted;nan;Steve Pink;['Comedy'];English;2.92;93
Alone;nan;John Hyams;['Horror', 'Thriller'];English;2.97;98
The Burglars;nan;Henri Verneuil;['Crime', 'Action', 'Thriller'];French;3.46;120
The Man from U.N.C.L.E.;nan;Guy Ritchie;['Action', 'Adventure', 'Comedy'];English;3.46;116
The Woman in the Window;nan;Joe Wright;['Thriller', 'Mystery', 'Crime'];English;2.41;102
The Soloist;nan;Joe Wright;['Music', 'Drama'];English;3.1;109
Charles II: The Power and The Passion;nan;Joe Wright;['Drama'];English;3.46;240
Hocus Pocus;nan;Kenny Ortega;['Fantasy', 'Comedy', 'Family'];English;3.48;96
Newsies;nan;Kenny Ortega;['History', 'Family', 'Drama', 'Music'];English;3.43;121
This Is It;nan;Kenny Ortega;['Music', 'Documentary'];English;3.46;111
High School Musical 2;nan;Kenny Ortega;['Music', 'Drama', 'Romance', 'Family', 'TV Movie', 'Comedy'];English;3.27;108
Descendants 3;nan;Kenny Ortega;['Family', 'Adventure', 'TV Movie', 'Fantasy'];English;2.74;106
Mirrors;nan;Alexandre Aja;['Horror', 'Mystery'];English;2.59;111
Mrs. Fletcher;nan;Nicole Holofcener, Liesl Tommy;['Drama', 'Comedy'];English;3.6;210
Berlin Alexanderplatz;nan;Rainer Werner Fassbinder;['Crime', 'Drama'];German;4.23;907
Marvel's The Defenders;nan;S.J. Clarkson, Peter Hoar;['Crime'];English;3.01;398
WandaVision;nan;Matt Shakman;['Mystery', 'Drama'];English;3.77;350
The Falcon and the Winter Soldier;nan;Kari Skogland;['Drama'];English;3.13;330
The Blue Planet;nan;Alastair Fothergill;['Documentary'];English;4.39;389
Show Me a Hero;nan;Paul Haggis;['Drama', 'Crime'];English;3.98;358
This Is England '90;nan;Shane Meadows;['Drama'];English;4.21;225
They Eat Scum;nan;Nick Zedd;['Drama'];English;3.4;73
Loren Cass;nan;Chris Fuller;['Drama', 'Music'];English;nan;83
Dudes;nan;Penelope Spheeris;['Adventure', 'Comedy'];English;3.06;90
Doctor Chance;nan;F.J. Ossang;['Mystery', 'Horror', 'Drama'];French;3.28;100
Ex Drummer;nan;Koen Mortier;['Comedy', 'Thriller', 'Drama', 'Crime'];Dutch;3.6;101
Repo Chick;nan;Alex Cox;['Comedy'];English;2.88;88
Straight to Hell;nan;Alex Cox;['Crime', 'Action', 'Western', 'Comedy'];English;3.12;86
1/2 Man;nan;Gakuryu Ishii;['Music', 'Documentary'];Japanese;3.98;58
Monkey Business;nan;Norman Z. McLeod;['Comedy'];English;3.68;77
Police Story 3: Super Cop;nan;Stanley Tong Gwai-Lai;['Thriller', 'Crime', 'Action'];Cantonese;3.63;96
Desperate Search;nan;Joseph H. Lewis;['Thriller', 'Drama', 'Adventure'];English;nan;73
Prospect;nan;Zeek Earl, Christopher Caldwell;['Science Fiction'];English;3.29;98
The Real Thing;nan;Koji Fukada;['Romance', 'Drama'];Japanese;3.36;232
Mare of Easttown;nan;Craig Zobel;['Drama', 'Mystery', 'Crime'];English;4.21;415
The Sparks Brothers;nan;Edgar Wright;['Documentary', 'Music', 'History', 'Comedy'];English;3.86;140
Kiss Kiss Fingerbang;nan;Gillian Wallace Horvat;['Romance', 'Comedy', 'Crime'];English;3.1;11
Cruella;nan;Craig Gillespie;['Comedy', 'Adventure', 'Crime'];English;3.48;134
Friends: The Reunion;nan;Ben Winston;['Documentary'];English;3.63;104
Accattone;nan;Pier Paolo Pasolini;['Drama'];Italian;3.89;117
Street of Love and Hope;nan;Nagisa Ōshima;['Drama'];Japanese;3.56;62
Amer;nan;Hélène Cattet, Bruno Forzani;['Horror', 'Thriller'];French;3.43;90
Angel;nan;Neil Jordan;['Music', 'Drama'];English;3.35;92
Barking Dogs Never Bite;nan;Bong Joon Ho;['Drama', 'Crime', 'Comedy'];Korean;3.53;110
Bedevilled;nan;Jang Cheol-soo;['Crime', 'Drama', 'Horror', 'Thriller'];Korean;3.64;115
Begotten;nan;E. Elias Merhige;['Fantasy', 'Horror'];No spoken language;2.94;72
Sneakerheadz;nan;David T. Friendly, Mick Partridge;['Documentary'];English;3.21;73
Yohji Yamamoto: Dressmaker;nan;The Chau Ngo;['Documentary'];English;nan;69
Marc Jacobs & Louis Vuitton;nan;Loïc Prigent;['Documentary'];English;3.55;75
The Gospel According to André;nan;Kate Novack;['Documentary'];English;3.54;94
Chanel Chanel;nan;Eila Hershon, Roberto Guerra;['Documentary'];English;nan;61
Luca;nan;Enrico Casarosa;['Adventure', 'Family', 'Fantasy', 'Comedy', 'Animation'];English;3.72;95
In the Heights;nan;Jon M. Chu;['Romance', 'Drama'];English;3.5;143
Censor;nan;Prano Bailey-Bond;['Horror', 'Mystery'];English;3.18;84
9,00 F;nan;Justin Lin;['Crime', 'Adventure', 'Action'];English;2.36;143
The Sandpiper;nan;Vincente Minnelli;['Drama', 'Romance'];English;3.26;117
Major Dundee;nan;Sam Peckinpah;['Western', 'War'];English;3.39;125
Galveston;nan;Mélanie Laurent;['Thriller'];English;3.12;91
The Ice Road;nan;Jonathan Hensleigh;['Thriller', 'Action'];English;2.38;108
Rhinestone;nan;Bob Clark;['Comedy'];English;2.48;111
Picture Mommy Dead;nan;Bert I. Gordon;['Thriller', 'Horror'];English;3.14;82
The Pit;nan;Lew Lehman;['Thriller', 'Comedy', 'Mystery', 'Horror'];English;2.98;97
Over the Top;nan;Menahem Golan;['Action', 'Drama'];English;2.91;93
The Redeemer: Son of Satan!;nan;Constantine S. Gochis;['Horror'];English;2.8;84
Damned in Venice;nan;Ugo Liberatore;['Horror', 'Mystery'];Italian;3.18;95
Hudson Hawk;nan;Michael Lehmann;['Comedy', 'Action', 'Adventure'];English;2.8;100
The Liberation of L.B. Jones;nan;William Wyler;['Drama', 'Crime'];English;3.42;102
Summer of 85;nan;François Ozon;['Romance', 'Drama'];French;3.48;101
Good Morning, Vietnam;nan;Barry Levinson;['Drama', 'War', 'Comedy'];English;3.67;121
The Boy Next Door;nan;Rob Cohen;['Thriller'];English;1.81;91
The Heiress;nan;William Wyler;['Romance', 'History', 'Drama'];English;4.14;115
Wuthering Heights;nan;William Wyler;['Drama', 'Romance'];English;3.63;104
Bo Burnham: Inside;nan;Bo Burnham;['Comedy', 'Drama'];English;4.21;87
Nasty;nan;Prano Bailey-Bond;['Horror'];English;3.36;15
The Virtues;nan;Shane Meadows;['Drama'];English;4.2;187
Without Name;nan;Lorcan Finnegan;['Mystery', 'Drama', 'Horror'];English;2.85;93
The Karnival Kid;nan;Walt Disney, Ub Iwerks;['Comedy', 'Animation'];English;3.26;8
Babylon;nan;Franco Rosso;['Drama'];English;4.01;95
The Others;nan;Renzo Maietto;['Drama'];Italian;nan;99
The Driller Killer;nan;Abel Ferrara;['Horror'];English;3.07;101
Big Jake;nan;George Sherman;['Western'];English;3.33;110
No, the Case Is Happily Resolved;nan;Vittorio Salerno;['Thriller', 'Crime', 'Drama'];Italian;3.37;93
The Lineup;nan;Don Siegel;['Crime', 'Thriller'];English;3.67;87
Zola;nan;Janicza Bravo;['Comedy', 'Crime'];English;3.47;86
The Tomorrow War;nan;Chris McKay;['Adventure', 'Science Fiction', 'Action'];English;2.71;138
Actus;nan;Alain Mazars;nan;Spanish;nan;27
Hellraiser: Inferno;nan;Scott Derrickson;['Mystery', 'Horror', 'Fantasy'];English;2.38;100
House of Tolerance;nan;Bertrand Bonello;['Drama'];French;3.92;126
Seven Brides for Seven Brothers;nan;Stanley Donen;['Comedy', 'Drama', 'Western'];English;3.45;103
La luna;nan;Enrico Casarosa;['Family', 'Animation', 'Fantasy'];English;3.81;7
The Maxx;nan;Gregg Vanzo;['Animation'];English;4.07;143
Partly Cloudy;nan;Peter Sohn;['Animation', 'Comedy', 'Family'];English;3.7;5
Burn Your Maps;nan;Jordan Roberts;['Family', 'Adventure', 'Comedy', 'Drama'];English;3.3;102
Donald Trump's The Art of the Deal: The Movie;nan;Jeremy Konner;['Comedy', 'TV Movie'];English;2.86;50
Before I Wake;nan;Mike Flanagan;['Horror', 'Thriller', 'Drama', 'Fantasy'];English;2.85;97
Shut In;nan;Farren Blackburn;['Drama', 'Thriller'];English;2.17;91
Here We Are: Notes for Living on Planet Earth;nan;Philip Hunt;['Family', 'Animation'];English;3.59;37
We Are Who We Are;nan;Luca Guadagnino;['Drama'];English;4.01;437
The Staggering Girl;nan;Luca Guadagnino;['Drama'];Italian;2.72;37
I Am Love;nan;Luca Guadagnino;['Drama', 'Romance'];Italian;3.76;120
A Bigger Splash;nan;Luca Guadagnino;['Drama', 'Thriller', 'Romance'];English;3.49;125
The Protagonists;nan;Luca Guadagnino;['Crime', 'Drama', 'Thriller'];English;2.64;87
Clifford;nan;Paul Flaherty;['Comedy'];English;3.15;89
Fear Street: 1994;nan;Leigh Janiak;['Horror', 'Mystery'];English;3.11;108
Black Widow;nan;Cate Shortland;['Science Fiction', 'Action', 'Adventure'];English;2.92;134
Where Is Anne Frank;nan;Ari Folman;['History', 'Animation', 'Family', 'Drama'];English;3.24;99
Warning Shot;nan;Buzz Kulik;['Thriller', 'Crime', 'Mystery'];English;3.33;100
No Sudden Move;nan;Steven Soderbergh;['Crime', 'Drama', 'Mystery', 'Thriller'];English;3.31;115
Waiting for Guffman;nan;Christopher Guest;['Music', 'Comedy'];English;3.84;84
Annette;nan;Leos Carax;['Romance', 'Drama'];English;3.38;140
Stillwater;nan;Tom McCarthy;['Crime', 'Drama', 'Thriller'];English;3.26;139
The Worst Person in the World;nan;Joachim Trier;['Drama', 'Romance', 'Comedy'];Norwegian;4.1;128
The Good, the Bart, and the Loki;nan;David Silverman;['Animation', 'Family', 'Comedy'];English;2.45;6
Squid Game;nan;Hwang Dong-hyuk;['Drama', 'Mystery'];Korean;3.74;495
Gigi;nan;Vincente Minnelli;['Romance', 'Comedy'];English;3.04;116
Paris, 13th District;nan;Jacques Audiard;['Drama', 'Romance'];French;3.57;106
Uncharted;nan;Ruben Fleischer;['Action', 'Adventure'];English;2.65;116
Don't Breathe 2;nan;Rodo Sayagues;['Thriller', 'Horror'];English;2.41;98
The Cursed;nan;Sean Ellis;['Horror', 'Thriller', 'Drama'];English;2.81;111
Scream;nan;Tyler Gillett, Matt Bettinelli-Olpin;['Thriller', 'Crime', 'Mystery', 'Horror'];English;3.23;114
Hook, Line and Sinker;nan;George Marshall;['Comedy'];English;3.11;91
Against the Ice;nan;Peter Flinth;['Adventure', 'Drama', 'History'];English;3.04;101
Shadow in the Cloud;nan;Roseanne Liang;['Horror', 'War', 'Action'];English;2.54;83
Kimi;nan;Steven Soderbergh;['Thriller', 'Mystery', 'Crime'];English;3.13;89
West Side Story;nan;Steven Spielberg;['Romance', 'Crime', 'Drama'];English;3.62;156
Free Guy;nan;Shawn Levy;['Adventure', 'Science Fiction', 'Comedy'];English;3.03;115
The Power of the Dog;nan;Jane Campion;['Western', 'Drama'];English;3.67;127
Spider-Man: No Way Home;nan;Jon Watts;['Action', 'Adventure', 'Science Fiction'];English;3.83;148
Don't Look Up;nan;Adam McKay;['Science Fiction', 'Comedy', 'Drama'];English;3.01;138
Encanto;nan;Byron Howard, Jared Bush;['Animation', 'Comedy', 'Family', 'Fantasy'];English;3.51;102
Dune;nan;Denis Villeneuve;['Science Fiction', 'Adventure'];English;3.88;155
Nightmare Alley;nan;Guillermo del Toro;['Drama', 'Crime', 'Thriller'];English;3.44;150
The King's Man;nan;Matthew Vaughn;['Thriller', 'Adventure', 'Action'];English;2.8;131
The Scary of Sixty-First;nan;Dasha Nekrasova;['Horror', 'Thriller', 'Mystery'];English;2.64;81
Offseason;nan;Mickey Keating;['Horror', 'Mystery', 'Drama'];English;2.56;83
House of Gucci;nan;Ridley Scott;['Drama', 'Crime', 'History'];English;2.93;158
Boat People;nan;Ann Hui;['Drama'];Cantonese;3.83;109
The Wild Life;nan;Art Linson;['Drama', 'Comedy'];English;3.04;96
Big Gold Brick;nan;Brian Petsos;['Fantasy', 'Comedy', 'Drama'];English;2.05;132
Euphoria: F*ck Anyone Who’s Not a Sea Blob;nan;Sam Levinson;['Drama'];English;4.2;48
Moonfall;nan;Roland Emmerich;['Science Fiction', 'Adventure', 'Action'];English;1.93;131
The Lost Daughter;nan;Maggie Gyllenhaal;['Drama'];English;3.52;121
Werewolves Within;nan;Josh Ruben;['Horror', 'Comedy'];English;3.04;97
The Medium;nan;Banjong Pisanthanakun;['Horror', 'Thriller'];Thai;3.37;131
Both Sides of the Blade;nan;Claire Denis;['Drama', 'Romance'];French;3.18;117
2046;nan;Wong Kar-wai;['Science Fiction', 'Drama', 'Romance'];Chinese;4.05;128
Charlie Wilson's War;nan;Mike Nichols;['Drama', 'Comedy', 'History'];English;3.23;102
Cyrano;nan;Joe Wright;['Drama', 'Romance'];English;3.2;122
Tales from the Hood;nan;Rusty Cundieff;['Drama', 'Horror', 'Thriller', 'Crime'];English;3.66;98
Mansfield Park;nan;Patricia Rozema;['Drama', 'Romance'];English;3.15;112
Go Go Tales;nan;Abel Ferrara;['Comedy', 'Drama'];English;3.62;101
Two Lottery Tickets;nan;Paul Negoescu;['Comedy', 'Adventure'];Romanian;3.42;86
Cain and Abel;nan;Lino Brocka;['Drama', 'Thriller', 'Action', 'Crime'];Tagalog;3.65;109
Written on the Wind;nan;Douglas Sirk;['Drama', 'Romance'];English;3.89;99
Ham on Rye;nan;Tyler Taormina;['Mystery', 'Drama', 'Fantasy'];English;3.22;85
Crime Wave;nan;André de Toth;['Crime', 'Thriller'];English;3.69;73
Terror in a Texas Town;nan;Joseph H. Lewis;['Western'];English;3.58;81
Short Eyes;nan;Robert M. Young;['Crime', 'Drama'];English;3.69;100
Color Adjustment;nan;Marlon Riggs;['Documentary'];English;3.85;80
Where There's Life;nan;Sidney Lanfield;['Thriller', 'Comedy'];English;nan;75
Fried Barry;nan;Ryan Kruger;['Science Fiction', 'Comedy', 'Horror'];English;2.87;99
Dot the I;nan;Matthew Parkhill;['Drama', 'Romance', 'Comedy', 'Thriller'];English;3.11;92
King of Thieves;nan;James Marsh;['Drama', 'Crime'];English;2.57;108
The Merchant of Venice;nan;Michael Radford;['Romance', 'Drama'];English;3.25;132
Casanova;nan;Lasse Hallström;['Drama', 'Adventure', 'Romance', 'Comedy'];English;3.09;112
Eat Locals;nan;Jason Flemyng;['Comedy', 'Horror', 'Action'];English;2.62;93
Glorious 39;nan;Stephen Poliakoff;['War', 'History', 'Drama', 'Thriller'];English;3.19;129
Celebrating Marvel's Stan Lee;nan;Lily Olszewski;['Fantasy', 'Documentary'];English;3.5;44
Stone of Destiny;nan;Charles Martin Smith;['Drama', 'Comedy', 'Crime'];English;3.21;96
Hello Carter;nan;Anthony Wilcox;['Drama', 'Comedy'];English;3.12;80
Moby Dick;nan;Mike Barker, Mark Barker;['Drama'];English;3.0;184
Heroes and Demons;nan;Skot Bright, Ross Clarke;['Comedy', 'Thriller', 'Drama'];English;nan;93
Listen Up Philip;nan;Alex Ross Perry;['Comedy', 'Drama'];English;3.39;109
Benedetta;nan;Paul Verhoeven;['Romance', 'Drama', 'History'];French;3.44;131
The Story of My Wife;nan;Ildikó Enyedi;['Drama', 'Romance'];Dutch;3.12;170
Bergman Island;nan;Mia Hansen-Løve;['Romance', 'Drama'];English;3.6;113
Drive My Car;nan;Ryūsuke Hamaguchi;['Drama'];Japanese;4.2;179
Ahed's Knee;nan;Nadav Lapid;['Drama'];Hebrew (modern);3.35;109
Casablanca Beats;nan;Nabil Ayouch;['Music', 'Drama'];Arabic;2.93;101
Compartment No. 6;nan;Juho Kuosmanen;['Drama'];Russian;3.79;106
The Divide;nan;Catherine Corsini;['Drama'];French;3.53;98
The Restless;nan;Joachim Lafosse;['Drama'];French;3.45;117
Lingui: The Sacred Bonds;nan;Mahamat-Saleh Haroun;['Drama'];French;3.56;88
Memoria;nan;Apichatpong Weerasethakul;['Science Fiction', 'Drama', 'Mystery'];Spanish;3.77;136
Nitram;nan;Justin Kurzel;['Drama', 'Thriller', 'Crime'];English;3.66;112
France;nan;Bruno Dumont;['Drama', 'Comedy'];French;3.22;133
Petrov's Flu;nan;Kirill Serebrennikov;['Drama', 'Comedy', 'Science Fiction'];Russian;3.66;145
Red Rocket;nan;Sean Baker;['Comedy', 'Drama'];English;3.85;130
Three Floors;nan;Nanni Moretti;['Drama'];Italian;3.13;119
A Hero;nan;Asghar Farhadi;['Drama'];Persian (Farsi);3.79;127
Flag Day;nan;Sean Penn;['Thriller', 'Crime', 'Drama'];English;2.62;108
Everything Went Fine;nan;François Ozon;['Comedy', 'Drama'];French;3.41;113
Titane;nan;Julia Ducournau;['Thriller', 'Horror', 'Science Fiction', 'Drama'];French;3.59;108
Onoda: 10,000 Nights in the Jungle;nan;Arthur Harari;['War', 'Adventure', 'History', 'Drama'];Japanese;3.8;167
The Innocents;nan;Eskil Vogt;['Fantasy', 'Drama', 'Horror'];Norwegian;3.59;117
After Yang;nan;Kogonada;['Science Fiction', 'Drama'];English;3.84;96
Lamb;nan;Valdimar Jóhannsson;['Drama', 'Fantasy', 'Horror'];Icelandic;3.12;106
Prayers for the Stolen;nan;Tatiana Huezo;['Drama'];Spanish;3.89;110
Good Mother;nan;Hafsia Herzi;['Drama'];French;3.53;99
Blue Bayou;nan;Justin Chon;['Drama'];English;3.72;117
Freda;nan;Gessica Généus;['Drama'];French;3.6;89
Libertad;nan;Clara Roquet;['Drama'];Spanish;3.43;109
Monrovia, Indiana;nan;Frederick Wiseman;['Documentary'];English;3.75;143
The Souvenir;nan;Joanna Hogg;['Drama', 'Romance'];English;3.48;119
Our Men;nan;Rachel Lang;['Drama'];French;3.02;106
The Tale of King Crab;nan;Alessio Rigo de Righi, Matteo Zoppis;['Drama'];Italian;3.6;106
Neptune Frost;nan;Anisia Uzeyman, Saul Williams;['Music', 'Science Fiction', 'Drama', 'Fantasy'];Kinyarwanda;3.56;110
Medusa;nan;Anita Rocha da Silveira;['Horror', 'Fantasy'];Portuguese;3.31;128
Hit the Road;nan;Panah Panahi;['Drama', 'Comedy'];Persian (Farsi);3.93;94
Întregalde;nan;Radu Muntean;['Drama', 'Comedy', 'Thriller'];Romanian;3.41;104
Murina;nan;Antoneta Alamat Kusijanović;['Drama'];Croatian;3.64;95
A Night of Knowing Nothing;nan;Payal Kapadia;['Romance', 'Documentary'];Bengali, Bangla;3.94;99
Europa;nan;Haider Rashid;['Thriller', 'Drama'];Arabic;3.26;72
The Tsugua Diaries;nan;Miguel Gomes, Maureen Fazendeiro;['Drama'];Portuguese;3.47;102
The Hill Where Lionesses Roar;nan;Luàna Bajrami;['Drama'];Albanian;3.29;84
Magnetic Beats;nan;Vincent Maël Cardona;['Drama'];French;3.47;95
The Souvenir: Part II;nan;Joanna Hogg;['Drama'];English;3.88;108
The Sea Ahead;nan;Ely Dagher;['Drama'];Arabic;3.31;115
Ripples of Life;nan;Wei Shujun;['Drama'];Chinese;3.45;123
Returning to Reims;nan;Jean-Gabriel Périot;['Documentary', 'History'];French;3.77;84
Futura;nan;Pietro Marcello, Francesco Munzi;['Documentary'];Italian;3.58;105
The Braves;nan;Anaïs Volpé;['Drama'];French;3.75;99
The Employer and the Employee;nan;Manolo Nieto;['Drama'];Spanish;3.37;106
A Brighter Tomorrow;nan;Yassine Qnia;['Drama'];French;nan;86
Clara Sola;nan;Nathalie Álvarez Mesén;['Fantasy', 'Drama'];Spanish;3.66;106
To Chiara;nan;Jonas Carpignano;['Drama'];Italian;3.47;121
Ali & Ava;nan;Clio Barnard;['Romance', 'Drama'];English;3.49;95
Between Two Worlds;nan;Emmanuel Carrère;['Drama'];French;3.47;107
The Gravedigger's Wife;nan;Khadar Ayderus Ahmed;['Drama'];Somali;3.47;82
Olga;nan;Elie Grappe;['Drama'];Ukrainian;3.52;90
Zero Fucks Given;nan;Emmanuel Marre, Julie Lecoustre;['Drama', 'Comedy'];French;3.26;110
Feathers;nan;Omar El Zohairy;['Comedy', 'Drama'];Arabic;3.35;112
jeen-yuhs: A Kanye Trilogy;nan;Chike Ozah, Coodie Simmons;['Documentary', 'Music'];English;4.19;279
Turning Red;nan;Domee Shi;['Family', 'Comedy', 'Fantasy', 'Animation'];English;3.46;100
The Seduction;nan;David Schmoeller;['Thriller'];English;2.8;104
The Adam Project;nan;Shawn Levy;['Science Fiction', 'Adventure'];English;2.93;106
Jujutsu Kaisen 0;nan;Sunghoo Park;['Action', 'Animation', 'Fantasy'];Japanese;3.93;105
Witch Hunt;nan;Elle Callahan;['Fantasy', 'Horror'];English;2.53;92
See No Evil;nan;Gregory Dark;['Thriller', 'Horror'];English;2.22;84
Yung Lean: In My Head;nan;Henrik Burman;['Documentary', 'Music'];Swedish;3.93;96
The Spanish Prisoner;nan;David Mamet;['Drama', 'Thriller', 'Mystery'];English;3.59;110
Being the Ricardos;nan;Aaron Sorkin;['Drama', 'History'];English;2.97;132
Hellaware;nan;Michael M. Bilandic;['Comedy'];English;3.32;73
All My Friends Hate Me;nan;Andrew Gaynord;['Comedy', 'Horror', 'Thriller'];English;3.34;93
After the Wedding;nan;Susanne Bier;['Drama'];Danish;3.75;124
A Soap;nan;Pernille Fischer Christensen;['Drama', 'Comedy'];Danish;3.32;105
A Horrible Woman;nan;Christian Tafdrup;['Drama'];Danish;3.33;86
I'll Come Running;nan;Spencer Parsons;['Drama', 'Romance'];English;nan;112
Parents;nan;Christian Tafdrup;['Drama'];Danish;3.21;86
Daisy Diamond;nan;Simon Staho;['Drama'];Danish;3.44;94
Princess;nan;Anders Morgenthaler;['Drama', 'Action', 'Thriller', 'Animation'];Danish;3.48;82
Speak No Evil;nan;Christian Tafdrup;['Horror', 'Thriller', 'Drama'];Danish;3.36;97
Sum of Histories;nan;Lukas Bossuyt;['Science Fiction', 'Drama', 'Romance'];Dutch;3.33;86
Licorice Pizza;nan;Paul Thomas Anderson;['Romance', 'Comedy', 'Drama'];English;3.57;133
The Lonely Island Presents: The Unauthorized Bash Brothers Experience;nan;Mike Diva, Akiva Schaffer;['Music', 'Comedy'];English;3.47;30
The Dead Don't Die;nan;Jim Jarmusch;['Horror', 'Comedy', 'Fantasy'];English;2.63;104
Wolfen;nan;Michael Wadleigh;['Horror', 'Thriller'];English;3.21;115
Wristcutters: A Love Story;nan;Goran Dukić;['Fantasy', 'Drama', 'Romance', 'Comedy'];English;3.65;88
The Cotton Club;nan;Francis Ford Coppola;['Drama', 'Crime'];English;3.39;129
One from the Heart;nan;Francis Ford Coppola;['Drama', 'Romance'];English;3.57;103
The Imaginarium of Doctor Parnassus;nan;Terry Gilliam;['Fantasy', 'Adventure', 'Mystery'];English;3.21;123
Motherless Brooklyn;nan;Edward Norton;['Drama', 'Thriller'];English;3.2;145
Coffee and Cigarettes;nan;Jim Jarmusch;['Comedy', 'Drama'];English;3.75;97
Down by Law;nan;Jim Jarmusch;['Drama', 'Comedy', 'Crime'];English;4.08;106
Paradise Alley;nan;Sylvester Stallone;['Drama', 'Action'];English;2.95;107
Coffee and Cigarettes III;nan;Jim Jarmusch;['Comedy'];English;3.83;12
Big Time;nan;Chris Blum;['Music', 'Documentary'];English;4.04;87
The Tiger and the Snow;nan;Roberto Benigni;['Comedy', 'Drama', 'Romance'];Italian;3.46;114
Bukowski: Born Into This;nan;John Dullaghan;['Documentary'];English;3.78;115
Keith Richards: Under the Influence;nan;Morgan Neville;['Documentary', 'Music'];English;3.46;82
At Play in the Fields of the Lord;nan;Héctor Babenco;['Romance', 'Drama'];English;3.44;189
A Brief History of John Baldessari;nan;Henry Joost, Ariel Schulman;['Documentary'];English;3.79;6
Candy Mountain;nan;Rudy Wurlitzer, Robert Frank;['Music', 'Drama'];English;3.47;91
Queens Logic;nan;Steve Rash;['Drama', 'Comedy'];English;3.06;114
Poetry in Motion;nan;Ron Mann;['Documentary'];English;3.47;91
Roy Orbison and Friends: A Black and White Night;nan;Tony Mitchell;['Music'];English;3.94;64
Cold Feet;nan;Robert Dornhelm;['Comedy', 'Crime'];English;3.08;94
The Virgin Spring;nan;Ingmar Bergman;['Drama', 'History'];Swedish;4.15;90
Mona Lisa Smile;nan;Mike Newell;['Romance', 'History', 'Drama'];English;3.63;117
Manon of the Spring;nan;Claude Berri;['Drama'];French;4.01;113
The Smiling Madame Beudet;nan;Germaine Dulac;['Drama'];No spoken language;3.46;43
Sour Grapes;nan;Reuben Atlas, Jerry Rothwell;['Documentary'];English;3.48;86
9 Souls;nan;Toshiaki Toyoda;['Comedy', 'Drama', 'Adventure', 'Crime'];Japanese;3.97;120
Where Does Your Hidden Smile Lie?;nan;Pedro Costa;['Documentary'];French;4.06;104
Sour Apples;nan;Yılmaz Erdoğan;['Comedy', 'Drama'];Turkish;3.34;109
Hard Kill;nan;Matt Eskandari;['Action', 'Thriller', 'Adventure'];English;1.52;98
My Mother's Smile;nan;Marco Bellocchio;['Drama'];Italian;3.78;105
The Source;nan;Radu Mihăileanu;['Drama', 'Comedy'];Arabic;3.59;135
Studio 666;nan;BJ McDonnell;['Music', 'Comedy', 'Horror'];English;2.7;106
Made of Honor;nan;Paul Weiland;['Comedy', 'Romance'];English;2.85;101
How It Ends;nan;Zoe Lister-Jones, Daryl Wein;['Comedy', 'Drama'];English;2.85;83
Unforgettable;nan;Denise Di Novi;['Thriller', 'Drama'];English;2.23;100
The Female Brain;nan;Whitney Cummings;['Comedy'];English;2.63;98
Amend: The Fight for America;nan;Kenny Leon, Reinaldo Marcus Green;['Documentary'];English;3.67;nan
The Opposite of Sex;nan;Don Roos;['Comedy', 'Drama'];English;3.14;105
Running with Scissors;nan;Ryan Murphy;['Drama', 'Comedy'];English;3.05;116
Itty Bitty Titty Committee;nan;Jamie Babbit;['Comedy'];English;2.92;87
Spring Breakdown;nan;Ryan Shiraki;['Comedy'];English;2.65;84
What We Do Is Secret;nan;Rodger Grossman;['Drama', 'Music'];English;2.89;92
The Fallout;nan;Megan Park;['Drama'];English;3.5;96
X;nan;Ti West;['Thriller', 'Horror', 'Mystery'];English;3.41;106
YES DAY;nan;Miguel Arteta;['Comedy', 'Family'];English;2.3;86
Insidious: Chapter 2;nan;James Wan;['Horror', 'Thriller'];English;3.02;106
Home Movie: The Princess Bride;nan;Jason Reitman;['Comedy'];English;3.92;60
Wyrm;nan;Christopher Winterbauer;['Romance', 'Science Fiction', 'Comedy'];English;3.39;97
Coffy;nan;Jack Hill;['Crime', 'Thriller', 'Action'];English;3.56;90
The Inheritance or Fuckoffguysgoodday;nan;Věra Chytilová;['Comedy'];Czech;3.59;120
Brighton 4th;nan;Levan Koguashvili;['Comedy', 'Drama'];Georgian;3.5;90
Hot Stuff;nan;Dom DeLuise;['Comedy'];English;3.11;91
The Lost City;nan;Aaron Nee, Adam Nee;['Adventure', 'Action', 'Comedy'];English;2.75;112
Twilight;nan;Catherine Hardwicke;['Romance', 'Drama', 'Fantasy'];English;3.01;122
King Richard;nan;Reinaldo Marcus Green;['History', 'Drama'];English;3.7;144
The Batman;nan;Matt Reeves;['Crime', 'Mystery', 'Thriller'];English;3.99;177
Everything Everywhere All at Once;nan;Daniel Scheinert, Daniel Kwan;['Science Fiction', 'Adventure', 'Comedy', 'Action'];English;4.28;140
Belfast;nan;Kenneth Branagh;['Drama', 'History'];English;3.49;98
Ambulance;nan;Michael Bay;['Thriller', 'Action', 'Drama', 'Crime'];English;2.97;136
CODA;nan;Siân Heder;['Music', 'Romance', 'Drama'];English;3.87;112
Deep Water;nan;Adrian Lyne;['Drama', 'Mystery', 'Thriller'];English;2.3;116
Apollo 10½: A Space Age Childhood;nan;Richard Linklater;['Fantasy', 'Animation', 'Comedy', 'Science Fiction', 'History', 'Drama', 'Family'];English;3.63;97
The Long Walk;nan;Mattie Do;['Horror', 'Drama', 'Science Fiction'];Lao;3.64;116
Windfall;nan;Charlie McDowell;['Crime', 'Drama', 'Thriller'];English;2.79;93
Jackass Forever;nan;Jeff Tremaine;['Action', 'Documentary', 'Comedy'];English;3.56;96
Of Flesh and Blood;nan;Christian Marquand;['Drama'];French;nan;95
Ciao! Manhattan;nan;John Palmer, David Weisman;['Documentary', 'Drama'];English;2.91;84
Twinky;nan;Richard Donner;['Romance', 'Comedy', 'Drama'];English;2.72;98
Philbert (Three's a Crowd);nan;Richard Donner;['Comedy', 'Animation', 'TV Movie'];English;nan;26
X-15;nan;Richard Donner;['Action', 'Drama', 'History'];English;2.95;107
Salt & Pepper;nan;Richard Donner;['Thriller', 'Comedy', 'Crime'];English;3.04;102
Two-Fisted Tales;nan;Tom Holland, Robert Zemeckis;['War', 'Horror', 'TV Movie', 'Western'];English;3.2;88
The Toy;nan;Richard Donner;['Family', 'Comedy'];English;2.72;102
Radio Flyer;nan;Richard Donner;['Drama'];English;3.25;114
Superman II: The Richard Donner Cut;nan;Richard Donner;['Action', 'Science Fiction', 'Adventure'];English;3.59;116
Assassins;nan;Richard Donner;['Thriller', 'Adventure', 'Crime', 'Action'];English;2.9;132
16 Blocks;nan;Richard Donner;['Thriller', 'Action', 'Crime', 'Adventure'];English;3.12;105
Conspiracy Theory;nan;Richard Donner;['Mystery', 'Thriller', 'Drama', 'Action'];English;3.15;135
Making Apes: The Artists Who Changed Film;nan;William Conlin;['Documentary'];English;3.48;86
Life After Flash;nan;Lisa Downs;['Documentary'];English;3.23;94
Look, Up in the Sky! The Amazing Story of Superman;nan;Kevin Burns;['Documentary'];English;3.54;115
Out Cold;nan;Brendan Malloy, Emmett Malloy;['Comedy'];English;2.93;89
Necessary Evil: Super-Villains of DC Comics;nan;Scott Devine, J.M. Kenny;['Crime', 'Action', 'Documentary'];English;3.23;99
Secret Origin: The Story of DC Comics;nan;Mac Carter;['Documentary'];English;3.56;90
Jane LA;nan;Max Landis;nan;English;nan;12
Wrestling Isn't Wrestling;nan;Max Landis;['Comedy', 'Documentary'];English;3.61;24
Me Him Her;nan;Max Landis;['Comedy'];English;2.48;97
The Death and Return of Superman;nan;Max Landis;['Comedy'];English;3.32;17
The Death of Batman;nan;Max Landis;['Science Fiction', 'Action'];English;nan;90
Design for Living;nan;Ernst Lubitsch;['Comedy', 'Romance'];English;3.92;91
Easy Money;nan;James Signorelli;['Comedy'];English;2.99;95
The Bubble;nan;Judd Apatow;['Comedy'];English;1.77;127
Star of David: Beauty Hunting;nan;Norifumi Suzuki;['Thriller', 'Horror'];Japanese;3.33;100
Nude Nuns with Big Guns;nan;Joseph Guzman;['Action', 'Thriller', 'Comedy'];English;2.05;90
Mark of the Devil;nan;Michael Armstrong, Adrian Hoven;['Thriller', 'Horror', 'Drama', 'History'];German;3.18;96
Flavia the Heretic;nan;Gianfranco Mingozzi;['Drama', 'Horror'];English;3.16;102
I, Claudius;nan;Herbert Wise;['Drama'];English;4.29;669
Augustus: The First Emperor;nan;Roger Young;['Drama'];English;nan;nan
Caesar and Cleopatra;nan;Gabriel Pascal;['Comedy', 'Drama', 'History'];English;2.93;138
Cleopatra;nan;Franc Roddam;['Drama'];English;3.16;356
The 300 Spartans;nan;Rudolph Maté;['Adventure', 'War', 'History'];English;3.08;114
Ride with the Devil;nan;Ang Lee;['Western', 'War', 'Romance', 'Drama'];English;3.35;138
Santa Fe Trail;nan;Michael Curtiz;['Western'];English;2.8;110
Custer of the West;nan;Robert Siodmak;['Western'];English;3.19;140
The Four Feathers;nan;Shekhar Kapur;['War', 'Adventure', 'Action', 'Drama', 'Romance'];English;3.15;132
The Four Feathers;nan;Zoltan Korda;['Drama', 'War', 'Adventure', 'History'];English;3.55;129
Khartoum;nan;Basil Dearden, Eliot Elisofon;['War', 'History', 'Adventure'];English;3.25;134
55 Days at Peking;nan;Nicholas Ray, Guy Green;['History', 'Drama', 'War'];English;3.22;154
1911;nan;Zhang Li, Jackie Chan;['Drama', 'Adventure', 'Action', 'History', 'War'];Chinese;2.69;99
Red Cliff;nan;John Woo;['Drama', 'History', 'Action', 'War', 'Adventure'];Chinese;3.71;145
The Warlords;nan;Peter Ho-Sun Chan;['Drama', 'Action', 'History'];Chinese;3.34;126
Assembly;nan;Feng Xiaogang;['Action', 'History'];Chinese;3.55;123
Pork Chop Hill;nan;Lewis Milestone;['War', 'History', 'Drama'];English;3.46;98
71: Into the Fire;nan;John H. Lee;['War'];Korean;3.27;120
Stalingrad;nan;Fyodor Bondarchuk;['War', 'Drama', 'Action'];Russian;2.64;131
Stalingrad;nan;Joseph Vilsmaier;['Drama', 'History', 'War'];German;3.79;134
Panfilov's 28 Men;nan;Kim Druzhinin, Andrey Shalopa;['Action', 'Drama', 'War', 'History'];Russian;3.16;105
1944;nan;Elmo Nüganen;['Drama', 'War'];Estonian;3.41;100
The Forgotten Battle;nan;Matthijs van Heijningen Jr.;['History', 'War', 'Action', 'Adventure', 'Drama'];Dutch;3.32;126
My Honor Was Loyalty;nan;Alessandro Pepe;['Drama', 'War'];German;2.84;116
Generation War;nan;Philipp Kadelbach;['Drama'];German;4.1;275
Europa Europa;nan;Agnieszka Holland;['Drama', 'History', 'War'];German;3.8;112
Queen of Hearts;nan;May el-Toukhy;['Drama'];Danish;3.58;127
Chloe;nan;Atom Egoyan;['Thriller', 'Mystery', 'Drama'];English;2.71;96
Fatal Attraction;nan;Adrian Lyne;['Romance', 'Thriller', 'Drama'];English;3.46;119
Notes on a Scandal;nan;Richard Eyre;['Drama', 'Romance'];English;3.68;92
Picnic;nan;Joshua Logan;['Drama', 'Romance'];English;3.31;114
Cat on a Hot Tin Roof;nan;Richard Brooks;['Drama'];English;3.91;108
East of Eden;nan;Elia Kazan;['Drama'];English;3.89;115
The Return;nan;Andrey Zvyagintsev;['Drama'];Russian;4.16;111
Extremely Loud & Incredibly Close;nan;Stephen Daldry;['Drama'];English;3.1;129
Tetro;nan;Francis Ford Coppola;['Drama'];English;3.53;127
Character;nan;Mike van Diem;['Drama', 'History'];Dutch;3.72;122
Life As A House;nan;Irwin Winkler;['Drama'];English;3.39;125
The Big Country;nan;William Wyler;['Romance', 'Drama', 'Western'];English;4.0;166
An Unfinished Life;nan;Lasse Hallström;['Drama'];English;3.15;108
The Misfits;nan;John Huston;['Western', 'Romance', 'Drama'];English;3.7;124
Terrifier;nan;Damien Leone;['Horror', 'Thriller'];English;2.38;84
Sleepaway Camp II: Unhappy Campers;nan;Michael A. Simpson;['Comedy', 'Horror'];English;2.76;80
Urban Legend;nan;Jamie Blanks;['Horror', 'Mystery'];English;2.82;100
My Bloody Valentine;nan;Patrick Lussier;['Mystery', 'Horror', 'Thriller'];English;2.42;101
Haunt;nan;Scott Beck, Bryan Woods;['Horror', 'Thriller'];English;2.88;93
Valentine;nan;Jamie Blanks;['Thriller', 'Horror'];English;2.63;96
Behind the Mask: The Rise of Leslie Vernon;nan;Scott Glosserman;['Comedy', 'Thriller', 'Horror'];English;3.41;92
Dark Ride;nan;Craig Singer;['Thriller', 'Horror'];English;2.36;94
Hell Night;nan;Tom DeSimone;['Horror', 'Thriller'];English;2.71;101
Piranha 3D;nan;Alexandre Aja;['Comedy', 'Horror'];English;2.33;88
Hostel: Part II;nan;Eli Roth;['Horror'];English;2.72;93
Halloween Kills;nan;David Gordon Green;['Horror', 'Thriller'];English;2.47;105
2001 Maniacs;nan;Tim Sullivan;['Comedy', 'Horror'];English;2.6;87
The Bunnyman Massacre;nan;Carl Lindbergh;['Horror'];English;1.97;90
Venom;nan;Jim Gillespie;['Thriller', 'Horror'];English;2.41;85
Bloody Murder;nan;Ralph E. Portillo;['Thriller', 'Horror'];English;1.98;88
Urban Legends: Final Cut;nan;John Ottman;['Horror', 'Thriller', 'Mystery'];English;2.39;98
Malignant;nan;James Wan;['Mystery', 'Horror'];English;3.06;111
Severance;nan;Christopher Smith;['Thriller', 'Comedy', 'Horror'];English;3.19;96
Carver;nan;Franklin Guerrero Jr.;['Horror'];English;2.74;97
Sorority Row;nan;Stewart Hendler;['Mystery', 'Horror'];English;2.69;101
Adoption;nan;Márta Mészáros;['Drama'];Hungarian;3.79;89
Down with Love;nan;Peyton Reed;['Romance', 'Comedy'];English;3.57;101
Pillow Talk;nan;Michael Gordon;['Comedy', 'Romance'];English;3.62;102
Libeled Lady;nan;Jack Conway;['Romance', 'Comedy'];English;3.76;98
Dinner for Schmucks;nan;Jay Roach;['Comedy'];English;2.63;114
Employee of the Month;nan;Greg Coolidge;['Comedy', 'Romance'];English;2.46;103
Balls of Fury;nan;Robert Ben Garant;['Comedy', 'Crime'];English;2.43;90
Two Weeks Notice;nan;Marc Lawrence;['Romance', 'Comedy'];English;3.04;101
Space Jam: A New Legacy;nan;Malcolm D. Lee;['Animation', 'Adventure', 'Comedy', 'Family', 'Science Fiction'];English;1.85;115
Chicken Little;nan;Mark Dindal;['Animation', 'Comedy', 'Family'];English;2.81;81
The Croods: A New Age;nan;Joel Crawford;['Family', 'Adventure', 'Animation', 'Fantasy', 'Comedy'];English;2.99;95
Jimmy Neutron: Boy Genius;nan;John A. Davis;['Animation', 'Comedy', 'Action', 'Adventure', 'Science Fiction', 'Family'];English;2.94;83
The Angry Birds Movie;nan;Clay Kaytis, Fergal Reilly;['Family', 'Comedy', 'Adventure', 'Animation'];English;2.62;97
Meet the Robinsons;nan;Stephen J. Anderson;['Animation', 'Family', 'Comedy'];English;3.54;95
The Peanuts Movie;nan;Steve Martino;['Family', 'Animation', 'Comedy'];English;3.61;88
Ron's Gone Wrong;nan;Sarah Smith, Jean-Philippe Vine;['Science Fiction', 'Comedy', 'Family', 'Animation'];English;3.31;107
Raya and the Last Dragon;nan;Carlos López Estrada, Don Hall;['Family', 'Action', 'Animation', 'Fantasy', 'Adventure'];English;3.24;107
Doogal;nan;Dave Borthwick, Jean Duval;['Adventure', 'Family', 'Fantasy', 'Animation', 'Comedy'];English;2.16;77
The Wild;nan;Steve Williams;['Animation', 'Family'];English;2.17;82
Peter Rabbit;nan;Will Gluck;['Animation', 'Family', 'Adventure'];English;2.73;93
Fat Albert;nan;Joel Zwick;['Comedy', 'Fantasy', 'Family'];English;2.35;93
Norm of the North;nan;Trevor Wall;['Animation', 'Comedy', 'Family', 'Adventure'];English;1.41;86
The Ant Bully;nan;John A. Davis;['Fantasy', 'Adventure', 'Comedy', 'Family', 'Animation'];English;2.38;89
The Birdcage;nan;Mike Nichols;['Comedy'];English;3.88;119
Wide Open;nan;Gustav Wiklund;['Comedy', 'Drama'];English;2.92;98
Barbarians;nan;Charles Dorfman;['Horror', 'Thriller'];English;2.41;90
Snapshot;nan;Simon Wincer;['Horror', 'Thriller'];English;3.09;92
Children of Shatila;nan;Mai Masri;['History', 'Documentary'];Arabic;4.13;50
The Bishop's Bedroom;nan;Dino Risi;['Comedy', 'Drama', 'Crime'];Italian;3.29;110
City Hunter: .357 Magnum;nan;Kenji Kodama;['Animation', 'Comedy', 'Crime', 'Action'];Japanese;3.39;80
Galaxy Express 999: The Movie;nan;Rintaro;['Animation', 'Science Fiction', 'Adventure'];Japanese;3.75;128
Urusei Yatsura: Beautiful Dreamer;nan;Mamoru Oshii;['Animation', 'Romance', 'Science Fiction', 'Comedy'];Japanese;3.94;95
Macross: Do You Remember Love?;nan;Shoji Kawamori, Noboru Ishiguro;['Action', 'War', 'Science Fiction', 'Animation'];Japanese;3.87;114
Crime Story;nan;Kirk Wong Chi-Keung;['Thriller', 'Drama', 'Crime', 'Action'];Cantonese;3.41;107
Fish Out of Water;nan;Erik Clausen;['Comedy', 'Drama'];Danish;nan;97
So I Married an Axe Murderer;nan;Thomas Schlamme;['Crime', 'Romance', 'Comedy'];English;3.21;93
The Pelican Brief;nan;Alan J. Pakula;['Thriller'];English;3.28;141
Necronomicon;nan;Christophe Gans, Brian Yuzna;['Horror'];English;3.23;96
National Lampoon's Loaded Weapon 1;nan;Gene Quintano;['Comedy', 'Action', 'Crime'];English;3.03;84
Amos & Andrew;nan;E. Max Frye;['Comedy', 'Action'];English;2.75;96
Beethoven's 2nd;nan;Rod Daniel;['Family', 'Comedy'];English;2.57;89
City Hunter;nan;Wong Jing;['Action', 'Romance', 'Comedy', 'Adventure'];Cantonese;3.1;99
We're Back! A Dinosaur's Story;nan;Ralph Zondag, Simon Wells;['Family', 'Science Fiction', 'Animation'];English;2.95;72
Free Willy;nan;Simon Wincer;['Adventure', 'Family', 'Drama'];English;2.96;112
Bounty Tracker;nan;Kurt Anderson;['Action'];English;2.96;86
I Yabba Dabba Do!;nan;William Hanna;['Family', 'Animation', 'TV Movie', 'Comedy'];English;3.2;92
Indecent Proposal;nan;Adrian Lyne;['Drama', 'Romance'];English;2.87;117
To Be The Best;nan;Joseph Merhi;['Action'];English;nan;99
The House of the Spirits;nan;Bille August;['Drama', 'Romance'];English;3.14;140
Private Wars;nan;John Weidner;['Crime', 'Action'];English;3.25;86
Yellow Submarine;nan;George Dunning;['Music', 'Comedy', 'Adventure', 'Animation', 'Fantasy'];English;3.9;89
The Doors;nan;Oliver Stone;['Drama', 'Music', 'History'];English;3.41;140
The Science of Sleep;nan;Michel Gondry;['Comedy', 'Fantasy', 'Drama'];French;3.65;106
DMT: The Spirit Molecule;nan;Mitch Schultz;['Documentary'];English;3.17;75
Missing 55;nan;Yasushi Koshizaka;['Action', 'Thriller'];Japanese;nan;96
We Die Young;nan;Lior Geller;['Action', 'Crime', 'Drama', 'Thriller'];English;2.54;93
Halloween at Aunt Ethel's;nan;Joseph Mazzaferro;['Comedy', 'Horror'];English;2.4;80
The Roost;nan;Ti West;['Horror'];English;2.7;80
The Hunted;nan;J.F. Lawton;['Drama', 'Thriller', 'Action'];English;3.01;110
Bound by Honor;nan;Taylor Hackford;['Crime', 'Action', 'Thriller', 'Drama'];English;3.96;180
Arizona Dream;nan;Emir Kusturica;['Fantasy', 'Drama', 'Romance', 'Comedy'];English;3.59;142
Posse;nan;Mario Van Peebles;['Adventure', 'Western', 'Action'];English;3.0;111
Return of the Living Dead III;nan;Brian Yuzna;['Romance', 'Horror'];English;3.06;97
Stolen Spring;nan;Peter Schrøder;['Drama'];Danish;3.48;90
What's Cooking?;nan;Gurinder Chadha;['Comedy', 'Drama', 'Romance'];English;3.17;110
Guardians;nan;Sarik Andreasyan;['Action', 'Thriller', 'Science Fiction', 'Comedy', 'Fantasy', 'Adventure'];Russian;1.93;100
ma ma;nan;Julio Medem;['Drama'];Spanish;3.1;111
Fidel;nan;Eduardo Casanova;['Comedy', 'Drama'];Spanish;2.74;5
Shaolin vs. Evil Dead 2: Ultimate Power;nan;Douglas Kung Cheung-Tak, Ken Yip Wing-Kin;['Action', 'Horror'];Cantonese;nan;94
Chip 'n Dale: Rescue Rangers;nan;Akiva Schaffer;['Animation', 'Mystery', 'Comedy', 'Adventure', 'Family'];English;3.25;99
The Northman;nan;Robert Eggers;['Fantasy', 'Adventure', 'Action'];English;3.78;137
Dustin;nan;Naïla Guiguet;['Drama'];French;3.47;20
Golden Needles;nan;Robert Clouse;['Action'];English;3.05;92
Men;nan;Alex Garland;['Fantasy', 'Horror', 'Thriller'];English;2.81;100
Tokyo Story;nan;Yasujirō Ozu;['Drama'];Japanese;4.44;137
Buster Keaton Rides Again;nan;John Spotton;['Documentary'];English;3.63;55
Emergency;nan;Carey Williams;['Drama', 'Comedy', 'Thriller'];English;3.42;105
Ghoulies III: Ghoulies Go to College;nan;John Carl Buechler;['Horror', 'Fantasy', 'Comedy'];English;2.5;94
On the Count of Three;nan;Jerrod Carmichael;['Comedy', 'Drama'];English;3.82;86
The Immigrant;nan;Charlie Chaplin;['Romance', 'Comedy'];No spoken language;3.68;24
Senior Year;nan;Alex Hardcastle;['Comedy'];English;2.13;114
Moon Knight;nan;Mohamed Diab, Justin Benson;['Mystery'];English;3.58;282
Morbius;nan;Daniel Espinosa;['Science Fiction', 'Action', 'Fantasy'];English;1.59;105
Firestarter;nan;Keith Thomas;['Horror', 'Science Fiction'];English;1.72;94
In My Skin;nan;Marina de Van;['Drama', 'Horror'];French;3.5;93
Lips of Blood;nan;Jean Rollin;['Mystery', 'Horror'];French;3.25;88
Calvaire;nan;Fabrice Du Welz;['Horror'];French;3.14;88
Starving Generation;nan;Léa Frédeval;['Comedy'];French;2.72;95
Animal Farm;nan;Joy Batchelor, John Halas;['Animation', 'Drama'];English;3.36;72
Charlotte's Web;nan;Gary Winick;['Fantasy', 'Comedy', 'Family'];English;2.84;97
The Crucible;nan;Nicholas Hytner;['History', 'Drama'];English;3.25;124
Fahrenheit 451;nan;François Truffaut;['Science Fiction', 'Drama'];English;3.52;113
The Many Adventures of Winnie the Pooh;nan;John Lounsbery, Wolfgang Reitherman;['Adventure', 'Animation', 'Family'];English;3.75;74
The Lorax;nan;Chris Renaud;['Animation', 'Family'];English;3.24;86
Serial Mom;nan;John Waters;['Crime', 'Comedy'];English;3.8;94
The Enforcer;nan;James Fargo;['Crime', 'Action'];English;3.15;96
Skip Tracer;nan;Zale Dalen;['Crime', 'Drama'];English;3.44;95
The Valet;nan;Richard Wong;['Comedy', 'Romance'];English;3.1;124
Love, Death & Robots: Jibaro;nan;Alberto Mielgo;['Horror', 'Animation', 'Adventure'];English;4.14;17
Twentieth Century;nan;Howard Hawks;['Romance', 'Comedy'];English;3.59;91
Stunt Rock;nan;Brian Trenchard-Smith;['Music', 'Action', 'Drama'];English;3.12;86
Fantastic Beasts: The Secrets of Dumbledore;nan;David Yates;['Fantasy', 'Adventure'];English;2.56;142
The Color of Pomegranates;nan;Sergei Parajanov;['History', 'Drama'];Armenian;4.14;80
Kyiv Frescoes;nan;Sergei Parajanov;['Drama'];No spoken language;3.79;14
Ukrainian Rhapsody;nan;Sergei Parajanov;['War', 'Romance', 'Music', 'Drama'];Ukrainian;3.47;88
The Manhandlers;nan;Lee Madden;['Drama', 'Crime', 'Action'];English;nan;87
The Gray Man;nan;Joe Russo, Anthony Russo;['Thriller', 'Action'];English;2.77;129
Elvis;nan;Baz Luhrmann;['History', 'Drama', 'Music'];English;3.35;159
Doctor Strange in the Multiverse of Madness;nan;Sam Raimi;['Fantasy', 'Adventure', 'Action'];English;2.94;126
Top Gun: Maverick;nan;Joseph Kosinski;['Action', 'Drama'];English;3.97;131
The Black Phone;nan;Scott Derrickson;['Thriller', 'Horror'];English;3.26;103
Ms. Marvel;nan;Adil El Arbi, Bilall Fallah;['Comedy'];English;2.81;289
The Sea Beast;nan;Chris Williams;['Family', 'Fantasy', 'Action', 'Animation', 'Adventure'];English;3.4;115
Last Night in Soho;nan;Edgar Wright;['Mystery', 'Horror'];English;3.42;116
Marcel the Shell with Shoes On;nan;Dean Fleischer Camp;['Animation', 'Drama', 'Comedy', 'Family'];English;4.24;90
Jurassic World Dominion;nan;Colin Trevorrow;['Adventure', 'Action', 'Science Fiction'];English;2.24;147
Fire of Love;nan;Sara Dosa;['Documentary'];English;4.12;93
Out of Order;nan;Carl Schenkel;['Thriller'];German;3.46;90
Avenging Angel;nan;Robert Vincent O'Neil;['Thriller', 'Action', 'Crime'];English;2.72;93
Prey;nan;Dan Trachtenberg;['Science Fiction', 'Action', 'Thriller'];English;3.57;100
Bullet Train;nan;David Leitch;['Thriller', 'Comedy', 'Action'];English;3.57;126
Nope;nan;Jordan Peele;['Mystery', 'Science Fiction', 'Horror', 'Thriller'];English;3.69;130
American Psycho II: All American Girl;nan;Morgan J. Freeman;['Thriller', 'Horror'];English;1.58;88
Orphan: First Kill;nan;William Brent Bell;['Horror', 'Thriller'];English;2.72;99
Minions: The Rise of Gru;nan;Kyle Balda;['Adventure', 'Family', 'Animation', 'Comedy'];English;3.15;87
Purple Hearts;nan;Elizabeth Allen Rosenbaum;['Drama', 'Romance'];English;2.35;122
Lightyear;nan;Angus MacLane;['Science Fiction', 'Adventure', 'Family', 'Animation'];English;2.81;105
Not Okay;nan;Quinn Shephard;['Drama', 'Comedy'];English;2.84;103
Dollman;nan;Albert Pyun;['Science Fiction', 'Action'];English;2.8;82
Glass Onion;nan;Rian Johnson;['Comedy', 'Crime', 'Mystery'];English;3.41;140
Violent Night;nan;Tommy Wirkola;['Thriller', 'Fantasy', 'Comedy', 'Action'];English;3.01;111
Guillermo del Toro's Pinocchio;nan;Mark Gustafson, Guillermo del Toro;['Music', 'Family', 'Adventure', 'Animation', 'Drama', 'Fantasy'];English;3.99;117
The Fabelmans;nan;Steven Spielberg;['Drama'];English;4.0;151
Black Adam;nan;Jaume Collet-Serra;['Science Fiction', 'Adventure', 'Action'];English;2.26;125
See How They Run;nan;Tom George;['Comedy', 'Crime', 'Mystery'];English;3.18;99
Pearl;nan;Ti West;['Horror'];English;3.71;102
The Whale;nan;Darren Aronofsky;['Drama'];English;3.66;117
We're All Going to the World's Fair;nan;Jane Schoenbrun;['Horror', 'Drama'];English;3.08;86
Babylon;nan;Damien Chazelle;['Comedy', 'Drama'];English;3.84;189
Last Holiday;nan;Wayne Wang;['Comedy', 'Drama', 'Adventure'];English;3.54;112
Powaqqatsi;nan;Godfrey Reggio;['Documentary'];English;3.65;99
While You Were Sleeping;nan;Jon Turteltaub;['Comedy', 'Romance'];English;3.55;103
Emily the Criminal;nan;John Patton Ford;['Thriller', 'Crime', 'Drama'];English;3.3;97
Ninja: Shadow of a Tear;nan;Isaac Florentine;['Crime', 'Thriller', 'Action'];English;3.15;95
Slaxx;nan;Elza Kephart;['Comedy', 'Horror'];English;2.76;77
The Eternal Daughter;nan;Joanna Hogg;['Mystery', 'Drama'];English;3.29;96
Love Is News;nan;Tay Garnett;['Romance', 'Comedy'];English;3.44;77
Woooooo! Becoming Ric Flair;nan;Ben Houser;['Documentary'];English;3.4;111
Klaus;nan;Sergio Pablos;['Comedy', 'Adventure', 'Animation', 'Fantasy', 'Family'];English;4.17;96
Bones and All;nan;Luca Guadagnino;['Horror', 'Drama', 'Romance'];English;3.7;130
Cry for Me, Billy;nan;William A. Graham;['Western'];English;3.28;93
The Invitation;nan;Jessica M. Thompson;['Thriller', 'Horror'];English;2.18;105
Spirited;nan;Sean Anders;['Comedy'];English;2.86;127
My Man Godfrey;nan;Gregory La Cava;['Comedy'];English;3.93;95
Thirteen Lives;nan;Ron Howard;['Drama', 'Thriller'];English;3.75;147
The Banshees of Inisherin;nan;Martin McDonagh;['Comedy', 'Drama'];English;4.11;114
Aftersun;nan;Charlotte Wells;['Drama'];English;4.22;101
The Menu;nan;Mark Mylod;['Comedy', 'Thriller', 'Horror'];English;3.53;107
Ticket to Paradise;nan;Ol Parker;['Romance', 'Drama', 'Comedy'];English;2.73;104
The Thing from Another World;nan;Christian Nyby;['Horror', 'Drama', 'Science Fiction'];English;3.39;87
Them!;nan;Gordon Douglas;['Horror', 'Science Fiction'];English;3.48;94
The Deadly Mantis;nan;Nathan Juran;['Science Fiction', 'Horror'];English;2.68;79
It Came from Beneath the Sea;nan;Robert Gordon;['Adventure', 'Horror', 'Science Fiction'];English;2.84;79
Tarantula;nan;Jack Arnold;['Science Fiction', 'Horror'];English;3.13;80
Empire of the Ants;nan;Bert I. Gordon;['Science Fiction', 'Horror'];English;2.53;89
Night of the Lepus;nan;William F. Claxton;['Horror', 'Science Fiction'];English;2.45;88
The Brothers Lionheart;nan;Olle Hellbom;['Family', 'Fantasy', 'Adventure'];Swedish;3.57;102
Sherman's March;nan;Ross McElwee;['Documentary'];English;3.9;158
God's Country;nan;Julian Higgins;['Mystery', 'Drama', 'Western', 'Thriller'];English;3.23;102
M3GAN;nan;Gerard Johnstone;['Horror', 'Science Fiction'];English;2.74;102
TÁR;nan;Todd Field;['Music', 'Drama'];English;3.93;158
Massage Parlor Murders;nan;Alex Stevens, Chester Fox;['Crime', 'Horror', 'Thriller', 'Mystery'];English;2.62;80
Cat Person;nan;Susanna Fogel;['Thriller', 'Comedy'];English;2.67;118
Fancy Dance;nan;Erica Tremblay;['Drama'];English;3.56;91
A Little Prayer;nan;Angus MacLachlan;['Drama'];English;3.4;91
Mon Oncle;nan;Jacques Tati;['Comedy'];French;4.04;118
Plane;nan;Jean-François Richet;['Action', 'Thriller', 'Adventure'];English;2.85;107
Cash Cow;nan;Matt Barats;['Documentary'];English;nan;101
Pianoforte;nan;Jakub Piątek;['Documentary'];Polish;3.6;91
Shadows: The Making Of Nope;nan;nan;['Documentary', 'TV Movie'];English;3.73;55
Azur & Asmar: The Princes' Quest;nan;Michel Ocelot;['Family', 'Animation'];French;4.23;99
Casablanca;nan;Michael Curtiz;['Drama', 'Romance'];English;4.27;102
Hustle;nan;Jeremiah Zagar;['Comedy', 'Drama'];English;3.55;117
Barbarian;nan;Zach Cregger;['Mystery', 'Horror'];English;3.46;103
The Last Duel;nan;Ridley Scott;['History', 'Drama', 'Action'];English;3.73;153
Alita: Battle Angel;nan;Robert Rodriguez;['Adventure', 'Science Fiction', 'Action'];English;3.2;122
DC League of Super-Pets;nan;Jared Stern;['Comedy', 'Family', 'Science Fiction', 'Animation', 'Action'];English;2.88;105
Nightwatch;nan;Ole Bornedal;['Horror', 'Thriller'];Danish;3.39;107
Stargate;nan;Roland Emmerich;['Action', 'Adventure', 'Science Fiction'];English;3.19;121
In China They Eat Dogs;nan;Lasse Spang Olsen;['Action', 'Comedy', 'Crime'];Danish;3.68;91
Strange World;nan;Don Hall;['Fantasy', 'Family', 'Animation', 'Adventure', 'Science Fiction'];English;2.8;102
A Cure for Wellness;nan;Gore Verbinski;['Mystery', 'Science Fiction', 'Horror'];English;3.13;146
The Green Knight;nan;David Lowery;['Adventure', 'Fantasy', 'Drama'];English;3.69;130
All Quiet on the Western Front;nan;Edward Berger;['History', 'Drama', 'War'];German;4.03;147
Ran;nan;Akira Kurosawa;['Drama', 'History', 'Action'];Japanese;4.51;160
M;nan;Fritz Lang;['Thriller', 'Drama', 'Crime'];German;4.31;111
The Passion of Joan of Arc;nan;Carl Theodor Dreyer;['History', 'Drama'];No spoken language;4.43;82
Wings of Desire;nan;Wim Wenders;['Drama', 'Romance', 'Fantasy'];German;4.31;128
Samurai Rebellion;nan;Masaki Kobayashi;['Drama', 'Action', 'History'];Japanese;4.27;121
The Conformist;nan;Bernardo Bertolucci;['Drama'];Italian;4.19;108
Limelight;nan;Charlie Chaplin;['Drama', 'Music', 'Romance'];English;4.11;137
Boys Don't Cry;nan;Kimberly Peirce;['Crime', 'Drama'];English;3.69;118
Jean de Florette;nan;Claude Berri;['Drama'];French;4.02;121
When Marnie Was There;nan;Hiromasa Yonebayashi;['Mystery', 'Family', 'Animation', 'Drama'];Japanese;3.86;103
The Bob's Burgers Movie;nan;Bernard Derriman, Loren Bouchard;['Adventure', 'Comedy', 'Animation'];English;3.54;101
Flesh and Fantasy;nan;Julien Duvivier;['Mystery', 'Romance', 'Horror', 'Thriller'];English;3.38;93
Lady in a Cage;nan;Walter Grauman;['Thriller', 'Mystery', 'Drama', 'Horror'];English;3.39;94
Run Rabbit Run;nan;Daina Reid;['Horror', 'Thriller'];English;2.3;100
Infinity Pool;nan;Brandon Cronenberg;['Science Fiction', 'Horror'];English;3.12;118
Fearless Hyena;nan;Jackie Chan;['Action', 'Comedy'];Cantonese;3.45;97
Stars at Noon;nan;Claire Denis;['Drama', 'Thriller', 'Romance'];English;2.99;138
Knock at the Cabin;nan;M. Night Shyamalan;['Mystery', 'Horror', 'Thriller'];English;2.87;100
Old;nan;M. Night Shyamalan;['Thriller', 'Mystery', 'Horror'];English;2.45;108
Black Panther: Wakanda Forever;nan;Ryan Coogler;['Adventure', 'Science Fiction', 'Action'];English;3.33;162
Flux Gourmet;nan;Peter Strickland;['Horror', 'Drama', 'Comedy'];English;3.28;112
Om Shanti Om;nan;Farah Khan;['Thriller', 'Drama', 'Comedy'];Hindi;3.95;169
Puss in Boots: The Last Wish;nan;Joel Crawford;['Animation', 'Family', 'Fantasy', 'Comedy', 'Adventure'];English;4.14;103
You People;nan;Kenya Barris;['Comedy', 'Romance'];English;2.22;117
Avatar: The Way of Water;nan;James Cameron;['Action', 'Adventure', 'Science Fiction'];English;3.61;192
Triangle of Sadness;nan;Ruben Östlund;['Drama', 'Comedy'];English;3.69;147
Talk to Me;nan;Michael Philippou, Danny Philippou;['Horror'];English;3.51;95
A Thousand and One;nan;A.V. Rockwell;['Drama', 'Crime'];English;3.79;116
Theater Camp;nan;Nick Lieberman, Molly Gordon;['Comedy'];English;3.76;93
You Hurt My Feelings;nan;Nicole Holofcener;['Romance', 'Drama', 'Comedy'];English;3.35;93
Shortcomings;nan;Randall Park;['Comedy', 'Drama', 'Romance'];English;3.22;92
Rye Lane;nan;Raine Allen-Miller;['Comedy', 'Romance'];English;3.89;82
Magazine Dreams;nan;Elijah Bynum;['Drama'];English;3.4;124
Kokomo City;nan;D. Smith;['Documentary'];English;3.87;73
Dungeons & Dragons: Honor Among Thieves;nan;John Francis Daley, Jonathan Goldstein;['Comedy', 'Fantasy', 'Adventure'];English;3.51;134
Without Warning;nan;Greydon Clark;['Science Fiction', 'Horror'];English;2.66;97
Air;nan;Ben Affleck;['Drama', 'History'];English;3.55;111
65;nan;Scott Beck, Bryan Woods;['Action', 'Science Fiction', 'Adventure'];English;2.13;92
Sunshine;nan;Danny Boyle;['Drama', 'Science Fiction', 'Thriller'];English;3.71;107
Bottoms;nan;Emma Seligman;['Comedy'];English;3.8;91
Evil Dead Rise;nan;Lee Cronin;['Horror', 'Thriller'];English;3.15;96
Scream VI;nan;Matt Bettinelli-Olpin, Tyler Gillett;['Crime', 'Horror', 'Thriller'];English;3.37;123
Shazam! Fury of the Gods;nan;David F. Sandberg;['Fantasy', 'Action', 'Comedy'];English;2.36;130
John Wick: Chapter 4;nan;Chad Stahelski;['Action', 'Thriller', 'Crime'];English;3.91;170
Women Talking;nan;Sarah Polley;['Drama'];English;3.79;104
Dragonslayer;nan;Matthew Robbins;['Fantasy', 'Adventure'];English;3.31;108
Flightplan;nan;Robert Schwentke;['Drama', 'Mystery', 'Thriller'];English;3.04;98
Presumed Innocent;nan;Alan J. Pakula;['Mystery', 'Thriller', 'Crime'];English;3.48;127
The Coca-Cola Kid;nan;Dušan Makavejev;['Drama', 'Comedy', 'Romance'];English;3.09;98
Amanda;nan;Mikhaël Hers;['Drama'];French;3.69;107
Prophecy;nan;John Frankenheimer;['Horror', 'Science Fiction'];English;2.94;102
Two for the Money;nan;D.J. Caruso;['Comedy', 'Drama', 'Thriller', 'Crime'];English;2.89;122
1492: Conquest of Paradise;nan;Ridley Scott;['History', 'Drama', 'Action', 'Adventure'];English;2.86;154
The Orphanage;nan;J.A. Bayona;['Drama', 'Thriller', 'Horror'];Spanish;3.64;105
Blue Velvet;nan;David Lynch;['Thriller', 'Crime', 'Drama', 'Mystery'];English;4.09;120
Two Lovers;nan;James Gray;['Drama', 'Romance'];English;3.73;110
Incredibles 2;nan;Brad Bird;['Animation', 'Adventure', 'Family', 'Action'];English;3.43;118
Holy Flame of the Martial World;nan;Tony Lou Chun-Ku;['Comedy', 'Fantasy', 'Action', 'Adventure'];Cantonese;3.83;89
Carlin at Carnegie;nan;Steven J. Santos;['Comedy'];English;3.7;60
Tetris;nan;Jon S. Baird;['Thriller', 'History', 'Drama'];English;3.48;118
The Upsetter: The Life and Music of Lee Scratch Perry;nan;Ethan Higbee, Adam Bhala Lough;['Music', 'Documentary'];English;3.37;95
Magnificent Warriors;nan;David Chung;['Action', 'Drama'];Cantonese;3.54;92
An Officer and a Gentleman;nan;Taylor Hackford;['Drama', 'Romance'];English;3.41;124
Malum;nan;Anthony DiBlasi;['Horror'];English;2.53;92
Sliver;nan;Phillip Noyce;['Drama', 'Thriller'];English;2.46;107
SPL: Kill Zone;nan;Wilson Yip;['Crime', 'Drama', 'Thriller', 'Action'];Cantonese;3.46;93
Cats;nan;David Mallet, Trevor Nunn;['Music'];English;3.56;120
Murder Mystery 2;nan;Jeremy Garelick;['Comedy', 'Crime', 'Mystery'];English;2.5;91
The Super Mario Bros. Movie;nan;Michael Jelenic, Aaron Horvath;['Animation', 'Comedy', 'Family', 'Adventure'];English;3.24;93
Kill or Be Killed;nan;Ivan Hall;['Drama', 'Adventure', 'Action'];English;2.94;90
Pretty Baby: Brooke Shields;nan;Lana Wilson;['Documentary'];English;3.71;136
Peggy Sue Got Married;nan;Francis Ford Coppola;['Comedy', 'Fantasy', 'Drama'];English;3.33;103
Closely Watched Trains;nan;Jiří Menzel;['Comedy', 'War', 'Drama'];Czech;3.93;93
Suzume;nan;Makoto Shinkai;['Animation', 'Fantasy', 'Adventure', 'Drama'];Japanese;3.82;121
BEEF;nan;Hikari, Jake Schreier;['Comedy', 'Drama'];English;4.23;351
Beau Is Afraid;nan;Ari Aster;['Fantasy', 'Comedy', 'Adventure'];English;3.43;179
Renfield;nan;Chris McKay;['Comedy', 'Horror'];English;2.86;93
La Promesse;nan;Jean-Pierre Dardenne, Luc Dardenne;['Drama'];French;3.99;94
Rosetta;nan;Luc Dardenne, Jean-Pierre Dardenne;['Drama'];French;3.93;95
The Child;nan;Luc Dardenne, Jean-Pierre Dardenne;['Drama'];French;3.88;95
The Unknown Girl;nan;Jean-Pierre Dardenne, Luc Dardenne;['Crime', 'Thriller', 'Drama'];French;3.39;106
The Son;nan;Jean-Pierre Dardenne, Luc Dardenne;['Drama'];French;3.97;103
Graduation;nan;Cristian Mungiu;['Drama'];Romanian;3.73;128
Our Hospitality;nan;John G. Blystone, Buster Keaton;['Comedy', 'Romance'];No spoken language;3.89;73
Chilly Scenes of Winter;nan;Joan Micklin Silver;['Romance', 'Comedy', 'Drama'];English;3.81;95
Scenes From the Goldmine;nan;Marc Rocco;['Drama'];English;nan;99
Love and Other Catastrophes;nan;Emma-Kate Croghan;['Comedy', 'Romance'];English;3.43;78
Final Destination 2;nan;David R. Ellis;['Mystery', 'Horror'];English;2.91;90
Batman: The Doom That Came to Gotham;nan;Sam Liu, Christopher Berkeley;['Animation', 'Action', 'Mystery', 'Fantasy'];English;2.9;86
Highlander;nan;Chad Stahelski;['Action', 'Fantasy', 'Adventure'];English;nan;nan
Kung Pow: Enter the Fist;nan;Steve Oedekerk;['Action', 'Comedy'];English;3.27;81
Live Free or Die Hard;nan;Len Wiseman;['Action', 'Thriller'];English;2.92;128
The Matrix Resurrections;nan;Lana Wachowski;['Adventure', 'Science Fiction', 'Action'];English;2.7;147
Day Shift;nan;J.J. Perry;['Fantasy', 'Comedy', 'Thriller', 'Horror', 'Action'];English;2.64;113
Mighty Morphin Power Rangers: Once & Always;nan;Charlie Haskell;['Action', 'Adventure', 'Science Fiction', 'Family'];English;2.62;59
2nd Chance;nan;Ramin Bahrani;['History', 'Documentary'];English;3.35;89
Ghosted;nan;Dexter Fletcher;['Romance', 'Action', 'Comedy'];English;2.14;117
Down the Shore;nan;Harold Guskin;['Romance', 'Drama'];English;3.18;93
Mademoiselle;nan;Tony Richardson;['Drama'];English;3.74;105
Sunshine Barry & the Disco Worms;nan;Thomas Borch Nielsen;['Family', 'Animation', 'Comedy'];Danish;2.81;79
Are You There God? It's Me, Margaret.;nan;Kelly Fremon Craig;['Drama', 'Comedy'];English;3.78;107
A Taste of Hunger;nan;Christoffer Boe;['Romance', 'Drama'];Danish;3.09;104
Vinyl Nation;nan;Kevin Smokler, Christopher Boone;['Documentary', 'Music'];English;3.3;92
13 Hours: The Secret Soldiers of Benghazi;nan;Michael Bay;['Thriller', 'War', 'Drama', 'Action', 'History'];English;3.35;144
Californy 'Er Bust;nan;Jack Kinney;['Comedy', 'Animation', 'Western'];English;3.2;8
Cry of the Hunted;nan;Joseph H. Lewis;['Thriller', 'Crime'];English;3.17;80
If I Had a Million;nan;James Cruze, H. Bruce Humberstone;['Drama', 'Comedy'];English;3.31;88
Miss Congeniality;nan;Donald Petrie;['Crime', 'Comedy', 'Action'];English;3.36;111
The Artifice Girl;nan;Franklin Ritch;['Mystery', 'Thriller', 'Science Fiction'];English;3.51;93
32 Sounds;nan;Sam Green;['Documentary'];English;3.75;95
The Weather Underground;nan;Sam Green, Bill Siegel;['Documentary'];English;3.63;92
Changeland;nan;Seth Green;['Comedy', 'Drama'];English;2.87;86
Weird: The Al Yankovic Story;nan;Eric Appel;['Crime', 'Comedy', 'Music'];English;3.49;108
Godzilla: King of the Monsters;nan;Michael Dougherty;['Science Fiction', 'Action'];English;2.83;132
The Robot Chicken Walking Dead Special: Look Who's Walking;nan;Tom Sheppard;['Animation', 'Comedy'];English;3.49;23
Idle Hands;nan;Rodman Flender;['Comedy', 'Thriller', 'Horror', 'Fantasy'];English;3.2;92
John Mulaney: Baby J;nan;Alex Timbers;['Comedy'];English;3.85;80
The Package;nan;Andrew Davis;['Thriller', 'Action', 'Crime'];English;3.16;108
Love Letter;nan;Seijun Suzuki;['Romance'];Japanese;3.36;40
Kagero-za;nan;Seijun Suzuki;['Drama', 'Mystery', 'Romance'];Japanese;3.77;139
Carmen from Kawachi;nan;Seijun Suzuki;['Romance', 'Drama'];Japanese;3.57;89
Neo Tokyo;nan;Yoshiaki Kawajiri, Katsuhiro Otomo;['Fantasy', 'Adventure', 'Science Fiction', 'Animation'];Japanese;3.72;50
A Tale of Sorrow and Sadness;nan;Seijun Suzuki;['Drama'];Japanese;3.63;93
Satan's Town;nan;Seijun Suzuki;['Crime'];Japanese;nan;79
Skinamarink;nan;Kyle Edward Ball;['Horror'];English;2.85;100
Hollywood Shuffle;nan;Robert Townsend;['Comedy'];English;3.63;81
Carmen;nan;Benjamin Millepied;['Drama'];English;3.03;117
The Maiden;nan;Graham Foy;['Fantasy', 'Drama', 'Mystery'];English;3.6;117
Better Luck Tomorrow;nan;Justin Lin;['Romance', 'Drama', 'Crime'];English;3.59;101
Anyox;nan;Jessica Johnson, Ryan Ermacora;['Documentary'];English;nan;87
Baise-moi;nan;Virginie Despentes, Coralie Trinh Thi;['Thriller', 'Drama', 'Crime'];French;2.67;77
Man Bites Dog;nan;Rémy Belvaux, André Bonzel;['Comedy', 'Crime'];French;3.79;96
Tetsuo: The Iron Man;nan;Shinya Tsukamoto;['Horror', 'Science Fiction'];Japanese;3.87;67
Superstar: The Karen Carpenter Story;nan;Todd Haynes;['Drama', 'Music', 'Animation'];English;4.03;43
Café Flesh;nan;Stephen Sayadian;['Drama', 'Comedy', 'Science Fiction'];English;3.47;74
Freak Orlando;nan;Ulrike Ottinger;['Comedy', 'Fantasy'];German;3.58;126
The Gods Must Be Crazy;nan;Jamie Uys;['Action', 'Comedy'];English;3.41;109
Debbie Does Dallas;nan;Jim Buckley;['Comedy'];English;3.08;80
Emanuelle and the Last Cannibals;nan;Joe D'Amato;['Horror', 'Adventure'];Italian;2.74;93
Welcome Home Brother Charles;nan;Jamaa Fanaka;['Thriller', 'Action', 'Crime'];English;3.24;103
The House with Laughing Windows;nan;Pupi Avati;['Thriller', 'Mystery', 'Horror'];Italian;3.57;110
Deadly Weapons;nan;Doris Wishman;['Crime', 'Drama'];English;2.69;75
Emmanuelle;nan;Just Jaeckin;['Drama', 'Romance'];French;2.55;95
Don't Torture a Duckling;nan;Lucio Fulci;['Horror'];Italian;3.66;105
She Killed in Ecstasy;nan;Jesús Franco;['Horror'];German;3.24;73
Manos: The Hands of Fate;nan;Harold P. Warren;['Horror'];English;1.64;70
Flaming Creatures;nan;Jack Smith;['Comedy', 'Fantasy', 'Horror'];English;3.1;42
Two Thousand Maniacs!;nan;Herschell Gordon Lewis;['Horror'];English;3.07;87
Tell Your Children;nan;Louis J. Gasnier;['Drama'];English;2.07;66
Mascara;nan;Patrick Conrad;['Thriller', 'Mystery', 'Horror'];Dutch;nan;94
Flaming Ears;nan;Ursula Pürrer, A. Hans Scheirl;['Science Fiction', 'Fantasy'];German;3.27;84
Jack Be Nimble;nan;Garth Maxwell;['Horror', 'Thriller'];English;3.09;95
The Strangeness;nan;Melanie Anne Phillips;['Mystery', 'Horror'];English;2.58;93
Night of the Dark Full Moon;nan;Theodore Gershuny;['Horror', 'Mystery', 'Thriller'];English;2.79;85
Dandy Dust;nan;A. Hans Scheirl;['Science Fiction', 'Animation'];English;3.51;94
Grey Knight;nan;George Hickenlooper;['War', 'Drama', 'Horror'];English;2.93;83
Rough Draft;nan;Joshua Wallace;['Horror', 'Drama', 'Thriller'];English;nan;95
Sometimes They Come Back... Again;nan;Adam Grossman;['Horror'];English;2.41;98
Children of the Corn V: Fields of Terror;nan;Ethan Wiley;['Horror', 'Thriller'];English;2.04;83
Deathwatch;nan;M.J. Bassett;['Horror', 'Drama', 'War', 'Thriller'];English;3.0;94
Solomon Kane;nan;M.J. Bassett;['Adventure', 'Action', 'Fantasy'];English;2.79;104
Bad Inclination;nan;Pierfrancesco Campanella;['Crime', 'Horror', 'Thriller'];Italian;nan;95
Bad Blood;nan;Mike Newell;['Thriller', 'Drama'];English;nan;105
Vigil;nan;Vincent Ward;['Drama'];English;3.55;90
What Becomes of the Broken Hearted?;nan;Ian Mune;['Drama'];English;3.18;108
Flying Fox in a Freedom Tree;nan;Martyn Sanderson;['Drama'];English;nan;92
Once Were Warriors;nan;Lee Tamahori;['Drama'];English;3.96;99
River Queen;nan;Vincent Ward;['War', 'Adventure'];English;3.16;114
Runaway;nan;John O'Shea;['Drama', 'Thriller'];English;nan;102
The Frog, the Dog, and the Devil;nan;Bob Stenhouse;['Animation', 'Western'];English;nan;8
Crush;nan;Alison Maclean;['Drama', 'Thriller'];English;3.34;92
Hibiscus & Ruthless;nan;Stallone Vaiaoga-Ioasa;nan;English;nan;97
Mr. Wrong;nan;Gaylene Preston;['Horror', 'Drama'];English;3.23;88
Never Say Die;nan;Geoff Murphy;['Comedy', 'Action'];English;nan;103
Snakeskin;nan;Gillian Ashurst;['Drama', 'Adventure', 'Comedy', 'Fantasy', 'Action', 'Thriller'];English;nan;94
It's Kind of a Funny Story;nan;Anna Boden, Ryan Fleck;['Comedy', 'Drama'];English;3.3;102
Vagabond;nan;Agnès Varda;['Drama'];French;4.1;105
Little Women;nan;Greta Gerwig;['Romance', 'History', 'Drama'];English;4.17;135
Taipei Suicide Story;nan;KEFF;['Drama'];Chinese;3.88;45
Mistress America;nan;Noah Baumbach;['Comedy'];English;3.69;84
tick, tick... BOOM!;nan;Lin-Manuel Miranda;['Drama', 'Music'];English;3.84;115
Cha Cha Real Smooth;nan;Cooper Raiff;['Drama', 'Romance', 'Comedy'];English;3.82;108
Under the Silver Lake;nan;David Robert Mitchell;['Drama', 'Mystery', 'Crime'];English;3.47;139
Plan B;nan;Natalie Morales;['Comedy'];English;3.5;107
Normal People;nan;Lenny Abrahamson, Hettie Macdonald;['Drama'];English;4.41;342
Café de Flore;nan;Jean-Marc Vallée;['Drama', 'Romance'];French;3.72;121
C'mon C'mon;nan;Mike Mills;['Drama'];English;4.13;109
Millennium Mambo;nan;Hou Hsiao-hsien;['Drama', 'Romance'];Chinese;3.85;106
My Blueberry Nights;nan;Wong Kar-wai;['Drama', 'Romance'];English;3.22;95
Wheel of Fortune and Fantasy;nan;Ryūsuke Hamaguchi;['Romance', 'Drama'];Japanese;4.07;121
Eugenie;nan;Jesús Franco;['Drama', 'Horror'];German;3.14;87
The Glenn Miller Story;nan;Anthony Mann;['Drama', 'Music', 'Romance'];English;3.5;116
She-Devils on Wheels;nan;Herschell Gordon Lewis;['Crime', 'Action', 'Thriller'];English;2.78;82
Walk Hard: The Dewey Cox Story;nan;Jake Kasdan;['Comedy', 'Music'];English;3.72;96
Tourist Trap;nan;David Schmoeller;['Horror', 'Fantasy'];English;3.07;90
Set It Off;nan;F. Gary Gray;['Drama', 'Thriller', 'Crime'];English;3.7;123
The Snowman;nan;Tomas Alfredson;['Thriller', 'Mystery', 'Crime', 'Horror'];English;1.86;119
When Love Springs;nan;Jo-Anne Brechin;['Romance', 'TV Movie', 'Comedy'];English;3.06;90
Olivia;nan;Ulli Lommel;['Horror', 'Drama', 'Crime', 'Romance'];English;3.06;80
The Last House on the Left;nan;Wes Craven;['Horror', 'Thriller', 'Crime', 'Drama'];English;2.9;84
The Mother;nan;Niki Caro;['Thriller', 'Action'];English;2.39;115
Chris Claremont's X-Men;nan;Patrick Meaney;['Documentary'];English;3.27;70
My Valentine;nan;Maggie Levin;['TV Movie', 'Horror', 'Thriller'];English;2.36;79
She Makes Comics;nan;Marisa Stotter;['Documentary'];English;3.42;70
House of Demons;nan;Patrick Meaney;['Horror', 'Drama', 'Fantasy', 'Science Fiction', 'Thriller'];English;nan;90
Christmas Harmony;nan;Nanea Miyata;['Music', 'Drama', 'Comedy', 'TV Movie'];English;2.97;85
Aloha with Love;nan;Brian Herzlinger;['Comedy', 'Romance'];English;nan;90
Harry & Meghan: Becoming Royal;nan;Menhaj Huda;['TV Movie', 'Romance'];English;2.74;120
Footloose;nan;Craig Brewer;['Music', 'Drama', 'Romance'];English;2.83;113
Big George Foreman;nan;George Tillman Jr.;['History', 'Drama'];English;3.05;129
Vacation Friends;nan;Clay Tarver;['Comedy'];English;2.76;103
Destroyer;nan;Karyn Kusama;['Crime', 'Thriller', 'Drama', 'Action'];English;3.12;121
Kajillionaire;nan;Miranda July;['Crime', 'Drama', 'Comedy'];English;3.69;105
Hotel Artemis;nan;Drew Pearce;['Drama', 'Science Fiction', 'Thriller', 'Action', 'Crime'];English;2.79;94
Safer at Home;nan;Will Wernick;['Thriller', 'Drama', 'Crime', 'Horror'];English;1.59;82
A Crooked Somebody;nan;Trevor White;['Crime', 'Thriller', 'Drama'];English;3.3;102
Supercon;nan;Zak Knutson;['Comedy'];English;2.74;100
Love & Debt;nan;Valerie Landsburg;['Comedy', 'Drama'];English;nan;98
Magnum Opus;nan;Kevin Elliott;['Thriller', 'Drama'];English;nan;83
Soldiers & Saints;nan;Curran Morris;['Action', 'Drama', 'Adventure', 'Comedy'];English;nan;45
The Black Book;nan;Valeria Sarmiento;['History', 'Romance', 'Drama'];French;3.05;103
Parque Mayer;nan;António-Pedro Vasconcelos;['Drama'];Portuguese;3.42;134
Assassin Club;nan;Camille Delamarre;['Action', 'Thriller', 'Adventure'];English;1.96;113
Road House;nan;Doug Liman;['Thriller', 'Action'];English;2.63;121
Marlowe;nan;Neil Jordan;['Crime'];English;2.38;109
Fast X;nan;Louis Leterrier;['Adventure', 'Crime', 'Action', 'Mystery', 'Thriller'];English;2.47;142
Breaking Social Distancing;nan;Alessandro Serradimigni;['Comedy'];English;nan;3
Flushed;nan;Carrie Ansell;['Comedy'];English;nan;77
The Belko Experiment;nan;Greg McLean;['Thriller', 'Horror'];English;2.84;89
Getting Personal;nan;Ron Burrus;['Drama', 'Comedy', 'Romance'];English;nan;nan
Richard Jewell;nan;Clint Eastwood;['Drama'];English;3.6;131
You Can't Take My Daughter;nan;Tori Garrett;['Drama', 'TV Movie'];English;nan;86
Phone Stack;nan;Cami Delavigne;nan;English;nan;6
Blindsided;nan;Clayton J. Barber;['Comedy', 'Action'];English;nan;13
Stuntwomen: The Untold Hollywood Story;nan;April Wright;['Documentary'];English;3.44;84
The Trials of Cate McCall;nan;Karen Moncrieff;['Drama'];English;2.91;89
Hawkeye;nan;Rhys Thomas, Bertie;['Drama', 'Comedy'];English;3.33;297
Women;nan;Anton Sigurðsson;['Thriller'];English;2.7;90
Return to Horror Hotel;nan;Brandon Thaxton, Ricky Hess;['Horror', 'Comedy', 'Science Fiction'];English;nan;83
Joe Dirt 2: Beautiful Loser;nan;Fred Wolf;['Comedy'];English;1.74;107
Happy Death Day 2U;nan;Christopher Landon;['Comedy', 'Horror', 'Science Fiction'];English;2.73;100
The System;nan;Dallas Jackson;['Action', 'Crime', 'Thriller'];English;2.51;97
Evan's Crime;nan;Sandy Tung;['Drama'];English;nan;95
The Last Heist;nan;Mike Mendez;['Action'];English;2.45;84
Doll Graveyard;nan;Charles Band;['Horror'];English;2.69;71
DevilDolls;nan;Ted Nicolaou, Charles Band;['Horror'];English;nan;90
Foreseen;nan;Jermaine Alexander;['Thriller', 'Mystery', 'Horror'];English;nan;74
Drunk, Driving, and 17;nan;Russ Parr;['Drama', 'TV Movie'];English;nan;85
Love in the Sun;nan;Rich Newey;['Romance', 'TV Movie'];English;2.82;81
The Secrets She Keeps;nan;Damián Romay;['TV Movie', 'Thriller', 'Crime', 'Drama'];English;nan;85
Nobody Will Believe You;nan;Damián Romay;['Drama', 'Thriller', 'TV Movie'];English;nan;123
Talk Black;nan;Destiny Macon;nan;English;nan;13
A Beautiful Belly;nan;Andrew Kenneth Gay;['Drama'];English;nan;94
Fear Street: 1666;nan;Leigh Janiak;['Mystery', 'Horror'];English;3.31;115
The Eyes of Tammy Faye;nan;Michael Showalter;['History', 'Drama'];English;3.3;126
Instant Family;nan;Sean Anders;['Drama', 'Comedy'];English;3.42;118
Let's Be Cops;nan;Luke Greenfield;['Comedy'];English;2.6;104
Geostorm;nan;Dean Devlin;['Science Fiction', 'Thriller', 'Action'];English;2.07;109
Boy Erased;nan;Joel Edgerton;['Drama'];English;3.32;115
Swallowtail Butterfly;nan;Shunji Iwai;['Crime', 'Drama', 'Science Fiction', 'Music'];Japanese;4.03;148
Fireworks, Should We See It from the Side or the Bottom?;nan;Shunji Iwai;['Drama', 'Romance'];Japanese;3.58;49
Good Intentions;nan;Jim Issa;['Comedy'];English;nan;85
The Angry Black Girl and Her Monster;nan;Bomani J. Story;['Horror'];English;2.98;91
Hard Target 2;nan;Roel Reiné;['Action', 'Thriller'];English;2.5;104
No Mercy;nan;Richard Pearce;['Thriller', 'Action', 'Crime'];English;2.78;106
SST: Death Flight;nan;David Lowell Rich;['Drama', 'Action', 'TV Movie', 'Thriller'];English;2.9;89
Author! Author!;nan;Arthur Hiller;['Drama', 'Romance', 'Comedy'];English;3.15;110
Full Contact;nan;Ringo Lam Ling-Tung;['Crime', 'Action', 'Thriller'];Cantonese;3.78;99
Batman: Gotham by Gaslight;nan;Sam Liu;['Science Fiction', 'Action', 'Thriller', 'Animation'];English;3.19;78
Val;nan;Leo Scott, Ting Poo;['Drama', 'Documentary'];English;3.79;109
MacGruber;nan;Jorma Taccone;['Comedy', 'Adventure', 'Action'];English;3.12;90
Planes;nan;Klay Hall;['Adventure', 'Family', 'Animation', 'Comedy'];English;2.14;91
Déjà Vu;nan;Tony Scott;['Science Fiction', 'Action', 'Thriller'];English;3.42;126
Kiss Kiss Bang Bang;nan;Shane Black;['Crime', 'Mystery', 'Comedy', 'Thriller'];English;3.75;103
The Island of Dr. Moreau;nan;John Frankenheimer, Richard Stanley;['Horror', 'Science Fiction'];English;2.27;96
Pollock;nan;Ed Harris;['History', 'Drama'];English;3.42;132
The Saint;nan;Phillip Noyce;['Action', 'Science Fiction', 'Adventure', 'Thriller', 'Romance'];English;2.83;116
Lost Soul: The Doomed Journey of Richard Stanley's Island of Dr. Moreau;nan;David Gregory;['Documentary'];English;3.66;98
Red Planet;nan;Antony Hoffman;['Thriller', 'Action', 'Science Fiction'];English;2.56;106
The Missing;nan;Ron Howard;['Adventure', 'Thriller', 'Western'];English;3.14;135
Spartan;nan;David Mamet;['Mystery', 'Crime', 'Thriller', 'Drama', 'Action'];English;3.39;102
Kill the Irishman;nan;Jonathan Hensleigh;['Thriller', 'Crime', 'Drama', 'Action'];English;3.18;106
Thunderheart;nan;Michael Apted;['Mystery', 'Crime', 'Thriller'];English;3.39;119
The Salton Sea;nan;D.J. Caruso;['Crime', 'Drama', 'Thriller', 'Mystery'];English;3.35;103
Wonderland;nan;James Cox;['Crime', 'Mystery', 'Drama'];English;3.11;104
Kill Me Again;nan;John Dahl;['Drama', 'Thriller', 'Crime', 'Action'];English;3.24;94
At First Sight;nan;Irwin Winkler;['Drama', 'Romance'];English;2.74;128
The Birthday Cake;nan;Jimmy Giannopoulos;['Crime', 'Thriller'];English;2.49;93
The Thaw;nan;Mark A. Lewis;['Horror', 'Science Fiction'];English;2.46;94
The Spoils of Babylon;nan;Matt Piedmont;['Comedy', 'Crime'];English;3.46;138
The Real McCoy;nan;Russell Mulcahy;['Thriller', 'Drama', 'Crime', 'Action'];English;2.65;100
The Super;nan;Stephan Rick;['Thriller', 'Horror'];English;2.16;90
The Fourth Dimension;nan;Harmony Korine, Alexey Fedorchenko;['Drama'];English;3.42;108
The Prince of Egypt: From Dream to Screen;nan;Phil Day;['Documentary'];English;3.64;21
Standing Up;nan;D.J. Caruso;['Drama'];English;3.34;93
Joe the King;nan;Frank Whaley;['Drama', 'Crime'];English;3.36;96
Have Dreams, Will Travel;nan;Brad Isaacs;['Romance', 'Drama'];English;3.42;86
The Making of The Prince of Egypt;nan;nan;['Documentary'];English;3.5;26
George and the Dragon;nan;Tom Reeve;['Adventure'];English;2.88;93
10th & Wolf;nan;Bobby Moresco;['Drama', 'Crime', 'Action', 'Thriller', 'Mystery'];English;3.01;107
Riddle Me This: Why Is Batman Forever?;nan;John Pattyson;['Documentary'];English;3.05;23
Gun;nan;Jessy Terrero;['Action', 'Crime'];English;2.59;81
Hardwired;nan;Ernie Barbarash;['Action', 'Adventure', 'Thriller', 'Science Fiction'];English;2.77;94
Dead Girl;nan;Adam Coleman Howard;['Comedy'];English;nan;104
Blind Horizon;nan;Michael Haussman;['Thriller'];English;2.93;99
Hard Cash;nan;Predrag Antonijević;['Thriller', 'Crime', 'Action', 'Adventure'];English;2.69;98
The Murders in the Rue Morgue;nan;Jeannot Szwarc;['Horror', 'Crime', 'TV Movie', 'Mystery'];English;3.0;100
Bratz;nan;Sean McNamara;['Family', 'Comedy', 'Music'];English;2.72;102
Love, Antosha;nan;Garret Price;['Documentary'];English;4.08;92
Coming Home;nan;Hal Ashby;['Drama', 'War', 'Romance'];English;3.76;127
The Manchurian Candidate;nan;Jonathan Demme;['Mystery', 'Drama', 'Thriller'];English;3.29;129
The Rainmaker;nan;Francis Ford Coppola;['Drama', 'Thriller', 'Crime'];English;3.52;135
Four Christmases;nan;Seth Gordon;['Comedy', 'Drama', 'Romance'];English;2.65;88
Megalopolis;nan;Francis Ford Coppola;['Drama', 'Science Fiction'];English;2.31;138
U Turn;nan;Oliver Stone;['Crime', 'Thriller', 'Drama'];English;3.24;125
Pride and Glory;nan;Gavin O'Connor;['Crime', 'Drama', 'Mystery', 'Thriller'];English;3.08;130
Rosewood;nan;John Singleton;['Thriller', 'Drama', 'History', 'Action'];English;3.62;140
Getaway;nan;Courtney Solomon;['Action', 'Crime'];English;2.02;90
A Decade Under the Influence;nan;Ted Demme, Richard LaGravenese;['Documentary'];English;3.71;110
The Odessa File;nan;Ronald Neame;['Thriller'];English;3.35;130
The Champ;nan;Franco Zeffirelli;['Drama'];English;3.4;121
Hal;nan;Amy Scott;['Documentary'];English;3.63;90
A Constant Forge;nan;Charles Kiselyak;['Documentary'];English;3.63;200
24: Redemption;nan;Jon Cassar;['Adventure', 'Action'];English;3.25;87
Suddenly, Last Summer;nan;Joseph L. Mankiewicz;['Mystery', 'Thriller', 'Drama'];English;3.76;114
Reflections in a Golden Eye;nan;John Huston;['Romance', 'Drama', 'Thriller'];English;3.36;108
Waking Sleeping Beauty;nan;Don Hahn;['Documentary'];English;3.75;86
Little Women;nan;Mervyn LeRoy;['Family', 'Romance', 'Drama'];English;3.52;121
Winter Kills;nan;William Richert;['Thriller', 'Drama', 'Mystery', 'Comedy'];English;3.31;97
BUtterfield 8;nan;Daniel Mann;['Drama'];English;3.05;109
National Velvet;nan;Clarence Brown;['Family', 'Drama'];English;3.51;123
The Mirror Crack'd;nan;Guy Hamilton;['Crime', 'Mystery', 'Thriller'];English;3.03;105
Anne of the Thousand Days;nan;Charles Jarrott;['Drama', 'History', 'Romance'];English;3.58;145
Identikit;nan;Giuseppe Patroni Griffi;['Drama'];Italian;3.53;102
Ivanhoe;nan;Richard Thorpe;['Romance', 'History', 'Adventure'];English;3.27;106
The Taming of the Shrew;nan;Franco Zeffirelli;['Romance', 'Comedy'];English;3.23;117
Boom!;nan;Joseph Losey;['Horror', 'Thriller', 'Drama'];English;3.26;113
Life with Father;nan;Michael Curtiz;['Family', 'Comedy'];English;3.23;118
The Love Goddesses;nan;Saul J. Turell;['Documentary'];English;3.18;87
Lassie Come Home;nan;Fred M. Wilcox;['Drama', 'Family', 'Adventure'];English;3.37;88
Common Threads: Stories from the Quilt;nan;Jeffrey Friedman, Rob Epstein;['History', 'Documentary'];English;4.17;80
Father's Little Dividend;nan;Vincente Minnelli;['Comedy', 'Romance'];English;3.18;82
Raintree County;nan;Edward Dmytryk;['Romance', 'Drama', 'History'];English;2.89;188
Night Watch;nan;Brian G. Hutton;['Horror', 'Thriller', 'Mystery'];English;3.22;99
The Last Time I Saw Paris;nan;Richard Brooks;['Romance', 'Drama'];English;3.01;116
That's Entertainment! III;nan;Bud Friedgen, Michael J. Sheridan;['Music', 'Documentary'];English;3.52;113
A Little Night Music;nan;Hal Prince;['Romance', 'Comedy', 'Music'];English;3.09;124
The Only Game in Town;nan;George Stevens;['Drama', 'Romance', 'Comedy'];English;3.25;113
Zee and Co.;nan;Brian G. Hutton;['Drama'];English;3.24;110
The Comedians;nan;Peter Glenville;['Drama'];English;3.08;152
The Freddie Mercury Tribute Concert;nan;David Mallet;['Music', 'Documentary'];English;4.15;270
That's Entertainment, Part II;nan;Gene Kelly;['Documentary', 'Music'];English;3.49;133
Smash His Camera;nan;Leon Gast;['Documentary'];English;3.36;87
Julia Misbehaves;nan;Jack Conway;['Comedy', 'Romance'];English;3.5;99
Doctor Faustus;nan;Richard Burton, Nevill Coghill;['Horror', 'Mystery', 'Drama'];English;2.92;93
Elephant Walk;nan;William Dieterle;['Adventure', 'Drama', 'Romance'];English;3.15;103
Searching for Debra Winger;nan;Rosanna Arquette;['Documentary'];English;3.44;99
These Old Broads;nan;Matthew Diamond;['TV Movie', 'Comedy'];English;3.22;89
A Date with Judy;nan;Richard Thorpe;['Comedy', 'Romance', 'Music'];English;3.29;113
George Stevens: A Filmmaker's Journey;nan;George Stevens Jr.;['Documentary'];English;3.53;110
The White Cliffs of Dover;nan;Clarence Brown;['War', 'Drama', 'Romance'];English;3.32;126
Cleopatra: The Film That Changed Hollywood;nan;Kevin Burns, Brent Zacky;['Documentary'];English;3.48;119
Genocide;nan;Arnold Schwartzman;['Documentary', 'History', 'War'];English;3.6;84
Beau Brummell;nan;Curtis Bernhardt;['Drama', 'History', 'Romance'];English;3.27;113
Under Milk Wood;nan;Andrew Sinclair;['Comedy', 'Drama'];English;3.18;88
Hammersmith Is Out;nan;Peter Ustinov;['Drama', 'Comedy'];English;nan;108
Courage of Lassie;nan;Fred M. Wilcox;['Family', 'Drama', 'Adventure'];English;3.2;92
Conspirator;nan;Victor Saville;['Drama', 'Thriller'];English;3.13;87
Ash Wednesday;nan;Larry Peerce;['Mystery'];English;3.09;99
Sweet Bird of Youth;nan;Nicolas Roeg;['Drama', 'TV Movie'];English;3.06;95
Scent of Mystery;nan;Jack Cardiff;['Mystery'];English;nan;125
Rhapsody;nan;Charles Vidor;['Music', 'Romance', 'Drama'];English;3.18;115
Love Is Better Than Ever;nan;Stanley Donen;['Romance', 'Comedy'];English;3.12;81
Loving Neverland;nan;nan;['Documentary'];English;nan;315
Hollywood My Home Town;nan;William Martin;['Documentary'];English;3.38;45
Cynthia;nan;Robert Z. Leonard;['Comedy', 'Drama'];English;3.23;99
The Girl Who Had Everything;nan;Richard Thorpe;['Romance', 'Drama'];English;3.04;69
A Star Is Born World Premiere;nan;nan;['Documentary'];English;nan;30
Charles Bronson: The Spirit of Masculinity;nan;Jean Lauritano;['Documentary', 'TV Movie', 'History'];French;3.37;52
United Nation: Three Decades of Drum & Bass;nan;Terry Stone, Richard Turner;['Documentary', 'Music'];English;nan;90
Miss Americana;nan;Lana Wilson;['Music', 'Documentary'];English;4.02;85
Summer of Soul (...Or, When the Revolution Could Not Be Televised);nan;Questlove;['History', 'Music', 'Documentary'];English;4.17;117
Amy;nan;Asif Kapadia;['Documentary', 'Music'];English;4.04;128
Moonage Daydream;nan;Brett Morgen;['Documentary', 'Music'];English;4.03;134
David Byrne's American Utopia;nan;Spike Lee;['Documentary', 'Music'];English;4.25;105
The Velvet Underground;nan;Todd Haynes;['Music', 'Documentary'];English;3.91;121
Cobain: Montage of Heck;nan;Brett Morgen;['Music', 'Documentary'];English;3.94;132
Beastie Boys Story;nan;Spike Jonze;['Documentary', 'Music'];English;3.91;120
One Direction: This Is Us;nan;Morgan Spurlock;['Music', 'Documentary'];English;4.26;107
Woodstock 99: Peace, Love, and Rage;nan;Garret Price;['Documentary', 'Music'];English;3.38;110
Radiohead: In Rainbows - From the Basement;nan;David Barnard;['Documentary', 'Music'];English;4.71;63
George Harrison: Living in the Material World;nan;Martin Scorsese;['Documentary'];English;4.13;208
Nimona;nan;Nick Bruno, Troy Quane;['Drama', 'Fantasy', 'Adventure', 'Animation', 'Family', 'Action', 'Science Fiction'];English;3.95;101
Asteroid City;nan;Wes Anderson;['Comedy', 'Drama'];English;3.49;105
Black Mirror: Joan Is Awful;nan;Ally Pankiw;['TV Movie', 'Drama', 'Thriller', 'Science Fiction'];English;3.14;56
Spider-Man: Into the Spider-Verse;nan;Bob Persichetti, Peter Ramsey;['Adventure', 'Animation', 'Science Fiction', 'Action'];English;4.41;117
Past Lives;nan;Celine Song;['Drama', 'Romance'];English;4.17;106
The Little Mermaid;nan;Rob Marshall;['Family', 'Fantasy', 'Romance', 'Adventure'];English;3.14;135
A.I. Artificial Intelligence;nan;Steven Spielberg;['Drama', 'Science Fiction', 'Adventure'];English;3.63;146
Undertow;nan;William Castle;['Thriller', 'Crime'];English;3.25;71
Decision to Leave;nan;Park Chan-wook;['Mystery', 'Romance', 'Thriller'];Korean;3.97;138
Problemista;nan;Julio Torres;['Comedy'];English;3.87;104
Haunted Mansion;nan;Justin Simien;['Comedy', 'Fantasy', 'Drama', 'Horror'];English;2.64;123
Oppenheimer;nan;Christopher Nolan;['History', 'Drama'];English;4.19;181
Barbie;nan;Greta Gerwig;['Comedy', 'Adventure'];English;3.78;114
Teenage Mutant Ninja Turtles: Mutant Mayhem;nan;Jeff Rowe;['Action', 'Comedy', 'Animation', 'Science Fiction'];English;3.77;100
Sympathy for the Devil;nan;Yuval Adler;['Thriller', 'Action'];English;2.74;90
Hidden Strike;nan;Scott Waugh;['Comedy', 'Thriller', 'Action'];English;2.25;103
Secret Invasion;nan;Ali Selim;['Drama'];English;2.01;272
Humoresque;nan;Jean Negulesco;['Romance', 'Drama'];English;3.69;125
Brother;nan;Clement Virgo;['Drama'];English;3.59;120
Meg 2: The Trench;nan;Ben Wheatley;['Action', 'Horror', 'Science Fiction'];English;2.01;116
Sisu;nan;Jalmari Helander;['Adventure', 'War', 'Action'];Finnish;3.24;91
Good Omens;nan;Douglas Mackinnon;['Comedy', 'Drama'];English;4.21;326
Entrails of a Beautiful Woman;nan;Kazuo Komizu;['Science Fiction', 'Horror'];Japanese;3.02;68
Burning Paradise;nan;Ringo Lam Ling-Tung;['Adventure', 'Fantasy', 'Action'];Cantonese;3.67;104
Insidious: The Red Door;nan;Patrick Wilson;['Horror', 'Thriller'];English;2.42;107
Spider-Man: Across the Spider-Verse;nan;Justin K. Thompson, Kemp Powers;['Animation', 'Adventure', 'Science Fiction', 'Action'];English;4.42;140
They Cloned Tyrone;nan;Juel Taylor;['Comedy', 'Science Fiction', 'Mystery'];English;3.67;122
Mission: Impossible – Dead Reckoning;nan;Christopher McQuarrie;['Action', 'Adventure'];English;3.72;164
Guardians of the Galaxy Vol. 3;nan;James Gunn;['Action', 'Adventure', 'Science Fiction', 'Comedy'];English;3.96;150
Women in Cages;nan;Gerardo de Leon;['Drama', 'Crime', 'Action'];English;2.82;81
White Lightning;nan;Joseph Sargent;['Crime', 'Action', 'Drama'];English;3.3;101
Torn Curtain;nan;Alfred Hitchcock;['Thriller'];English;3.19;127
Topkapi;nan;Jules Dassin;['Adventure', 'Comedy', 'Crime'];English;3.51;119
Tonight We Raid Calais;nan;John Brahm;['War', 'History', 'Drama'];English;nan;80
The Last Boy Scout;nan;Tony Scott;['Action', 'Thriller'];English;3.45;105
The Big Gundown;nan;Sergio Sollima;['Western'];Italian;3.9;111
Doc Hollywood;nan;Michael Caton-Jones;['Comedy', 'Romance'];English;3.08;104
Spaceballs;nan;Mel Brooks;['Comedy', 'Science Fiction'];English;3.43;96
Dark Waters;nan;Todd Haynes;['Thriller', 'Drama'];English;3.79;127
Last Tango in Paris;nan;Bernardo Bertolucci;['Drama', 'Romance'];English;3.24;129
Man from Deep River;nan;Umberto Lenzi;['Adventure', 'Horror'];Italian;2.8;93
Three Giants of the Roman Empire;nan;Bitto Albertini;['Adventure'];Italian;nan;93
Slim Slam Slum;nan;Jorge Ballarin, Marcelino Ballarin;['Comedy', 'Music'];Danish;nan;97
It's Not Me;nan;Leos Carax;['Drama'];French;3.71;42
A Complete Unknown;nan;James Mangold;['Drama', 'Music'];English;3.58;140
Red One;nan;Jake Kasdan;['Action', 'Fantasy', 'Comedy'];English;2.28;124
The Zone of Interest;nan;Jonathan Glazer;['Drama', 'History', 'War'];German;3.86;105
The Killer;nan;David Fincher;['Thriller', 'Crime'];English;3.37;118
Monster;nan;Hirokazu Kore-eda;['Thriller', 'Mystery', 'Drama'];Japanese;4.32;125
May December;nan;Todd Haynes;['Drama'];English;3.66;117
The Holdovers;nan;Alexander Payne;['Comedy', 'Drama'];English;4.24;133
The Last Match;nan;Fabrizio De Angelis;['Action'];English;2.95;95
Bastard!!;nan;Tooru Yoshida, Yasunori Ide;['Drama', 'Comedy', 'Animation'];Japanese;3.36;180
The Quiet Ones;nan;Frederik Louis Hviid;['Action', 'Drama'];Danish;3.23;110
Resin;nan;Daniel Borgman;['Thriller'];Danish;3.22;92
The Promised Land;nan;Nikolaj Arcel;['History', 'Drama', 'Action'];Danish;3.95;127
A Conspiracy of Faith;nan;Hans Petter Moland;['Drama', 'Mystery', 'Thriller', 'Crime'];Danish;3.45;108
Darkland;nan;Fenar Ahmad;['Action', 'Thriller', 'Drama'];Danish;3.17;112
The Exception;nan;Jesper W. Nielsen;['Drama', 'Mystery', 'Thriller'];Danish;3.28;115
Supporting Characters;nan;Daniel Schechter;['Drama', 'Comedy'];English;3.33;87
Life of Crime;nan;Daniel Schechter;['Comedy', 'Crime'];English;2.83;94
After Class;nan;Daniel Schechter;['Comedy'];English;3.2;93
Nosferatu;nan;Robert Eggers;['Fantasy', 'Horror'];English;3.73;133
Brothers;nan;Robert Eggers;['Drama'];English;3.39;11
Focus;nan;John Requa, Glenn Ficarra;['Crime', 'Comedy', 'Romance'];English;3.09;105
Out of the Blue;nan;Dennis Hopper;['Drama'];English;3.99;94
Smile 2;nan;Parker Finn;['Mystery', 'Horror'];English;3.26;127
Perfect Days;nan;Wim Wenders;['Drama'];Japanese;4.29;124
Carry-On;nan;Jaume Collet-Serra;['Action', 'Thriller'];English;2.99;120
Jungle Cruise;nan;Jaume Collet-Serra;['Adventure', 'Fantasy'];English;2.72;127
The Shallows;nan;Jaume Collet-Serra;['Thriller', 'Horror', 'Drama'];English;2.92;86
The Commuter;nan;Jaume Collet-Serra;['Mystery', 'Action', 'Thriller'];English;2.86;104
The Order;nan;Justin Kurzel;['Thriller', 'Crime', 'Drama'];English;3.5;116
Snowtown;nan;Justin Kurzel;['Drama', 'Crime'];English;3.4;120
Wicked;nan;Jon M. Chu;['Romance', 'Drama', 'Fantasy'];English;3.87;162
Ken Jeong: You Complete Me, Ho;nan;Jon M. Chu;['Comedy'];English;2.89;62
Step Up 2: The Streets;nan;Jon M. Chu;['Romance', 'Drama', 'Music'];English;3.02;98
Babygirl;nan;Halina Reijn;['Drama'];English;2.87;115
Bodies Bodies Bodies;nan;Halina Reijn;['Mystery', 'Horror', 'Comedy', 'Thriller'];English;3.29;94
Instinct;nan;Halina Reijn;['Thriller', 'Drama', 'Mystery'];Dutch;3.11;98
Anora;nan;Sean Baker;['Drama', 'Romance', 'Comedy'];English;3.9;139
Prince of Broadway;nan;Sean Baker;['Drama'];English;3.78;102
Take Out;nan;Shih-Ching Tsou, Sean Baker;['Drama'];Chinese;3.8;88
Snowbird;nan;Sean Baker;['Drama'];English;3.37;12
Four Letter Words;nan;Sean Baker;['Drama', 'Comedy'];English;2.8;82
Khaite FW21;nan;Sean Baker;['Crime', 'Drama'];English;3.48;5
Hi-Fi;nan;Sean Baker;['Drama', 'Romance', 'Music'];No spoken language;2.86;6
Sonic the Hedgehog 3;nan;Jeff Fowler;['Comedy', 'Science Fiction', 'Action', 'Adventure', 'Fantasy', 'Family'];English;3.47;110
Gopher Broke;nan;Jeff Fowler;['Animation', 'Comedy'];English;2.96;5
Juror #2;nan;Clint Eastwood;['Drama', 'Crime'];English;3.39;114
Gladiator II;nan;Ridley Scott;['Drama', 'Action', 'Adventure'];English;3.28;148
Wallace & Gromit: Vengeance Most Fowl;nan;Nick Park, Merlin Crossingham;['Adventure', 'Family', 'Comedy', 'Animation'];English;3.85;79
The Substance;nan;Coralie Fargeat;['Horror', 'Science Fiction'];English;3.79;141
Conclave;nan;Edward Berger;['Drama', 'Thriller', 'Mystery'];English;3.91;120
Your Honor;nan;Edward Berger, Clark Johnson;['Drama', 'Crime'];English;3.58;600
Patrick Melrose;nan;Edward Berger;['Drama'];English;4.1;300
Jack;nan;Edward Berger;['Drama'];German;3.53;99
The Ballad of a Small Player;nan;Edward Berger;['Drama'];English;nan;nan
All My Loving;nan;Edward Berger;['Drama'];German;3.27;116
Mom's Gotta Go;nan;Edward Berger;['Comedy', 'Crime', 'TV Movie'];German;3.1;89
Submerged;nan;Edward Berger;nan;English;nan;17
Mufasa: The Lion King;nan;Barry Jenkins;['Family', 'Adventure', 'Animation'];English;2.9;118
The Underground Railroad;nan;Barry Jenkins;['Drama'];English;4.13;585
My Josephine;nan;Barry Jenkins;['Drama'];English;3.33;8
The Gaze;nan;Barry Jenkins;['Drama'];No spoken language;3.61;52
Tall Enough;nan;Barry Jenkins;['Drama'];English;3.27;7
Remigration;nan;Barry Jenkins;['Drama', 'Science Fiction'];English;3.44;20
A Young Couple;nan;Barry Jenkins;['Drama', 'Documentary'];English;3.41;13
Little Brown Boy;nan;Barry Jenkins;['Drama'];English;nan;8
Nightbitch;nan;Marielle Heller;['Comedy', 'Horror'];English;2.79;98
The Diary of a Teenage Girl;nan;Marielle Heller;['Romance', 'Comedy', 'Drama'];English;3.51;103
Your Fault;nan;Domingo González;['Romance', 'Drama'];Spanish;1.71;118
My Fault;nan;Domingo González;['Romance', 'Drama'];Spanish;2.31;117
Zero Effect;nan;Jake Kasdan;['Mystery', 'Drama', 'Comedy', 'Crime'];English;3.48;116
Heretic;nan;Scott Beck, Bryan Woods;['Thriller', 'Horror'];English;3.35;111
Nightlight;nan;Scott Beck, Bryan Woods;['Horror', 'Thriller'];English;2.46;85
Challengers;nan;Luca Guadagnino;['Drama', 'Romance'];English;3.89;132
Melissa P.;nan;Luca Guadagnino;['Drama'];Italian;2.23;100
Suspiria;nan;Luca Guadagnino;['Mystery', 'Drama', 'Horror'];English;3.73;152
Queer;nan;Luca Guadagnino;['Romance', 'Drama'];English;3.38;136
My Old Ass;nan;Megan Park;['Romance', 'Comedy', 'Drama'];English;3.53;89
James Acaster: Cold Lasagne Hate Myself 1999;nan;Daniel Lucchesi;['Comedy'];English;4.41;127
Do Not Expect Too Much from the End of the World;nan;Radu Jude;['Drama', 'Comedy'];Romanian;3.94;164
Aferim!;nan;Radu Jude;['Drama', 'History'];Romanian;3.73;108
Bad Luck Banging or Loony Porn;nan;Radu Jude;['Comedy', 'Drama'];Romanian;3.45;106
I Do Not Care If We Go Down in History as Barbarians;nan;Radu Jude;['Comedy', 'Drama', 'History'];Romanian;3.91;138
The Happiest Girl in the World;nan;Radu Jude;['Drama', 'Comedy'];Romanian;3.58;99
Scarred Hearts;nan;Radu Jude;['Drama'];Romanian;3.74;141
The Potemkinists;nan;Radu Jude;['Comedy'];Romanian;3.25;18
Semiotic Plastic;nan;Radu Jude;['Comedy'];No spoken language;3.28;22
The Tube with a Hat;nan;Radu Jude;['Drama'];Romanian;3.82;25
Uppercase Print;nan;Radu Jude;['Drama', 'History'];Romanian;3.47;128
Eight Postcards from Utopia;nan;Radu Jude, Christian Ferencz-Flatz;['Documentary'];Romanian;3.53;71
Caricaturana;nan;Radu Jude;['Comedy'];Romanian;2.73;9
The Dead Nation;nan;Radu Jude;['Documentary'];Romanian;3.51;83
Shadow of a Cloud;nan;Radu Jude;['Comedy', 'Drama'];Romanian;3.46;30
The Marshal's Two Executions;nan;Radu Jude;['Documentary', 'History'];Romanian;3.46;10
Power and Lovers;nan;Aldo Lado;['Drama', 'Action'];Italian;nan;87
Short Night of Glass Dolls;nan;Aldo Lado;['Thriller', 'Horror', 'Mystery'];Italian;3.44;97
Who Saw Her Die?;nan;Aldo Lado;['Horror', 'Crime', 'Drama', 'Thriller', 'Mystery'];Italian;3.29;94
The Humanoid;nan;Aldo Lado;['Science Fiction', 'Fantasy'];Italian;2.81;100
Circle of Fear;nan;Aldo Lado;['Thriller'];Italian;nan;92
Disobedience;nan;Aldo Lado;['Drama'];Italian;nan;98
Born Winner;nan;Aldo Lado;['Crime'];Italian;nan;97
The Cousin;nan;Aldo Lado;['Drama', 'Comedy'];Italian;nan;90
Sahara Heat;nan;Aldo Lado;['Drama'];Italian;nan;100
Crime in Via Teulada;nan;Aldo Lado;['Mystery', 'Horror', 'Thriller', 'TV Movie'];Italian;nan;63
La cosa buffa;nan;Aldo Lado;['Romance', 'Comedy'];Italian;nan;95
Woman Buried Alive;nan;Aldo Lado;['Drama'];Italian;nan;107
Ritual of Love;nan;Aldo Lado;['Thriller', 'Romance', 'Horror', 'Drama'];Italian;nan;91
Dark Friday;nan;Aldo Lado;['Crime', 'Thriller', 'Horror'];Italian;nan;90
Il prigioniero;nan;Aldo Lado;['TV Movie', 'Drama'];Italian;nan;90
Wolf Man;nan;Leigh Whannell;['Horror', 'Thriller'];English;2.43;102
Upgrade;nan;Leigh Whannell;['Science Fiction', 'Action', 'Thriller'];English;3.65;100
Companion;nan;Drew Hancock;['Thriller', 'Horror', 'Science Fiction'];English;3.45;97
The Girl with the Needle;nan;Magnus von Horn;['Drama', 'History'];Danish;3.87;123
Sweat;nan;Magnus von Horn;['Thriller', 'Drama'];Polish;3.39;107
The Here After;nan;Magnus von Horn;['Drama'];Swedish;3.36;102
Echo;nan;Magnus von Horn;['Drama'];Polish;nan;14
Without Snow;nan;Magnus von Horn;['Drama'];Swedish;nan;35
Radek;nan;Magnus von Horn;['Documentary'];Polish;nan;14
I Think We're Alone Now;nan;Reed Morano;['Science Fiction', 'Drama', 'Mystery'];English;2.92;100
The Memory Police;nan;Reed Morano;['Thriller', 'Mystery'];English;nan;nan
Meadowland;nan;Reed Morano;['Drama'];English;3.16;105
A Real Pain;nan;Jesse Eisenberg;['Comedy', 'Drama'];English;3.74;90
When You Finish Saving the World;nan;Jesse Eisenberg;['Drama', 'Comedy'];English;2.75;88
For the Birds;nan;Halina Reijn;['Music'];No spoken language;nan;3
The Baader Meinhof Complex;nan;Uli Edel;['Action', 'Thriller', 'Crime', 'History', 'Drama'];German;3.61;150
The Little Vampire;nan;Uli Edel;['Adventure', 'Comedy', 'Family', 'Fantasy'];English;3.05;95
Body of Evidence;nan;Uli Edel;['Drama', 'Thriller', 'Romance'];English;2.42;101
King of Texas;nan;Uli Edel;['Western', 'TV Movie', 'Drama'];English;nan;95
Confessions of a Sorority Girl;nan;Uli Edel;['Comedy', 'Drama', 'TV Movie'];English;nan;82
Purgatory;nan;Uli Edel;['Fantasy', 'TV Movie', 'Western'];English;3.25;94
Julius Caesar;nan;Uli Edel;['Drama'];English;3.16;177
Tyson;nan;Uli Edel;['Drama'];English;3.08;110
The Mists of Avalon;nan;Uli Edel;['Drama'];English;3.27;182
Times Change You;nan;Uli Edel;['Music', 'Drama'];German;2.42;94
Ring of the Nibelungs;nan;Uli Edel;['Epic heroes', 'Epic history and literature', 'Fantasy adventure, heroism, and swordplay', 'Captivating vision and Shakespearean drama', 'Historical battles and epic heroism', 'Show All…'];English;2.86;180
Pay the Ghost;nan;Uli Edel;['Horror'];English;2.21;94
Last Exit to Brooklyn;nan;Uli Edel;['Drama'];English;3.42;103
Houdini;nan;Uli Edel;['Drama'];English;3.36;344
Rasputin;nan;Uli Edel;['TV Movie', 'History', 'Drama'];English;3.19;135
Hotel Adlon;nan;Uli Edel;['Drama'];German;3.44;270
Evil Never Dies;nan;Uli Edel;['TV Movie', 'Thriller', 'Horror'];English;nan;205
The Master Butcher;nan;Uli Edel;['TV Movie', 'Drama'];German;nan;176
Unterm Birnbaum;nan;Uli Edel;['Drama', 'TV Movie'];German;nan;89
Simulant;nan;April Mullen;['Thriller', 'Science Fiction'];English;2.26;95
Roujin Z;nan;Hiroyuki Kitakubo;['Animation', 'Science Fiction', 'Drama'];Japanese;3.59;80